商品,订单号,订单状态,商品数量(件),支付时间,商家备注,售后状态,用户实付金额(元),商家实收金额(元)
趣白全自动洗面奶打泡机感应泡沫机绵密泡沫礼品新品懒人洗脸神器,260625-405756997120123,已发货，待收货,1	,2026-06-25 14:39:25,	,无售后或售后取消,168.99	,168.99	
趣白全自动洗面奶打泡机感应泡沫机绵密泡沫礼品新品懒人洗脸神器,260624-230917466403628,已发货，待收货,1	,2026-06-24 22:20:49,	,无售后或售后取消,168.99	,168.99	
趣白全自动洗面奶打泡机感应泡沫机绵密泡沫礼品新品懒人洗脸神器,260624-249540124171728,已发货，待收货,1	,2026-06-24 18:48:37,	,无售后或售后取消,165.99	,168.99	
趣白全自动洗面奶打泡机感应泡沫机绵密泡沫礼品新品懒人洗脸神器,260624-165318499891401,已发货，待收货,1	,2026-06-24 05:38:05,	,无售后或售后取消,168.99	,168.99	
趣白全自动洗面奶打泡机感应泡沫机绵密泡沫礼品新品懒人洗脸神器,260623-188303358322073,已发货，待收货,1	,2026-06-23 21:46:23,	,无售后或售后取消,161.27	,168.99	
趣白全自动洗面奶打泡机感应泡沫机绵密泡沫礼品新品懒人洗脸神器,260623-444019525124088,已收货,1	,2026-06-23 19:35:52,	,无售后或售后取消,168.99	,168.99	
趣白全自动洗面奶打泡机感应泡沫机绵密泡沫礼品新品懒人洗脸神器,260623-638477964832416,已发货，待收货,1	,2026-06-23 18:32:47,	,无售后或售后取消,152.1	,168.99	
趣白全自动洗面奶打泡机感应泡沫机绵密泡沫礼品新品懒人洗脸神器,260623-479136355870916,已发货，待收货,1	,2026-06-24 11:56:11,	,无售后或售后取消,168.99	,168.99	
趣白全自动洗面奶打泡机感应泡沫机绵密泡沫礼品新品懒人洗脸神器,260623-382415716743455,已发货，待收货,1	,2026-06-23 13:03:19,	,无售后或售后取消,168.99	,168.99	
趣白全自动洗面奶打泡机感应泡沫机绵密泡沫礼品新品懒人洗脸神器,260623-542973704533059,已发货，待收货,1	,2026-06-23 10:05:04,	,无售后或售后取消,148.72	,168.99	
趣白全自动洗面奶打泡机感应泡沫机绵密泡沫礼品新品懒人洗脸神器,260623-648040989063455,未发货，退款成功,1	,2026-06-23 10:00:49,	,退款成功,168.99	,168.99	
趣白全自动洗面奶打泡机感应泡沫机绵密泡沫礼品新品懒人洗脸神器,260623-499426343200509,已发货，待收货,1	,2026-06-23 09:27:18,	,无售后或售后取消,152.1	,168.99	
趣白全自动洗面奶打泡机感应泡沫机绵密泡沫礼品新品懒人洗脸神器,260623-176391493200400,已发货，待收货,1	,2026-06-23 02:00:10,	,无售后或售后取消,138.99	,168.99	
趣白全自动洗面奶打泡机感应泡沫机绵密泡沫礼品新品懒人洗脸神器,260623-324513350050734,已发货，待收货,1	,2026-06-23 00:48:23,	,无售后或售后取消,138.99	,168.99	
趣白全自动洗面奶打泡机感应泡沫机绵密泡沫礼品新品懒人洗脸神器,260623-178027251272354,已发货，待收货,1	,2026-06-23 00:38:58,	,无售后或售后取消,138.99	,168.99	
趣白全自动洗面奶打泡机感应泡沫机绵密泡沫礼品新品懒人洗脸神器,260622-672965640541361,已发货，待收货,1	,2026-06-22 23:59:34,	,无售后或售后取消,168.99	,168.99	
趣白全自动洗面奶打泡机感应泡沫机绵密泡沫礼品新品懒人洗脸神器,260622-021149785701590,已发货，待收货,1	,2026-06-22 23:51:36,	,无售后或售后取消,168.99	,168.99	
趣白全自动洗面奶打泡机感应泡沫机绵密泡沫礼品新品懒人洗脸神器,260622-296338143573089,已发货，待收货,1	,2026-06-22 22:10:26,	,无售后或售后取消,168.99	,168.99	
趣白全自动洗面奶打泡机感应泡沫机绵密泡沫礼品新品懒人洗脸神器,260622-236894318140350,已发货，待收货,1	,2026-06-22 20:24:19,	,无售后或售后取消,168.99	,168.99	
趣白全自动洗面奶打泡机感应泡沫机绵密泡沫礼品新品懒人洗脸神器,260622-125378260510916,已取消,1	,	,	,无售后或售后取消,168.99	,168.99	
趣白全自动洗面奶打泡机感应泡沫机绵密泡沫礼品新品懒人洗脸神器,260622-047836055191163,已发货，待收货,1	,2026-06-22 15:16:41,	,无售后或售后取消,160.55	,168.99	
趣白全自动洗面奶打泡机感应泡沫机绵密泡沫礼品新品懒人洗脸神器,260622-639138567760581,已发货，待收货,1	,2026-06-22 01:13:49,	,无售后或售后取消,168.99	,168.99	
趣白全自动洗面奶打泡机感应泡沫机绵密泡沫礼品新品懒人洗脸神器,260621-152127434343916,未发货，退款成功,1	,2026-06-21 21:00:11,	,退款成功,163.28	,168.99	
趣白全自动洗面奶打泡机感应泡沫机绵密泡沫礼品新品懒人洗脸神器,260621-640522677872173,已收货,1	,2026-06-21 18:34:17,	,无售后或售后取消,150.41	,168.99	
趣白全自动洗面奶打泡机感应泡沫机绵密泡沫礼品新品懒人洗脸神器,260621-663675235871068,已发货，待收货,1	,2026-06-21 16:19:48,	,无售后或售后取消,168.99	,168.99	
趣白全自动洗面奶打泡机感应泡沫机绵密泡沫礼品新品懒人洗脸神器,260621-348819299871472,已发货，待收货,1	,2026-06-21 15:45:27,	,无售后或售后取消,168.99	,168.99	
趣白全自动洗面奶打泡机感应泡沫机绵密泡沫礼品新品懒人洗脸神器,260621-349553375552541,已发货，待收货,1	,2026-06-21 12:34:05,	,无售后或售后取消,162.99	,168.99	
趣白全自动洗面奶打泡机感应泡沫机绵密泡沫礼品新品懒人洗脸神器,260621-344499187322910,未发货，退款成功,1	,2026-06-21 09:37:01,	,退款成功,168.99	,168.99	
趣白全自动洗面奶打泡机感应泡沫机绵密泡沫礼品新品懒人洗脸神器,260621-131585882512776,已发货，待收货,1	,2026-06-21 08:55:52,	,无售后或售后取消,168.99	,168.99	
趣白全自动洗面奶打泡机感应泡沫机绵密泡沫礼品新品懒人洗脸神器,260620-542847844662734,已发货，待收货,1	,2026-06-20 22:51:41,	,无售后或售后取消,168.99	,168.99	
趣白全自动洗面奶打泡机感应泡沫机绵密泡沫礼品新品懒人洗脸神器,260620-437738575411208,已发货，待收货,1	,2026-06-20 22:20:38,	,无售后或售后取消,168.99	,168.99	
趣白全自动洗面奶打泡机感应泡沫机绵密泡沫礼品新品懒人洗脸神器,260620-559153190540641,已收货,1	,2026-06-20 21:42:52,	,无售后或售后取消,164.99	,168.99	
趣白全自动洗面奶打泡机感应泡沫机绵密泡沫礼品新品懒人洗脸神器,260620-242860757292154,未发货，退款成功,1	,2026-06-20 21:24:05,	,退款成功,151.99	,168.99	
趣白全自动洗面奶打泡机感应泡沫机绵密泡沫礼品新品懒人洗脸神器,260620-174524997191376,已发货，退款成功,1	,2026-06-20 15:22:26,	,退款成功,168.99	,168.99	
趣白全自动洗面奶打泡机感应泡沫机绵密泡沫礼品新品懒人洗脸神器,260620-083519096391998,已发货，待收货,1	,2026-06-20 14:52:24,	,无售后或售后取消,160.55	,168.99	
趣白全自动洗面奶打泡机感应泡沫机绵密泡沫礼品新品懒人洗脸神器,260620-021600704072428,已发货，待收货,1	,2026-06-20 14:15:05,	,无售后或售后取消,168.88	,168.99	
趣白全自动洗面奶打泡机感应泡沫机绵密泡沫礼品新品懒人洗脸神器,260620-358088753552849,已发货，待收货,1	,2026-06-20 12:48:38,	,无售后或售后取消,168.99	,168.99	
趣白全自动洗面奶打泡机感应泡沫机绵密泡沫礼品新品懒人洗脸神器,260620-175080742523832,已收货,1	,2026-06-20 07:01:04,	,无售后或售后取消,160.55	,168.99	
趣白全自动洗面奶打泡机感应泡沫机绵密泡沫礼品新品懒人洗脸神器,260620-128849068373073,已发货，待收货,1	,2026-06-20 00:43:47,	,无售后或售后取消,168.99	,168.99	
趣白全自动洗面奶打泡机感应泡沫机绵密泡沫礼品新品懒人洗脸神器,260620-253902231131497,已发货，待收货,1	,2026-06-20 00:04:28,	,无售后或售后取消,168.99	,168.99	
趣白全自动洗面奶打泡机感应泡沫机绵密泡沫礼品新品懒人洗脸神器,260619-644517773690137,已发货，退款成功,1	,2026-06-19 18:45:00,(收)[1877214163146]*[1]#,退款成功,168.99	,168.99	
趣白全自动洗面奶打泡机感应泡沫机绵密泡沫礼品新品懒人洗脸神器,260619-639411187252688,已发货，待收货,1	,2026-06-19 17:47:07,	,售后处理中,167.99	,168.99	
趣白全自动洗面奶打泡机感应泡沫机绵密泡沫礼品新品懒人洗脸神器,260619-172616609410079,已发货，待收货,1	,2026-06-19 11:57:39,	,无售后或售后取消,168.99	,168.99	
趣白全自动洗面奶打泡机感应泡沫机绵密泡沫礼品新品懒人洗脸神器,260619-075749179793075,已发货，待收货,1	,2026-06-19 11:16:05,	,无售后或售后取消,143.99	,168.99	
趣白全自动洗面奶打泡机感应泡沫机绵密泡沫礼品新品懒人洗脸神器,260619-207125235233346,已收货,1	,2026-06-19 08:27:04,	,无售后或售后取消,168.99	,168.99	
趣白全自动洗面奶打泡机感应泡沫机绵密泡沫礼品新品懒人洗脸神器,260619-424516021801524,已收货,1	,2026-06-19 08:26:14,	,无售后或售后取消,168.99	,168.99	
趣白全自动洗面奶打泡机感应泡沫机绵密泡沫礼品新品懒人洗脸神器,260618-470223501611445,已发货，退款成功,1	,2026-06-18 20:06:26,(收)[1877214163146]*[1]#,退款成功,165.99	,168.99	
趣白全自动洗面奶打泡机感应泡沫机绵密泡沫礼品新品懒人洗脸神器,260618-352415957400191,已发货，待收货,1	,2026-06-18 19:59:19,换货机身一个，确认是否能充电，换货寄出后再补一条充电线,售后处理中,168.99	,168.99	
趣白全自动洗面奶打泡机感应泡沫机绵密泡沫礼品新品懒人洗脸神器,260618-075266813461346,已发货，待收货,1	,2026-06-18 15:47:00,	,无售后或售后取消,168.99	,168.99	
趣白全自动洗面奶打泡机感应泡沫机绵密泡沫礼品新品懒人洗脸神器,260618-222402997844094,已发货，待收货,1	,2026-06-18 14:53:36,	,无售后或售后取消,168.99	,168.99	
趣白全自动洗面奶打泡机感应泡沫机绵密泡沫礼品新品懒人洗脸神器,260618-663979302450923,已发货，待收货,2	,2026-06-18 12:24:17,	,无售后或售后取消,326.79	,334.61	
趣白全自动洗面奶打泡机感应泡沫机绵密泡沫礼品新品懒人洗脸神器,260618-517000456603398,已发货，待收货,1	,2026-06-18 10:55:39,	,无售后或售后取消,162.99	,168.99	
趣白全自动洗面奶打泡机感应泡沫机绵密泡沫礼品新品懒人洗脸神器,260618-206045233541971,已发货，待收货,1	,2026-06-18 10:41:40,	,无售后或售后取消,168.99	,168.99	
趣白全自动洗面奶打泡机感应泡沫机绵密泡沫礼品新品懒人洗脸神器,260618-611298854421648,已收货,1	,2026-06-18 00:12:22,	,无售后或售后取消,168.99	,168.99	
趣白全自动洗面奶打泡机感应泡沫机绵密泡沫礼品新品懒人洗脸神器,260617-014963187352887,已发货，待收货,1	,2026-06-17 22:40:16,	,无售后或售后取消,168.99	,168.99	
趣白全自动洗面奶打泡机感应泡沫机绵密泡沫礼品新品懒人洗脸神器,260617-541547568763113,已发货，退款成功,1	,2026-06-17 09:47:11,(收)[QBPH004]*[1]#,退款成功,168.99	,168.99	
趣白全自动洗面奶打泡机感应泡沫机绵密泡沫礼品新品懒人洗脸神器,260617-423352134042683,已发货，待收货,1	,2026-06-17 06:55:53,	,无售后或售后取消,168.99	,168.99	
趣白全自动洗面奶打泡机感应泡沫机绵密泡沫礼品新品懒人洗脸神器,260616-582777607723435,已取消,1	,	,	,无售后或售后取消,160.55	,168.99	
趣白全自动洗面奶打泡机感应泡沫机绵密泡沫礼品新品懒人洗脸神器,260616-545825779241443,已收货,1	,2026-06-16 14:08:20,	,无售后或售后取消,168.99	,168.99	
趣白全自动洗面奶打泡机感应泡沫机绵密泡沫礼品新品懒人洗脸神器,260616-653074132492670,已发货，待收货,1	,2026-06-16 11:26:07,	,无售后或售后取消,168.99	,168.99	
趣白全自动洗面奶打泡机感应泡沫机绵密泡沫礼品新品懒人洗脸神器,260616-423928850740503,已发货，待收货,1	,2026-06-16 03:11:34,	,无售后或售后取消,168.99	,168.99	
趣白全自动洗面奶打泡机感应泡沫机绵密泡沫礼品新品懒人洗脸神器,260615-673877911871006,已发货，退款成功,1	,2026-06-15 22:55:23,(收)[QBPH004]*[1]#,退款成功,153.99	,168.99	
趣白全自动洗面奶打泡机感应泡沫机绵密泡沫礼品新品懒人洗脸神器,260615-422051910010137,已发货，退款成功,1	,2026-06-15 22:44:08,(收)[QBPH004]*[1]#,退款成功,165.99	,168.99	
趣白全自动洗面奶打泡机感应泡沫机绵密泡沫礼品新品懒人洗脸神器,260615-130495290930923,已收货,1	,2026-06-15 15:10:55,	,无售后或售后取消,162.99	,168.99	
趣白全自动洗面奶打泡机感应泡沫机绵密泡沫礼品新品懒人洗脸神器,260615-499342384691720,未发货，退款成功,1	,2026-06-15 03:57:29,	,退款成功,156.91	,168.99	
趣白全自动洗面奶打泡机感应泡沫机绵密泡沫礼品新品懒人洗脸神器,260614-597352783371611,已发货，待收货,1	,2026-06-14 18:45:41,	,无售后或售后取消,168.99	,168.99	
趣白全自动洗面奶打泡机感应泡沫机绵密泡沫礼品新品懒人洗脸神器,260614-438986360413416,已取消,1	,	,	,无售后或售后取消,168.99	,168.99	
趣白全自动洗面奶打泡机感应泡沫机绵密泡沫礼品新品懒人洗脸神器,260614-680882389303200,已发货，待收货,1	,2026-06-14 01:55:16,	,无售后或售后取消,168.99	,168.99	
趣白全自动洗面奶打泡机感应泡沫机绵密泡沫礼品新品懒人洗脸神器,260614-221941603852414,已发货，待收货,1	,2026-06-14 01:00:49,	,无售后或售后取消,168.99	,168.99	
趣白全自动洗面奶打泡机感应泡沫机绵密泡沫礼品新品懒人洗脸神器,260613-446232040990767,已收货,1	,2026-06-13 18:46:53,	,无售后或售后取消,168.99	,168.99	
趣白全自动洗面奶打泡机感应泡沫机绵密泡沫礼品新品懒人洗脸神器,260613-383212644643398,未发货，退款成功,1	,2026-06-13 13:00:30,	,退款成功,168.99	,168.99	
趣白全自动洗面奶打泡机感应泡沫机绵密泡沫礼品新品懒人洗脸神器,260612-520953546333538,已收货,1	,2026-06-12 18:03:50,	,无售后或售后取消,168.99	,168.99	
趣白全自动洗面奶打泡机感应泡沫机绵密泡沫礼品新品懒人洗脸神器,260612-255810629160666,未发货，退款成功,1	,2026-06-12 05:12:25,	,退款成功,160.55	,168.99	
趣白全自动洗面奶打泡机感应泡沫机绵密泡沫礼品新品懒人洗脸神器,260612-380979177831285,已收货,1	,2026-06-12 01:33:07,	,无售后或售后取消,168.99	,168.99	
趣白全自动洗面奶打泡机感应泡沫机绵密泡沫礼品新品懒人洗脸神器,260611-227929003661255,已发货，待收货,1	,2026-06-11 22:24:17,	,无售后或售后取消,168.99	,168.99	
趣白全自动洗面奶打泡机感应泡沫机绵密泡沫礼品新品懒人洗脸神器,260611-256576131451056,已收货,1	,2026-06-11 17:46:31,	,无售后或售后取消,168.99	,168.99	
趣白全自动洗面奶打泡机感应泡沫机绵密泡沫礼品新品懒人洗脸神器,260611-237282343302832,已收货,1	,2026-06-11 17:31:55,	,无售后或售后取消,168.99	,168.99	
趣白全自动洗面奶打泡机感应泡沫机绵密泡沫礼品新品懒人洗脸神器,260611-356704601723282,已收货,1	,2026-06-11 11:14:48,	,无售后或售后取消,168.99	,168.99	
趣白全自动洗面奶打泡机感应泡沫机绵密泡沫礼品新品懒人洗脸神器,260611-574284163503825,未发货，退款成功,1	,2026-06-11 00:11:17,	,退款成功,155.43	,168.99	
趣白全自动洗面奶打泡机感应泡沫机绵密泡沫礼品新品懒人洗脸神器,260610-408630126923971,已收货,1	,2026-06-10 20:14:56,	,无售后或售后取消,140.99	,168.99	
趣白全自动洗面奶打泡机感应泡沫机绵密泡沫礼品新品懒人洗脸神器,260610-584224684363971,已取消,1	,	,	,无售后或售后取消,140.99	,168.99	
趣白全自动洗面奶打泡机感应泡沫机绵密泡沫礼品新品懒人洗脸神器,260610-307526449563920,已发货，待收货,1	,2026-06-10 14:37:30,	,无售后或售后取消,168.99	,168.99	
趣白全自动洗面奶打泡机感应泡沫机绵密泡沫礼品新品懒人洗脸神器,260610-110918387242229,已收货,1	,2026-06-10 08:35:03,	,无售后或售后取消,168.99	,168.99	
趣白全自动洗面奶打泡机感应泡沫机绵密泡沫礼品新品懒人洗脸神器,260610-259690339891720,未发货，退款成功,1	,2026-06-10 00:13:24,	,退款成功,153.23	,168.99	
趣白全自动洗面奶打泡机感应泡沫机绵密泡沫礼品新品懒人洗脸神器,260609-524906698263785,已发货，待收货,1	,2026-06-09 23:41:06,	,无售后或售后取消,168.99	,168.99	
趣白全自动洗面奶打泡机感应泡沫机绵密泡沫礼品新品懒人洗脸神器,260609-416054065571720,未发货，退款成功,1	,2026-06-09 21:14:41,	,退款成功,155.95	,168.99	
【购买前须联系客服确认】补收差价专用商品,260609-422261573263541,已收货,1600	,2026-06-09 15:08:23,	,无售后或售后取消,16.0	,16.0	
趣白全自动洗面奶打泡机感应泡沫机绵密泡沫礼品新品懒人洗脸神器,260609-589865950763193,已收货,1	,2026-06-09 11:48:57,	,无售后或售后取消,168.99	,168.99	
趣白全自动洗面奶打泡机感应泡沫机绵密泡沫礼品新品懒人洗脸神器,260609-016242470473001,已取消,1	,	,	,无售后或售后取消,168.99	,168.99	
趣白全自动洗面奶打泡机感应泡沫机绵密泡沫礼品新品懒人洗脸神器,260608-618014983762270,已发货，待收货,1	,2026-06-08 21:52:34,	,无售后或售后取消,168.99	,168.99	
趣白全自动洗面奶打泡机感应泡沫机绵密泡沫礼品新品懒人洗脸神器,260608-116496811582760,未发货，退款成功,1	,2026-06-08 14:03:36,	,退款成功,156.23	,168.99	
趣白全自动洗面奶打泡机感应泡沫机绵密泡沫礼品新品懒人洗脸神器,260608-350308298281422,已收货,1	,2026-06-08 13:23:04,	,无售后或售后取消,168.99	,168.99	
趣白全自动洗面奶打泡机感应泡沫机绵密泡沫礼品新品懒人洗脸神器,260608-145374656813689,已发货，退款成功,1	,2026-06-08 11:34:47,(收)[QBPH004]*[1]#,退款成功,135.2	,168.99	
趣白全自动洗面奶打泡机感应泡沫机绵密泡沫礼品新品懒人洗脸神器,260608-301192978021098,已收货,1	,2026-06-08 11:16:06,	,无售后或售后取消,168.99	,168.99	
趣白全自动洗面奶打泡机感应泡沫机绵密泡沫礼品新品懒人洗脸神器,260608-318609845861570,已收货,1	,2026-06-08 11:12:49,	,无售后或售后取消,168.99	,168.99	
趣白全自动洗面奶打泡机感应泡沫机绵密泡沫礼品新品懒人洗脸神器,260608-474218566073801,已收货,1	,2026-06-08 10:34:28,	,无售后或售后取消,126.75	,168.99	
趣白全自动洗面奶打泡机感应泡沫机绵密泡沫礼品新品懒人洗脸神器,260608-570152784230661,已收货,1	,2026-06-08 10:12:44,	,无售后或售后取消,143.65	,168.99	
趣白全自动洗面奶打泡机感应泡沫机绵密泡沫礼品新品懒人洗脸神器,260608-522620823892241,已收货,1	,2026-06-08 10:10:15,	,无售后或售后取消,143.65	,168.99	
趣白全自动洗面奶打泡机感应泡沫机绵密泡沫礼品新品懒人洗脸神器,260608-505130554940697,已收货,1	,2026-06-08 09:43:50,	,无售后或售后取消,168.99	,168.99	
趣白全自动洗面奶打泡机感应泡沫机绵密泡沫礼品新品懒人洗脸神器,260608-570435868193356,已收货,1	,2026-06-08 06:16:44,	,无售后或售后取消,143.65	,168.99	
趣白全自动洗面奶打泡机感应泡沫机绵密泡沫礼品新品懒人洗脸神器,260608-214014421291361,已收货,1	,2026-06-08 04:51:31,	,无售后或售后取消,168.99	,168.99	
趣白全自动洗面奶打泡机感应泡沫机绵密泡沫礼品新品懒人洗脸神器,260608-165045942680849,已收货,1	,2026-06-08 04:51:20,	,无售后或售后取消,143.65	,168.99	
趣白全自动洗面奶打泡机感应泡沫机绵密泡沫礼品新品懒人洗脸神器,260608-522421563001913,已发货，待收货,1	,2026-06-08 02:58:31,	,无售后或售后取消,143.65	,168.99	
趣白全自动洗面奶打泡机感应泡沫机绵密泡沫礼品新品懒人洗脸神器,260608-043285255681553,已收货,1	,2026-06-08 01:46:40,	,无售后或售后取消,160.55	,168.99	
趣白全自动洗面奶打泡机感应泡沫机绵密泡沫礼品新品懒人洗脸神器,260608-473222398383435,已收货,1	,2026-06-08 00:13:19,	,无售后或售后取消,168.99	,168.99	
趣白全自动洗面奶打泡机感应泡沫机绵密泡沫礼品新品懒人洗脸神器,260607-515710697840274,已收货,1	,2026-06-07 23:28:38,	,无售后或售后取消,168.99	,168.99	
趣白全自动洗面奶打泡机感应泡沫机绵密泡沫礼品新品懒人洗脸神器,260607-158817328721478,已发货，待收货,1	,2026-06-07 22:47:36,	,无售后或售后取消,152.1	,168.99	
趣白全自动洗面奶打泡机感应泡沫机绵密泡沫礼品新品懒人洗脸神器,260607-338983698810137,已发货，退款成功,1	,2026-06-07 22:27:42,(收)[QBPH004]*[1]#,退款成功,143.65	,168.99	
趣白全自动洗面奶打泡机感应泡沫机绵密泡沫礼品新品懒人洗脸神器,260607-421905109372720,已收货,1	,2026-06-07 19:32:25,	,无售后或售后取消,143.65	,168.99	
趣白全自动洗面奶打泡机感应泡沫机绵密泡沫礼品新品懒人洗脸神器,260607-026235379260584,已收货,1	,2026-06-07 19:32:22,	,无售后或售后取消,143.65	,168.99	
趣白全自动洗面奶打泡机感应泡沫机绵密泡沫礼品新品懒人洗脸神器,260607-278942247340013,已收货,1	,2026-06-07 18:40:37,	,无售后或售后取消,126.75	,168.99	
趣白全自动洗面奶打泡机感应泡沫机绵密泡沫礼品新品懒人洗脸神器,260607-403754206860585,已发货，待收货,1	,2026-06-07 17:48:22,	,售后处理中,165.99	,168.99	
趣白全自动洗面奶打泡机感应泡沫机绵密泡沫礼品新品懒人洗脸神器,260607-353380636301311,已发货，退款成功,1	,2026-06-07 17:37:08,(收)[QBPH004]*[1]#,退款成功,135.2	,168.99	
趣白全自动洗面奶打泡机感应泡沫机绵密泡沫礼品新品懒人洗脸神器,260607-537594467882172,已发货，待收货,1	,2026-06-07 17:33:20,	,无售后或售后取消,135.2	,168.99	
趣白全自动洗面奶打泡机感应泡沫机绵密泡沫礼品新品懒人洗脸神器,260607-353129009583063,已收货,1	,2026-06-07 17:27:08,	,无售后或售后取消,168.99	,168.99	
趣白全自动洗面奶打泡机感应泡沫机绵密泡沫礼品新品懒人洗脸神器,260607-571662743891464,已发货，待收货,1	,2026-06-07 17:19:13,	,无售后或售后取消,152.1	,168.99	
趣白全自动洗面奶打泡机感应泡沫机绵密泡沫礼品新品懒人洗脸神器,260607-027692910171075,已收货,1	,2026-06-07 16:17:09,	,无售后或售后取消,168.99	,168.99	
趣白全自动洗面奶打泡机感应泡沫机绵密泡沫礼品新品懒人洗脸神器,260607-655443904122671,已取消,1	,	,	,无售后或售后取消,126.75	,168.99	
趣白全自动洗面奶打泡机感应泡沫机绵密泡沫礼品新品懒人洗脸神器,260607-363289658943643,已收货,1	,2026-06-07 15:29:53,	,无售后或售后取消,126.75	,168.99	
趣白全自动洗面奶打泡机感应泡沫机绵密泡沫礼品新品懒人洗脸神器,260607-014407483773977,已发货，退款成功,1	,2026-06-07 15:27:01,(收)[QBPH004]*[1]#,退款成功,168.99	,168.99	
趣白全自动洗面奶打泡机感应泡沫机绵密泡沫礼品新品懒人洗脸神器,260607-575301292423743,已收货,1	,2026-06-07 15:25:47,	,无售后或售后取消,168.99	,168.99	
趣白全自动洗面奶打泡机感应泡沫机绵密泡沫礼品新品懒人洗脸神器,260607-677799544411945,已收货,1	,2026-06-07 15:22:52,	,无售后或售后取消,143.65	,168.99	
趣白全自动洗面奶打泡机感应泡沫机绵密泡沫礼品新品懒人洗脸神器,260607-106545867172176,已收货,1	,2026-06-07 15:13:42,	,售后处理中,152.1	,168.99	
趣白全自动洗面奶打泡机感应泡沫机绵密泡沫礼品新品懒人洗脸神器,260607-101963568701004,已收货,1	,2026-06-07 13:44:51,	,无售后或售后取消,152.1	,168.99	
趣白全自动洗面奶打泡机感应泡沫机绵密泡沫礼品新品懒人洗脸神器,260607-400000294410900,未发货，退款成功,1	,2026-06-07 13:41:24,	,退款成功,143.65	,168.99	
趣白全自动洗面奶打泡机感应泡沫机绵密泡沫礼品新品懒人洗脸神器,260607-418549634581388,已收货,1	,2026-06-07 20:09:18,	,无售后或售后取消,126.75	,168.99	
趣白全自动洗面奶打泡机感应泡沫机绵密泡沫礼品新品懒人洗脸神器,260607-142354727232541,已收货,1	,2026-06-07 13:08:45,	,无售后或售后取消,126.75	,168.99	
趣白全自动洗面奶打泡机感应泡沫机绵密泡沫礼品新品懒人洗脸神器,260607-016064233852659,未发货，退款成功,1	,2026-06-07 13:06:28,	,退款成功,154.44	,168.99	
趣白全自动洗面奶打泡机感应泡沫机绵密泡沫礼品新品懒人洗脸神器,260607-202270348900492,已收货,1	,2026-06-07 12:59:47,	,无售后或售后取消,126.75	,168.99	
趣白全自动洗面奶打泡机感应泡沫机绵密泡沫礼品新品懒人洗脸神器,260607-186164242780307,已发货，退款成功,1	,2026-06-07 11:35:13,(收)[QBPH004]*[1]#,退款成功,168.99	,168.99	
趣白全自动洗面奶打泡机感应泡沫机绵密泡沫礼品新品懒人洗脸神器,260607-484421168790671,已收货,1	,2026-06-07 11:21:46,	,无售后或售后取消,152.1	,168.99	
趣白全自动洗面奶打泡机感应泡沫机绵密泡沫礼品新品懒人洗脸神器,260607-252885154113703,未发货，退款成功,1	,2026-06-07 10:52:10,	,退款成功,143.65	,168.99	
趣白全自动洗面奶打泡机感应泡沫机绵密泡沫礼品新品懒人洗脸神器,260607-273678374443837,已收货,1	,2026-06-07 10:47:00,	,无售后或售后取消,118.99	,168.99	
趣白全自动洗面奶打泡机感应泡沫机绵密泡沫礼品新品懒人洗脸神器,260607-161480753512665,已收货,1	,2026-06-07 10:43:06,	,无售后或售后取消,152.1	,168.99	
趣白全自动洗面奶打泡机感应泡沫机绵密泡沫礼品新品懒人洗脸神器,260607-153784226104069,已收货,1	,2026-06-07 09:50:06,	,无售后或售后取消,168.99	,168.99	
趣白全自动洗面奶打泡机感应泡沫机绵密泡沫礼品新品懒人洗脸神器,260607-291189563022729,已收货,1	,2026-06-07 08:50:36,	,无售后或售后取消,143.65	,168.99	
趣白全自动洗面奶打泡机感应泡沫机绵密泡沫礼品新品懒人洗脸神器,260607-295667013134072,已发货，待收货,1	,2026-06-07 08:43:18,	,无售后或售后取消,133.51	,168.99	
趣白全自动洗面奶打泡机感应泡沫机绵密泡沫礼品新品懒人洗脸神器,260607-650169608571943,已发货，退款成功,1	,2026-06-07 07:50:47,(收)[QBPH004]*[1]#,退款成功,168.99	,168.99	
趣白全自动洗面奶打泡机感应泡沫机绵密泡沫礼品新品懒人洗脸神器,260607-682685929082575,已收货,1	,2026-06-07 07:16:28,	,无售后或售后取消,143.65	,168.99	
趣白全自动洗面奶打泡机感应泡沫机绵密泡沫礼品新品懒人洗脸神器,260606-206538074430622,已发货，退款成功,1	,2026-06-06 22:10:37,(收)[QBPH004]*[1]#,退款成功,143.65	,168.99	
趣白全自动洗面奶打泡机感应泡沫机绵密泡沫礼品新品懒人洗脸神器,260606-626062794280125,已发货，待收货,1	,2026-06-06 22:03:25,	,售后处理中,126.75	,168.99	
趣白全自动洗面奶打泡机感应泡沫机绵密泡沫礼品新品懒人洗脸神器,260606-655737505351530,已收货,1	,2026-06-06 22:03:10,	,无售后或售后取消,155.96	,168.99	
趣白全自动洗面奶打泡机感应泡沫机绵密泡沫礼品新品懒人洗脸神器,260606-041198558871437,已收货,1	,2026-06-06 21:36:28,	,无售后或售后取消,143.65	,168.99	
趣白全自动洗面奶打泡机感应泡沫机绵密泡沫礼品新品懒人洗脸神器,260606-257928804673481,已收货,1	,2026-06-06 20:08:03,	,无售后或售后取消,143.65	,168.99	
趣白全自动洗面奶打泡机感应泡沫机绵密泡沫礼品新品懒人洗脸神器,260606-203738324532549,已收货,1	,2026-06-06 19:31:29,	,无售后或售后取消,143.65	,168.99	
趣白全自动洗面奶打泡机感应泡沫机绵密泡沫礼品新品懒人洗脸神器,260606-112847829341725,已收货,1	,2026-06-06 18:50:37,	,无售后或售后取消,168.99	,168.99	
趣白全自动洗面奶打泡机感应泡沫机绵密泡沫礼品新品懒人洗脸神器,260606-616478861600333,已发货，退款成功,1	,2026-06-06 18:43:20,(收)[QBPH004]*[1]#,退款成功,168.99	,168.99	
趣白全自动洗面奶打泡机感应泡沫机绵密泡沫礼品新品懒人洗脸神器,260606-582148441730445,已发货，待收货,1	,2026-06-06 18:28:25,	,无售后或售后取消,143.65	,168.99	
趣白全自动洗面奶打泡机感应泡沫机绵密泡沫礼品新品懒人洗脸神器,260606-621763663443330,已收货,1	,2026-06-06 18:17:26,	,无售后或售后取消,135.2	,168.99	
趣白全自动洗面奶打泡机感应泡沫机绵密泡沫礼品新品懒人洗脸神器,260606-256355878481241,已收货,1	,2026-06-06 18:02:38,	,无售后或售后取消,143.65	,168.99	
趣白全自动洗面奶打泡机感应泡沫机绵密泡沫礼品新品懒人洗脸神器,260606-651207646721346,已取消,1	,	,	,无售后或售后取消,168.99	,168.99	
趣白全自动洗面奶打泡机感应泡沫机绵密泡沫礼品新品懒人洗脸神器,260606-386064791952260,已发货，退款成功,1	,2026-06-06 16:41:58,(收)[QBPH004]*[1]#,退款成功,148.72	,168.99	
趣白全自动洗面奶打泡机感应泡沫机绵密泡沫礼品新品懒人洗脸神器,260606-524770404732223,已发货，待收货,1	,2026-06-06 16:25:39,	,无售后或售后取消,153.99	,168.99	
趣白全自动洗面奶打泡机感应泡沫机绵密泡沫礼品新品懒人洗脸神器,260606-486245743012165,已收货,1	,2026-06-06 16:25:03,	,无售后或售后取消,152.1	,168.99	
趣白全自动洗面奶打泡机感应泡沫机绵密泡沫礼品新品懒人洗脸神器,260606-376994599253491,已收货,1	,2026-06-06 16:22:32,	,无售后或售后取消,168.99	,168.99	
趣白全自动洗面奶打泡机感应泡沫机绵密泡沫礼品新品懒人洗脸神器,260606-131428575590025,已收货,1	,2026-06-06 16:52:32,	,无售后或售后取消,148.72	,168.99	
趣白全自动洗面奶打泡机感应泡沫机绵密泡沫礼品新品懒人洗脸神器,260606-117157414490460,已收货,1	,2026-06-06 16:15:45,	,无售后或售后取消,148.72	,168.99	
趣白全自动洗面奶打泡机感应泡沫机绵密泡沫礼品新品懒人洗脸神器,260606-602060920471278,已收货,1	,2026-06-06 15:15:56,	,无售后或售后取消,160.55	,168.99	
趣白全自动洗面奶打泡机感应泡沫机绵密泡沫礼品新品懒人洗脸神器,260606-074081954193013,已发货，退款成功,1	,2026-06-06 15:12:00,	,退款成功,168.99	,168.99	
趣白全自动洗面奶打泡机感应泡沫机绵密泡沫礼品新品懒人洗脸神器,260606-278627653243070,已发货，退款成功,1	,2026-06-06 13:59:07,(收)[QBPH004]*[1]#,退款成功,143.65	,168.99	
趣白全自动洗面奶打泡机感应泡沫机绵密泡沫礼品新品懒人洗脸神器,260606-191061082523294,未发货，退款成功,1	,2026-06-06 13:27:52,	,退款成功,168.99	,168.99	
趣白全自动洗面奶打泡机感应泡沫机绵密泡沫礼品新品懒人洗脸神器,260606-674244892282403,已发货，退款成功,2	,2026-06-06 13:22:33,(收)[1877214163146]*[2]#,退款成功,301.15	,334.61	
趣白全自动洗面奶打泡机感应泡沫机绵密泡沫礼品新品懒人洗脸神器,260606-140131776801598,未发货，退款成功,1	,2026-06-06 13:01:39,	,退款成功,152.1	,168.99	
趣白全自动洗面奶打泡机感应泡沫机绵密泡沫礼品新品懒人洗脸神器,260606-060660139582475,已收货,1	,2026-06-06 12:50:09,	,无售后或售后取消,168.99	,168.99	
趣白全自动洗面奶打泡机感应泡沫机绵密泡沫礼品新品懒人洗脸神器,260606-292898741821797,已收货,1	,2026-06-06 12:27:56,	,无售后或售后取消,143.65	,168.99	
趣白全自动洗面奶打泡机感应泡沫机绵密泡沫礼品新品懒人洗脸神器,260606-303499875913643,已收货,1	,2026-06-06 11:21:18,	,无售后或售后取消,168.99	,168.99	
趣白全自动洗面奶打泡机感应泡沫机绵密泡沫礼品新品懒人洗脸神器,260606-115647496532862,已取消,1	,	,	,无售后或售后取消,143.65	,168.99	
趣白全自动洗面奶打泡机感应泡沫机绵密泡沫礼品新品懒人洗脸神器,260606-236254718292862,已收货,1	,2026-06-06 11:13:48,	,无售后或售后取消,143.65	,168.99	
趣白全自动洗面奶打泡机感应泡沫机绵密泡沫礼品新品懒人洗脸神器,260606-354041260371221,已收货,1	,2026-06-06 10:44:26,	,无售后或售后取消,143.65	,168.99	
趣白全自动洗面奶打泡机感应泡沫机绵密泡沫礼品新品懒人洗脸神器,260606-237460538983556,已收货,1	,2026-06-06 10:38:23,	,无售后或售后取消,168.99	,168.99	
趣白全自动洗面奶打泡机感应泡沫机绵密泡沫礼品新品懒人洗脸神器,260606-244968363642840,已发货，退款成功,1	,2026-06-06 09:33:49,(收)[QBPH004]*[1]#,退款成功,143.65	,168.99	
趣白全自动洗面奶打泡机感应泡沫机绵密泡沫礼品新品懒人洗脸神器,260606-383170649732453,已收货,1	,2026-06-06 09:09:53,	,无售后或售后取消,143.65	,168.99	
趣白全自动洗面奶打泡机感应泡沫机绵密泡沫礼品新品懒人洗脸神器,260606-225622167932255,已收货,1	,2026-06-06 09:06:41,	,无售后或售后取消,168.99	,168.99	
趣白全自动洗面奶打泡机感应泡沫机绵密泡沫礼品新品懒人洗脸神器,260606-019482560131821,已收货,1	,2026-06-06 08:41:31,	,无售后或售后取消,168.99	,168.99	
趣白全自动洗面奶打泡机感应泡沫机绵密泡沫礼品新品懒人洗脸神器,260606-350077621891053,已取消,1	,	,	,无售后或售后取消,126.75	,168.99	
趣白全自动洗面奶打泡机感应泡沫机绵密泡沫礼品新品懒人洗脸神器,260606-062872666470034,已收货,1	,2026-06-06 06:23:32,	,无售后或售后取消,126.75	,168.99	
趣白全自动洗面奶打泡机感应泡沫机绵密泡沫礼品新品懒人洗脸神器,260606-375610478971699,已收货,1	,2026-06-06 06:12:04,	,无售后或售后取消,160.55	,168.99	
趣白全自动洗面奶打泡机感应泡沫机绵密泡沫礼品新品懒人洗脸神器,260606-463701328170674,已收货,1	,2026-06-06 05:56:20,	,无售后或售后取消,168.99	,168.99	
趣白全自动洗面奶打泡机感应泡沫机绵密泡沫礼品新品懒人洗脸神器,260606-676677578250500,已收货,1	,2026-06-06 05:51:58,	,无售后或售后取消,143.65	,168.99	
趣白全自动洗面奶打泡机感应泡沫机绵密泡沫礼品新品懒人洗脸神器,260606-167457657223159,已发货，退款成功,1	,2026-06-06 05:46:48,(收)[1877214163146]*[1]#,退款成功,168.99	,168.99	
趣白全自动洗面奶打泡机感应泡沫机绵密泡沫礼品新品懒人洗脸神器,260606-641476892191869,已收货,1	,2026-06-06 05:00:38,	,无售后或售后取消,152.1	,168.99	
趣白全自动洗面奶打泡机感应泡沫机绵密泡沫礼品新品懒人洗脸神器,260606-602983698773145,已发货，退款成功,1	,2026-06-06 03:20:14,(收)[QBPH004]*[1]#,退款成功,168.99	,168.99	
趣白全自动洗面奶打泡机感应泡沫机绵密泡沫礼品新品懒人洗脸神器,260606-252161636751543,已收货,1	,2026-06-06 01:39:45,	,无售后或售后取消,148.72	,168.99	
趣白全自动洗面奶打泡机感应泡沫机绵密泡沫礼品新品懒人洗脸神器,260606-494256811611066,已收货,1	,2026-06-06 01:26:21,	,无售后或售后取消,143.65	,168.99	
趣白全自动洗面奶打泡机感应泡沫机绵密泡沫礼品新品懒人洗脸神器,260606-600393695602224,已发货，待收货,1	,2026-06-06 00:56:48,	,无售后或售后取消,143.65	,168.99	
趣白全自动洗面奶打泡机感应泡沫机绵密泡沫礼品新品懒人洗脸神器,260605-511201821091274,已收货，退款成功,1	,2026-06-05 23:29:07,	,退款成功,168.99	,168.99	
趣白全自动洗面奶打泡机感应泡沫机绵密泡沫礼品新品懒人洗脸神器,260605-226408558171403,已取消,1	,	,	,无售后或售后取消,168.99	,168.99	
趣白全自动洗面奶打泡机感应泡沫机绵密泡沫礼品新品懒人洗脸神器,260605-128450598483038,已收货,1	,2026-06-05 20:55:28,	,无售后或售后取消,168.99	,168.99	
趣白全自动洗面奶打泡机感应泡沫机绵密泡沫礼品新品懒人洗脸神器,260605-563987105353589,已收货,1	,2026-06-05 20:22:27,	,无售后或售后取消,168.99	,168.99	
趣白全自动洗面奶打泡机感应泡沫机绵密泡沫礼品新品懒人洗脸神器,260605-125409759621455,已收货,1	,2026-06-05 18:28:48,	,无售后或售后取消,126.75	,168.99	
趣白全自动洗面奶打泡机感应泡沫机绵密泡沫礼品新品懒人洗脸神器,260605-240753088140355,已发货，退款成功,1	,2026-06-06 11:54:40,(收)[QBPH004]*[1]#,退款成功,168.99	,168.99	
趣白全自动洗面奶打泡机感应泡沫机绵密泡沫礼品新品懒人洗脸神器,260605-292489849173606,已收货,1	,2026-06-05 17:27:34,	,无售后或售后取消,143.65	,168.99	
趣白全自动洗面奶打泡机感应泡沫机绵密泡沫礼品新品懒人洗脸神器,260605-313366955582921,已收货,1	,2026-06-05 17:02:22,	,无售后或售后取消,126.75	,168.99	
趣白全自动洗面奶打泡机感应泡沫机绵密泡沫礼品新品懒人洗脸神器,260605-067297687842053,已收货,1	,2026-06-05 16:58:22,	,无售后或售后取消,126.75	,168.99	
趣白全自动洗面奶打泡机感应泡沫机绵密泡沫礼品新品懒人洗脸神器,260605-134112888341258,已收货,1	,2026-06-05 16:30:56,	,无售后或售后取消,168.99	,168.99	
趣白全自动洗面奶打泡机感应泡沫机绵密泡沫礼品新品懒人洗脸神器,260605-070422382101258,已取消,1	,	,	,无售后或售后取消,168.99	,168.99	
趣白全自动洗面奶打泡机感应泡沫机绵密泡沫礼品新品懒人洗脸神器,260605-565140570532474,未发货，退款成功,1	,2026-06-05 16:11:48,	,退款成功,160.55	,168.99	
趣白全自动洗面奶打泡机感应泡沫机绵密泡沫礼品新品懒人洗脸神器,260605-074847435103119,已收货,1	,2026-06-05 15:50:23,	,无售后或售后取消,168.99	,168.99	
趣白全自动洗面奶打泡机感应泡沫机绵密泡沫礼品新品懒人洗脸神器,260605-666181312140585,已发货，退款成功,1	,2026-06-05 14:18:54,(收)[1877214163146]*[1]#,退款成功,168.99	,168.99	
趣白全自动洗面奶打泡机感应泡沫机绵密泡沫礼品新品懒人洗脸神器,260605-491540979250923,已收货,1	,2026-06-05 14:16:30,	,无售后或售后取消,163.99	,168.99	
趣白全自动洗面奶打泡机感应泡沫机绵密泡沫礼品新品懒人洗脸神器,260605-660309328273563,已收货,1	,2026-06-05 13:47:18,	,无售后或售后取消,158.99	,168.99	
趣白全自动洗面奶打泡机感应泡沫机绵密泡沫礼品新品懒人洗脸神器,260605-176601208403462,已收货,1	,2026-06-05 13:46:31,	,无售后或售后取消,168.99	,168.99	
趣白全自动洗面奶打泡机感应泡沫机绵密泡沫礼品新品懒人洗脸神器,260605-330679007652203,已收货,1	,2026-06-05 13:02:10,	,无售后或售后取消,168.99	,168.99	
趣白全自动洗面奶打泡机感应泡沫机绵密泡沫礼品新品懒人洗脸神器,260605-292846354811503,已取消,1	,	,	,无售后或售后取消,168.99	,168.99	
趣白全自动洗面奶打泡机感应泡沫机绵密泡沫礼品新品懒人洗脸神器,260605-134521874792342,已收货,1	,2026-06-05 11:09:58,	,无售后或售后取消,160.55	,168.99	
趣白全自动洗面奶打泡机感应泡沫机绵密泡沫礼品新品懒人洗脸神器,260605-061792591511940,已收货,1	,2026-06-05 10:54:53,	,无售后或售后取消,168.99	,168.99	
趣白全自动洗面奶打泡机感应泡沫机绵密泡沫礼品新品懒人洗脸神器,260605-636412259922327,已收货,1	,2026-06-05 10:41:47,	,无售后或售后取消,135.2	,168.99	
趣白全自动洗面奶打泡机感应泡沫机绵密泡沫礼品新品懒人洗脸神器,260605-251909978553353,已收货,1	,2026-06-05 06:56:23,	,无售后或售后取消,135.2	,168.99	
趣白全自动洗面奶打泡机感应泡沫机绵密泡沫礼品新品懒人洗脸神器,260605-598957104682617,已收货,1	,2026-06-05 04:43:23,	,无售后或售后取消,126.75	,168.99	
趣白全自动洗面奶打泡机感应泡沫机绵密泡沫礼品新品懒人洗脸神器,260605-111966983790201,已收货，退款成功,1	,2026-06-05 04:10:53,(收)[1877214163146]*[1]#,退款成功,135.2	,168.99	
趣白全自动洗面奶打泡机感应泡沫机绵密泡沫礼品新品懒人洗脸神器,260605-531250552361901,已发货，退款成功,1	,2026-06-05 03:35:44,	,退款成功,168.99	,168.99	
趣白全自动洗面奶打泡机感应泡沫机绵密泡沫礼品新品懒人洗脸神器,260604-257037504800970,未发货，退款成功,1	,2026-06-04 23:29:01,	,退款成功,152.1	,168.99	
趣白全自动洗面奶打泡机感应泡沫机绵密泡沫礼品新品懒人洗脸神器,260604-099929362780217,已收货,1	,2026-06-04 21:48:37,	,无售后或售后取消,136.89	,168.99	
趣白全自动洗面奶打泡机感应泡沫机绵密泡沫礼品新品懒人洗脸神器,260604-236118371900424,已收货,1	,2026-06-04 21:24:55,	,无售后或售后取消,168.99	,168.99	
趣白全自动洗面奶打泡机感应泡沫机绵密泡沫礼品新品懒人洗脸神器,260604-530411691532044,已收货,1	,2026-06-04 21:13:38,	,无售后或售后取消,143.65	,168.99	
趣白全自动洗面奶打泡机感应泡沫机绵密泡沫礼品新品懒人洗脸神器,260604-289973235322243,已收货,1	,2026-06-04 21:05:52,新机，感应不出来,无售后或售后取消,143.65	,168.99	
趣白全自动洗面奶打泡机感应泡沫机绵密泡沫礼品新品懒人洗脸神器,260604-221092329832583,已收货,1	,2026-06-04 21:01:13,	,无售后或售后取消,143.65	,168.99	
趣白全自动洗面奶打泡机感应泡沫机绵密泡沫礼品新品懒人洗脸神器,260604-488028280401275,未发货，退款成功,1	,2026-06-04 20:40:59,	,退款成功,135.2	,168.99	
趣白全自动洗面奶打泡机感应泡沫机绵密泡沫礼品新品懒人洗脸神器,260604-014313122101559,已收货,1	,2026-06-04 20:39:21,	,无售后或售后取消,143.65	,168.99	
趣白全自动洗面奶打泡机感应泡沫机绵密泡沫礼品新品懒人洗脸神器,260604-375537068434041,未发货，退款成功,1	,2026-06-04 19:54:42,	,退款成功,168.99	,168.99	
趣白全自动洗面奶打泡机感应泡沫机绵密泡沫礼品新品懒人洗脸神器,260604-501617846620027,已收货,1	,2026-06-04 19:18:51,	,无售后或售后取消,133.51	,168.99	
趣白全自动洗面奶打泡机感应泡沫机绵密泡沫礼品新品懒人洗脸神器,260604-234168030722800,已收货,1	,2026-06-04 18:46:53,	,无售后或售后取消,148.72	,168.99	
趣白全自动洗面奶打泡机感应泡沫机绵密泡沫礼品新品懒人洗脸神器,260604-503316508240566,已收货,1	,2026-06-04 17:25:12,	,无售后或售后取消,143.65	,168.99	
趣白全自动洗面奶打泡机感应泡沫机绵密泡沫礼品新品懒人洗脸神器,260604-307442511443332,已收货,1	,2026-06-04 17:13:04,	,无售后或售后取消,168.99	,168.99	
趣白全自动洗面奶打泡机感应泡沫机绵密泡沫礼品新品懒人洗脸神器,260604-511872898580207,未发货，退款成功,1	,2026-06-04 16:55:53,	,退款成功,168.99	,168.99	
趣白全自动洗面奶打泡机感应泡沫机绵密泡沫礼品新品懒人洗脸神器,260604-323223622070644,已收货,1	,2026-06-04 16:11:58,	,无售后或售后取消,126.75	,168.99	
趣白全自动洗面奶打泡机感应泡沫机绵密泡沫礼品新品懒人洗脸神器,260604-287592978022494,已收货,1	,2026-06-04 16:16:29,	,无售后或售后取消,143.65	,168.99	
趣白全自动洗面奶打泡机感应泡沫机绵密泡沫礼品新品懒人洗脸神器,260604-107562985773171,已收货,1	,2026-06-04 16:49:33,	,无售后或售后取消,126.75	,168.99	
趣白全自动洗面奶打泡机感应泡沫机绵密泡沫礼品新品懒人洗脸神器,260604-060209241633114,已收货,1	,2026-06-04 14:34:51,	,无售后或售后取消,135.2	,168.99	
趣白全自动洗面奶打泡机感应泡沫机绵密泡沫礼品新品懒人洗脸神器,260604-608782334311002,已收货,1	,2026-06-04 14:23:19,	,无售后或售后取消,126.75	,168.99	
趣白全自动洗面奶打泡机感应泡沫机绵密泡沫礼品新品懒人洗脸神器,260604-601840750911537,已收货,1	,2026-06-04 12:59:34,	,无售后或售后取消,168.99	,168.99	
趣白全自动洗面奶打泡机感应泡沫机绵密泡沫礼品新品懒人洗脸神器,260604-348316035421708,已收货,1	,2026-06-04 12:42:28,	,无售后或售后取消,135.2	,168.99	
趣白全自动洗面奶打泡机感应泡沫机绵密泡沫礼品新品懒人洗脸神器,260604-369528675993886,已发货，待收货,1	,2026-06-04 12:33:56,	,无售后或售后取消,143.65	,168.99	
趣白全自动洗面奶打泡机感应泡沫机绵密泡沫礼品新品懒人洗脸神器,260604-308784710061105,已收货,1	,2026-06-04 12:33:15,	,无售后或售后取消,126.75	,168.99	
趣白全自动洗面奶打泡机感应泡沫机绵密泡沫礼品新品懒人洗脸神器,260604-499248023081985,已收货,1	,2026-06-04 12:16:39,	,无售后或售后取消,143.65	,168.99	
趣白全自动洗面奶打泡机感应泡沫机绵密泡沫礼品新品懒人洗脸神器,260604-554214428980359,已收货,1	,2026-06-04 12:06:55,	,无售后或售后取消,126.75	,168.99	
趣白全自动洗面奶打泡机感应泡沫机绵密泡沫礼品新品懒人洗脸神器,260604-291514621522264,已收货,1	,2026-06-04 11:27:14,	,无售后或售后取消,168.99	,168.99	
趣白全自动洗面奶打泡机感应泡沫机绵密泡沫礼品新品懒人洗脸神器,260604-549978161572761,已收货,1	,2026-06-04 11:17:23,	,无售后或售后取消,135.2	,168.99	
趣白全自动洗面奶打泡机感应泡沫机绵密泡沫礼品新品懒人洗脸神器,260604-517933637200705,已收货,1	,2026-06-04 11:14:12,	,无售后或售后取消,136.89	,168.99	
趣白全自动洗面奶打泡机感应泡沫机绵密泡沫礼品新品懒人洗脸神器,260604-679361943143753,已发货，退款成功,1	,2026-06-04 11:01:55,(收)[QBPH004]*[1]#,退款成功,150.41	,168.99	
趣白全自动洗面奶打泡机感应泡沫机绵密泡沫礼品新品懒人洗脸神器,260604-558723253810722,已发货，退款成功,1	,2026-06-04 10:52:41,	,退款成功,168.99	,168.99	
趣白全自动洗面奶打泡机感应泡沫机绵密泡沫礼品新品懒人洗脸神器,260604-148499413402992,已收货,1	,2026-06-04 10:40:30,	,无售后或售后取消,126.75	,168.99	
趣白全自动洗面奶打泡机感应泡沫机绵密泡沫礼品新品懒人洗脸神器,260604-134637207933382,已取消,1	,	,	,无售后或售后取消,168.99	,168.99	
趣白全自动洗面奶打泡机感应泡沫机绵密泡沫礼品新品懒人洗脸神器,260604-567594196522766,已收货,1	,2026-06-04 10:15:35,	,无售后或售后取消,160.55	,168.99	
趣白全自动洗面奶打泡机感应泡沫机绵密泡沫礼品新品懒人洗脸神器,260604-123815903662344,已发货，退款成功,1	,2026-06-04 09:45:35,(收)[QBPH004]*[1]#,退款成功,126.75	,168.99	
趣白全自动洗面奶打泡机感应泡沫机绵密泡沫礼品新品懒人洗脸神器,260604-538307541380304,已收货,1	,2026-06-04 09:42:01,	,无售后或售后取消,168.99	,168.99	
趣白全自动洗面奶打泡机感应泡沫机绵密泡沫礼品新品懒人洗脸神器,260604-563085340290774,已收货,1	,2026-06-04 08:11:44,	,无售后或售后取消,135.2	,168.99	
趣白全自动洗面奶打泡机感应泡沫机绵密泡沫礼品新品懒人洗脸神器,260604-178520144303156,已收货,1	,2026-06-04 07:59:43,	,无售后或售后取消,152.1	,168.99	
趣白全自动洗面奶打泡机感应泡沫机绵密泡沫礼品新品懒人洗脸神器,260604-671864635740503,已收货,1	,2026-06-04 07:35:16,	,无售后或售后取消,152.1	,168.99	
趣白全自动洗面奶打泡机感应泡沫机绵密泡沫礼品新品懒人洗脸神器,260604-160694279733615,已收货,2	,2026-06-04 07:27:36,	,无售后或售后取消,284.61	,334.61	
趣白全自动洗面奶打泡机感应泡沫机绵密泡沫礼品新品懒人洗脸神器,260604-562519109193373,已收货,1	,2026-06-04 07:04:17,	,无售后或售后取消,160.55	,168.99	
趣白全自动洗面奶打泡机感应泡沫机绵密泡沫礼品新品懒人洗脸神器,260604-366016008583038,已收货,1	,2026-06-04 06:03:44,	,无售后或售后取消,152.1	,168.99	
趣白全自动洗面奶打泡机感应泡沫机绵密泡沫礼品新品懒人洗脸神器,260604-506315456863614,已收货,1	,2026-06-04 01:30:38,	,无售后或售后取消,168.99	,168.99	
趣白全自动洗面奶打泡机感应泡沫机绵密泡沫礼品新品懒人洗脸神器,260604-146444152400459,已发货，退款成功,2	,2026-06-04 01:24:05,	,退款成功,334.61	,334.61	
趣白全自动洗面奶打泡机感应泡沫机绵密泡沫礼品新品懒人洗脸神器,260604-249015846522260,已发货，退款成功,1	,2026-06-04 00:42:18,	,退款成功,143.65	,168.99	
趣白全自动洗面奶打泡机感应泡沫机绵密泡沫礼品新品懒人洗脸神器,260604-589278810443313,已发货，待收货,1	,2026-06-04 00:33:52,	,无售后或售后取消,168.99	,168.99	
趣白全自动洗面奶打泡机感应泡沫机绵密泡沫礼品新品懒人洗脸神器,260604-237880031580460,已收货,1	,2026-06-04 00:04:44,	,无售后或售后取消,168.99	,168.99	
趣白全自动洗面奶打泡机感应泡沫机绵密泡沫礼品新品懒人洗脸神器,260603-564595299960807,已收货，退款成功,1	,2026-06-03 23:30:45,(收)[QBPH004]*[1]#,退款成功,143.65	,168.99	
趣白全自动洗面奶打泡机感应泡沫机绵密泡沫礼品新品懒人洗脸神器,260603-552264087902369,已收货,1	,2026-06-03 23:12:17,	,无售后或售后取消,126.75	,168.99	
趣白全自动洗面奶打泡机感应泡沫机绵密泡沫礼品新品懒人洗脸神器,260603-130893749902055,已收货,1	,2026-06-03 23:11:53,	,无售后或售后取消,126.75	,168.99	
趣白全自动洗面奶打泡机感应泡沫机绵密泡沫礼品新品懒人洗脸神器,260603-545196655012476,已收货,1	,2026-06-03 22:31:59,	,无售后或售后取消,143.65	,168.99	
趣白全自动洗面奶打泡机感应泡沫机绵密泡沫礼品新品懒人洗脸神器,260603-622193600912159,已收货,1	,2026-06-03 22:15:45,	,无售后或售后取消,126.75	,168.99	
趣白全自动洗面奶打泡机感应泡沫机绵密泡沫礼品新品懒人洗脸神器,260603-491341760123636,未发货，退款成功,1	,2026-06-03 22:06:20,	,退款成功,168.99	,168.99	
趣白全自动洗面奶打泡机感应泡沫机绵密泡沫礼品新品懒人洗脸神器,260603-090555072880952,已收货,1	,2026-06-03 21:53:07,	,无售后或售后取消,160.55	,168.99	
趣白全自动洗面奶打泡机感应泡沫机绵密泡沫礼品新品懒人洗脸神器,260603-110729664001283,已收货,1	,2026-06-03 21:33:55,	,无售后或售后取消,165.99	,168.99	
趣白全自动洗面奶打泡机感应泡沫机绵密泡沫礼品新品懒人洗脸神器,260603-647600545401462,已收货,1	,2026-06-03 21:07:59,	,无售后或售后取消,163.99	,168.99	
趣白全自动洗面奶打泡机感应泡沫机绵密泡沫礼品新品懒人洗脸神器,260603-093627369023079,已发货，退款成功,1	,2026-06-03 20:13:35,	,退款成功,126.75	,168.99	
趣白全自动洗面奶打泡机感应泡沫机绵密泡沫礼品新品懒人洗脸神器,260603-395229283911322,已收货,1	,2026-06-03 18:51:44,	,无售后或售后取消,168.99	,168.99	
趣白全自动洗面奶打泡机感应泡沫机绵密泡沫礼品新品懒人洗脸神器,260603-555000850802295,已收货,1	,2026-06-03 17:31:47,	,无售后或售后取消,168.99	,168.99	
趣白全自动洗面奶打泡机感应泡沫机绵密泡沫礼品新品懒人洗脸神器,260603-408787392043185,已取消,1	,	,	,无售后或售后取消,152.1	,168.99	
趣白全自动洗面奶打泡机感应泡沫机绵密泡沫礼品新品懒人洗脸神器,260603-596052601192988,已收货,1	,2026-06-03 15:53:31,	,无售后或售后取消,152.1	,168.99	
趣白全自动洗面奶打泡机感应泡沫机绵密泡沫礼品新品懒人洗脸神器,260603-290927491450225,已收货,1	,2026-06-03 14:29:15,	,无售后或售后取消,143.65	,168.99	
趣白全自动洗面奶打泡机感应泡沫机绵密泡沫礼品新品懒人洗脸神器,260603-418381852310083,已发货，退款成功,1	,2026-06-03 14:23:46,(收)[QBPH004]*[1]#,退款成功,168.99	,168.99	
趣白全自动洗面奶打泡机感应泡沫机绵密泡沫礼品新品懒人洗脸神器,260603-259459663423822,已收货,1	,2026-06-03 14:10:17,	,无售后或售后取消,143.65	,168.99	
趣白全自动洗面奶打泡机感应泡沫机绵密泡沫礼品新品懒人洗脸神器,260603-101219111352696,已收货,1	,2026-06-03 14:09:58,	,无售后或售后取消,135.2	,168.99	
趣白全自动洗面奶打泡机感应泡沫机绵密泡沫礼品新品懒人洗脸神器,260603-598044843520360,已收货,1	,2026-06-03 14:00:56,	,无售后或售后取消,148.72	,168.99	
趣白全自动洗面奶打泡机感应泡沫机绵密泡沫礼品新品懒人洗脸神器,260603-058741307701611,已发货，退款成功,1	,2026-06-03 13:42:03,(收)[QBPH004]*[1]#,退款成功,143.65	,168.99	
趣白全自动皂液器感应皂液器凝胶机洗洁精沐浴露卫生间厨房,260603-472068975003795,已收货,1	,2026-06-03 13:36:45,	,无售后或售后取消,83.5	,85.0	
趣白全自动洗面奶打泡机感应泡沫机绵密泡沫礼品新品懒人洗脸神器,260603-388057024131374,已发货，退款成功,1	,2026-06-03 13:25:19,(收)[QBPH004]*[1]#,退款成功,168.99	,168.99	
趣白全自动洗面奶打泡机感应泡沫机绵密泡沫礼品新品懒人洗脸神器,260603-112784894292036,已收货,1	,2026-06-03 13:08:04,	,无售后或售后取消,168.99	,168.99	
趣白全自动洗面奶打泡机感应泡沫机绵密泡沫礼品新品懒人洗脸神器,260603-185598032261089,已收货,1	,2026-06-03 13:01:06,	,无售后或售后取消,168.99	,168.99	
趣白全自动洗面奶打泡机感应泡沫机绵密泡沫礼品新品懒人洗脸神器,260603-244234371412158,已发货，退款成功,1	,2026-06-03 11:26:39,(收)[QBPH004]*[1]#,退款成功,135.2	,168.99	
趣白全自动洗面奶打泡机感应泡沫机绵密泡沫礼品新品懒人洗脸神器,260603-647065813330910,已收货,1	,2026-06-03 11:25:53,	,无售后或售后取消,168.99	,168.99	
趣白全自动洗面奶打泡机感应泡沫机绵密泡沫礼品新品懒人洗脸神器,260603-648208791990628,已发货，退款成功,1	,2026-06-03 10:58:35,	,退款成功,148.72	,168.99	
趣白全自动洗面奶打泡机感应泡沫机绵密泡沫礼品新品懒人洗脸神器,260603-456508127520466,已收货,1	,2026-06-03 09:46:53,	,无售后或售后取消,133.51	,168.99	
趣白全自动洗面奶打泡机感应泡沫机绵密泡沫礼品新品懒人洗脸神器,260603-175594575373585,已收货,1	,2026-06-03 09:16:36,	,无售后或售后取消,168.99	,168.99	
趣白全自动洗面奶打泡机感应泡沫机绵密泡沫礼品新品懒人洗脸神器,260603-264503345442988,未发货，退款成功,1	,2026-06-03 09:04:14,	,退款成功,168.99	,168.99	
趣白全自动洗面奶打泡机感应泡沫机绵密泡沫礼品新品懒人洗脸神器,260603-234839140642988,未发货，退款成功,1	,2026-06-03 09:03:19,	,退款成功,168.99	,168.99	
趣白全自动洗面奶打泡机感应泡沫机绵密泡沫礼品新品懒人洗脸神器,260603-020698908261142,已收货,1	,2026-06-03 08:53:12,	,无售后或售后取消,126.75	,168.99	
趣白全自动洗面奶打泡机感应泡沫机绵密泡沫礼品新品懒人洗脸神器,260603-418507712863119,已收货,1	,2026-06-03 08:48:27,	,无售后或售后取消,168.99	,168.99	
趣白全自动洗面奶打泡机感应泡沫机绵密泡沫礼品新品懒人洗脸神器,260603-379353832960174,已收货,1	,2026-06-03 08:44:26,	,无售后或售后取消,168.99	,168.99	
趣白全自动洗面奶打泡机感应泡沫机绵密泡沫礼品新品懒人洗脸神器,260603-365806293413919,已发货，退款成功,1	,2026-06-03 08:25:58,	,退款成功,143.65	,168.99	
趣白全自动洗面奶打泡机感应泡沫机绵密泡沫礼品新品懒人洗脸神器,260603-533892994560119,已收货,1	,2026-06-03 07:46:43,	,无售后或售后取消,126.75	,168.99	
趣白全自动洗面奶打泡机感应泡沫机绵密泡沫礼品新品懒人洗脸神器,260603-245240993342592,已发货，退款成功,1	,2026-06-03 07:13:04,(收)[QBPH004]*[1]#,退款成功,168.99	,168.99	
趣白全自动洗面奶打泡机感应泡沫机绵密泡沫礼品新品懒人洗脸神器,260603-261871450483396,未发货，退款成功,1	,2026-06-03 05:52:09,	,退款成功,168.99	,168.99	
趣白全自动洗面奶打泡机感应泡沫机绵密泡沫礼品新品懒人洗脸神器,260603-300532405782601,已取消,1	,	,	,无售后或售后取消,133.51	,168.99	
趣白全自动洗面奶打泡机感应泡沫机绵密泡沫礼品新品懒人洗脸神器,260603-520680926763198,已收货,1	,2026-06-03 05:26:14,	,无售后或售后取消,148.72	,168.99	
趣白全自动洗面奶打泡机感应泡沫机绵密泡沫礼品新品懒人洗脸神器,260603-411398357341864,已发货，退款成功,1	,2026-06-03 03:47:12,(收)[QBPH004]*[1]#,退款成功,138.58	,168.99	
趣白全自动洗面奶打泡机感应泡沫机绵密泡沫礼品新品懒人洗脸神器,260603-020195612180945,已发货，退款成功,1	,2026-06-03 03:21:15,(收)[QBPH004]*[1]#,退款成功,165.99	,168.99	
趣白全自动洗面奶打泡机感应泡沫机绵密泡沫礼品新品懒人洗脸神器,260603-538223603213505,已收货,1	,2026-06-03 02:58:13,	,无售后或售后取消,168.99	,168.99	
趣白全自动洗面奶打泡机感应泡沫机绵密泡沫礼品新品懒人洗脸神器,260603-485574602253589,已发货，退款成功,1	,2026-06-03 01:25:36,	,退款成功,148.99	,168.99	
趣白全自动洗面奶打泡机感应泡沫机绵密泡沫礼品新品懒人洗脸神器,260602-529997566291298,已收货,1	,2026-06-02 22:50:09,退差价，退差价，发配件,无售后或售后取消,126.75	,168.99	
趣白全自动洗面奶打泡机感应泡沫机绵密泡沫礼品新品懒人洗脸神器,260602-236794755492197,已发货，待收货,1	,2026-06-02 22:14:18,	,无售后或售后取消,168.99	,168.99	
趣白全自动洗面奶打泡机感应泡沫机绵密泡沫礼品新品懒人洗脸神器,260602-413458829750883,已收货,1	,2026-06-02 22:08:43,	,无售后或售后取消,168.99	,168.99	
趣白全自动洗面奶打泡机感应泡沫机绵密泡沫礼品新品懒人洗脸神器,260602-538847547700519,已发货，退款成功,2	,2026-06-02 21:43:45,	,退款成功,309.61	,334.61	
趣白全自动洗面奶打泡机感应泡沫机绵密泡沫礼品新品懒人洗脸神器,260602-305832988992691,已收货,1	,2026-06-02 21:19:17,	,无售后或售后取消,126.75	,168.99	
趣白全自动洗面奶打泡机感应泡沫机绵密泡沫礼品新品懒人洗脸神器,260602-057703186812572,已取消,1	,	,	,无售后或售后取消,148.72	,168.99	
趣白全自动洗面奶打泡机感应泡沫机绵密泡沫礼品新品懒人洗脸神器,260602-476126912130839,已收货,1	,2026-06-02 20:54:46,	,无售后或售后取消,152.1	,168.99	
趣白全自动洗面奶打泡机感应泡沫机绵密泡沫礼品新品懒人洗脸神器,260602-542056158821206,已收货,1	,2026-06-02 20:47:51,	,无售后或售后取消,160.55	,168.99	
趣白全自动洗面奶打泡机感应泡沫机绵密泡沫礼品新品懒人洗脸神器,260602-524696994192801,已收货,1	,2026-06-02 20:26:27,	,无售后或售后取消,118.99	,168.99	
趣白全自动洗面奶打泡机感应泡沫机绵密泡沫礼品新品懒人洗脸神器,260602-368920553903515,已收货,1	,2026-06-02 20:20:28,	,无售后或售后取消,152.1	,168.99	
趣白全自动洗面奶打泡机感应泡沫机绵密泡沫礼品新品懒人洗脸神器,260602-254494645792521,已收货,1	,2026-06-02 20:13:00,	,售后处理中,126.75	,168.99	
趣白全自动洗面奶打泡机感应泡沫机绵密泡沫礼品新品懒人洗脸神器,260602-467187874171722,已收货，退款成功,1	,2026-06-02 20:09:55,(收)[1877214163146]*[1]#,退款成功,168.99	,168.99	
趣白全自动洗面奶打泡机感应泡沫机绵密泡沫礼品新品懒人洗脸神器,260602-440176504423011,已收货,1	,2026-06-02 19:23:21,	,无售后或售后取消,143.65	,168.99	
趣白全自动洗面奶打泡机感应泡沫机绵密泡沫礼品新品懒人洗脸神器,260602-209741422134067,已取消,1	,	,	,无售后或售后取消,135.2	,168.99	
趣白全自动洗面奶打泡机感应泡沫机绵密泡沫礼品新品懒人洗脸神器,260602-597525840190895,已收货,1	,2026-06-02 18:57:54,	,无售后或售后取消,135.2	,168.99	
趣白全自动洗面奶打泡机感应泡沫机绵密泡沫礼品新品懒人洗脸神器,260602-504852661793231,已收货,1	,2026-06-02 18:40:26,	,无售后或售后取消,168.99	,168.99	
趣白全自动洗面奶打泡机感应泡沫机绵密泡沫礼品新品懒人洗脸神器,260602-238724093491835,已收货,1	,2026-06-02 18:20:36,	,无售后或售后取消,135.2	,168.99	
趣白全自动洗面奶打泡机感应泡沫机绵密泡沫礼品新品懒人洗脸神器,260602-099184873800029,已收货,1	,2026-06-02 17:34:47,	,无售后或售后取消,168.99	,168.99	
趣白全自动洗面奶打泡机感应泡沫机绵密泡沫礼品新品懒人洗脸神器,260602-122473757102560,已收货,1	,2026-06-02 17:04:53,	,无售后或售后取消,126.75	,168.99	
趣白全自动洗面奶打泡机感应泡沫机绵密泡沫礼品新品懒人洗脸神器,260602-221218128280973,已收货,1	,2026-06-02 16:41:35,	,无售后或售后取消,143.65	,168.99	
趣白全自动洗面奶打泡机感应泡沫机绵密泡沫礼品新品懒人洗脸神器,260602-034372391212030,已收货,1	,2026-06-02 16:41:33,	,无售后或售后取消,168.99	,168.99	
趣白全自动洗面奶打泡机感应泡沫机绵密泡沫礼品新品懒人洗脸神器,260602-470349289023210,已发货，退款成功,1	,2026-06-02 15:13:46,(收)[QBPH004]*[1]#,退款成功,143.65	,168.99	
趣白全自动洗面奶打泡机感应泡沫机绵密泡沫礼品新品懒人洗脸神器,260602-180218795533306,已收货,1	,2026-06-02 15:09:34,	,无售后或售后取消,168.99	,168.99	
趣白全自动洗面奶打泡机感应泡沫机绵密泡沫礼品新品懒人洗脸神器,260602-634986248593580,已收货,1	,2026-06-02 14:30:01,	,无售后或售后取消,152.1	,168.99	
趣白全自动皂液器感应皂液器凝胶机洗洁精沐浴露卫生间厨房,260602-613511412113580,已收货,1	,2026-06-02 14:30:01,	,无售后或售后取消,78.09	,85.0	
趣白全自动洗面奶打泡机感应泡沫机绵密泡沫礼品新品懒人洗脸神器,260602-023288880670199,已收货,1	,2026-06-02 14:18:13,	,无售后或售后取消,136.89	,168.99	
趣白全自动洗面奶打泡机感应泡沫机绵密泡沫礼品新品懒人洗脸神器,260602-506336396841590,已发货，退款成功,1	,2026-06-02 14:07:58,(收)[QBPH004]*[1]#,退款成功,168.99	,168.99	
趣白全自动洗面奶打泡机感应泡沫机绵密泡沫礼品新品懒人洗脸神器,260602-226502961553107,已发货，退款成功,1	,2026-06-02 13:46:44,(收)[QBPH004]*[1]#,退款成功,143.65	,168.99	
趣白全自动洗面奶打泡机感应泡沫机绵密泡沫礼品新品懒人洗脸神器,260602-084903258541470,未发货，退款成功,1	,2026-06-02 13:26:43,	,退款成功,143.65	,168.99	
趣白全自动洗面奶打泡机感应泡沫机绵密泡沫礼品新品懒人洗脸神器,260602-216478564760228,已取消,1	,	,	,无售后或售后取消,152.1	,168.99	
趣白全自动洗面奶打泡机感应泡沫机绵密泡沫礼品新品懒人洗脸神器,260602-350570473842387,已取消,1	,	,	,无售后或售后取消,168.99	,168.99	
趣白全自动洗面奶打泡机感应泡沫机绵密泡沫礼品新品懒人洗脸神器,260602-250200737353534,已收货,1	,2026-06-02 11:28:19,	,无售后或售后取消,148.72	,168.99	
趣白全自动洗面奶打泡机感应泡沫机绵密泡沫礼品新品懒人洗脸神器,260602-161879232931864,已发货，退款成功,1	,2026-06-02 11:13:21,(收)[QBPH004]*[1]#,退款成功,152.1	,168.99	
趣白全自动洗面奶打泡机感应泡沫机绵密泡沫礼品新品懒人洗脸神器,260602-545311987201513,已收货,1	,2026-06-02 10:25:17,	,无售后或售后取消,126.75	,168.99	
趣白全自动洗面奶打泡机感应泡沫机绵密泡沫礼品新品懒人洗脸神器,260602-324765028770989,已收货,1	,2026-06-02 10:09:48,	,无售后或售后取消,168.99	,168.99	
趣白全自动洗面奶打泡机感应泡沫机绵密泡沫礼品新品懒人洗脸神器,260602-240952359200695,已发货，退款成功,1	,2026-06-02 09:33:01,	,退款成功,153.79	,168.99	
趣白全自动洗面奶打泡机感应泡沫机绵密泡沫礼品新品懒人洗脸神器,260602-375725832601226,已收货,1	,2026-06-02 09:32:30,	,无售后或售后取消,168.99	,168.99	
趣白全自动洗面奶打泡机感应泡沫机绵密泡沫礼品新品懒人洗脸神器,260602-302681966112336,已收货,1	,2026-06-02 09:30:23,	,无售后或售后取消,168.99	,168.99	
趣白全自动洗面奶打泡机感应泡沫机绵密泡沫礼品新品懒人洗脸神器,260602-641990726072688,已收货,1	,2026-06-02 09:05:33,	,无售后或售后取消,168.99	,168.99	
趣白全自动洗面奶打泡机感应泡沫机绵密泡沫礼品新品懒人洗脸神器,260602-014449447243379,已收货,1	,2026-06-02 07:12:44,	,无售后或售后取消,148.72	,168.99	
趣白全自动洗面奶打泡机感应泡沫机绵密泡沫礼品新品懒人洗脸神器,260602-343482089883659,已发货，退款成功,1	,2026-06-02 05:57:21,	,退款成功,168.99	,168.99	
趣白全自动洗面奶打泡机感应泡沫机绵密泡沫礼品新品懒人洗脸神器,260602-147555653161136,已发货，退款成功,1	,2026-06-02 04:41:39,	,退款成功,136.89	,168.99	
趣白全自动洗面奶打泡机感应泡沫机绵密泡沫礼品新品懒人洗脸神器,260602-000220260721971,已收货,1	,2026-06-02 00:16:07,	,无售后或售后取消,168.99	,168.99	
趣白全自动洗面奶打泡机感应泡沫机绵密泡沫礼品新品懒人洗脸神器,260601-681469602120501,未发货，退款成功,1	,2026-06-01 23:57:17,	,退款成功,157.75	,168.99	
趣白全自动洗面奶打泡机感应泡沫机绵密泡沫礼品新品懒人洗脸神器,260601-610984323411328,未发货，退款成功,1	,2026-06-01 23:37:01,	,退款成功,160.82	,168.99	
趣白全自动洗面奶打泡机感应泡沫机绵密泡沫礼品新品懒人洗脸神器,260601-329598932580880,未发货，退款成功,1	,2026-06-01 23:19:42,	,退款成功,168.99	,168.99	
趣白全自动洗面奶打泡机感应泡沫机绵密泡沫礼品新品懒人洗脸神器,260601-324188291440470,已收货,1	,2026-06-01 23:06:48,	,无售后或售后取消,168.99	,168.99	
趣白全自动洗面奶打泡机感应泡沫机绵密泡沫礼品新品懒人洗脸神器,260601-081621225800006,已收货,1	,2026-06-01 22:59:11,	,无售后或售后取消,133.51	,168.99	
趣白全自动洗面奶打泡机感应泡沫机绵密泡沫礼品新品懒人洗脸神器,260601-141285210443560,已收货,1	,2026-06-01 22:25:12,	,无售后或售后取消,130.13	,168.99	
趣白全自动洗面奶打泡机感应泡沫机绵密泡沫礼品新品懒人洗脸神器,260601-540163479061076,未发货，退款成功,1	,2026-06-01 21:53:52,	,退款成功,141.96	,168.99	
趣白全自动洗面奶打泡机感应泡沫机绵密泡沫礼品新品懒人洗脸神器,260601-389158028880171,已收货,1	,2026-06-01 21:52:59,	,无售后或售后取消,126.75	,168.99	
趣白全自动洗面奶打泡机感应泡沫机绵密泡沫礼品新品懒人洗脸神器,260601-565518068092063,已收货,1	,2026-06-01 21:53:17,	,无售后或售后取消,130.13	,168.99	
趣白全自动洗面奶打泡机感应泡沫机绵密泡沫礼品新品懒人洗脸神器,260601-203035809431817,已收货,1	,2026-06-01 21:41:06,	,无售后或售后取消,143.65	,168.99	
趣白全自动洗面奶打泡机感应泡沫机绵密泡沫礼品新品懒人洗脸神器,260601-524340488570958,已收货,1	,2026-06-01 21:10:23,	,无售后或售后取消,160.55	,168.99	
趣白全自动洗面奶打泡机感应泡沫机绵密泡沫礼品新品懒人洗脸神器,260601-663392172462930,已收货,1	,2026-06-01 21:08:34,	,无售后或售后取消,143.65	,168.99	
趣白全自动洗面奶打泡机感应泡沫机绵密泡沫礼品新品懒人洗脸神器,260601-538013898321478,已取消,1	,	,	,无售后或售后取消,168.99	,168.99	
趣白全自动洗面奶打泡机感应泡沫机绵密泡沫礼品新品懒人洗脸神器,260601-113015570842038,已收货,1	,2026-06-01 20:26:42,	,无售后或售后取消,130.13	,168.99	
趣白全自动洗面奶打泡机感应泡沫机绵密泡沫礼品新品懒人洗脸神器,260601-626513712681793,已发货，退款成功,1	,2026-06-01 19:51:52,	,退款成功,168.99	,168.99	
趣白全自动洗面奶打泡机感应泡沫机绵密泡沫礼品新品懒人洗脸神器,260601-215419481611718,已收货,1	,2026-06-01 19:07:12,	,无售后或售后取消,168.99	,168.99	
趣白全自动洗面奶打泡机感应泡沫机绵密泡沫礼品新品懒人洗脸神器,260601-573361416562224,已取消,1	,	,	,无售后或售后取消,160.55	,168.99	
趣白全自动洗面奶打泡机感应泡沫机绵密泡沫礼品新品懒人洗脸神器,260601-555388813691516,未发货，退款成功,1	,2026-06-01 16:59:00,	,退款成功,168.99	,168.99	
趣白全自动洗面奶打泡机感应泡沫机绵密泡沫礼品新品懒人洗脸神器,260601-661200638242888,已收货,2	,2026-06-01 16:52:21,	,无售后或售后取消,334.61	,334.61	
趣白全自动洗面奶打泡机感应泡沫机绵密泡沫礼品新品懒人洗脸神器,260601-071439542571362,已收货,1	,2026-06-01 16:43:46,	,无售后或售后取消,168.99	,168.99	
趣白全自动洗面奶打泡机感应泡沫机绵密泡沫礼品新品懒人洗脸神器,260601-302891681283589,已发货，退款成功,1	,2026-06-01 15:59:29,(收)[QBPH004]*[1]#,退款成功,135.2	,168.99	
趣白全自动洗面奶打泡机感应泡沫机绵密泡沫礼品新品懒人洗脸神器,260601-099530883450398,未发货，退款成功,1	,2026-06-01 15:30:52,	,退款成功,168.99	,168.99	
趣白全自动洗面奶打泡机感应泡沫机绵密泡沫礼品新品懒人洗脸神器,260601-372485722530046,已取消,1	,	,	,无售后或售后取消,168.99	,168.99	
趣白全自动洗面奶打泡机感应泡沫机绵密泡沫礼品新品懒人洗脸神器,260601-402170877571006,未发货，退款成功,1	,2026-06-01 15:27:50,	,退款成功,168.99	,168.99	
趣白全自动洗面奶打泡机感应泡沫机绵密泡沫礼品新品懒人洗脸神器,260601-305869668773969,已收货,1	,2026-06-01 15:24:56,	,无售后或售后取消,152.1	,168.99	
趣白全自动洗面奶打泡机感应泡沫机绵密泡沫礼品新品懒人洗脸神器,260601-657876610660024,已收货,1	,2026-06-01 14:37:25,	,无售后或售后取消,140.27	,168.99	
趣白全自动洗面奶打泡机感应泡沫机绵密泡沫礼品新品懒人洗脸神器,260601-617527427413067,未发货，退款成功,1	,2026-06-01 14:28:49,	,退款成功,152.1	,168.99	
趣白全自动洗面奶打泡机感应泡沫机绵密泡沫礼品新品懒人洗脸神器,260601-241707292261147,已收货,1	,2026-06-01 13:55:34,	,无售后或售后取消,135.2	,168.99	
趣白全自动洗面奶打泡机感应泡沫机绵密泡沫礼品新品懒人洗脸神器,260601-068880985642349,已收货,1	,2026-06-01 13:43:43,	,无售后或售后取消,168.99	,168.99	
趣白全自动洗面奶打泡机感应泡沫机绵密泡沫礼品新品懒人洗脸神器,260601-490754567680435,已发货，退款成功,1	,2026-06-01 13:37:53,	,退款成功,168.99	,168.99	
趣白全自动洗面奶打泡机感应泡沫机绵密泡沫礼品新品懒人洗脸神器,260601-378525520292423,已收货,1	,2026-06-01 13:35:49,	,无售后或售后取消,130.13	,168.99	
趣白全自动洗面奶打泡机感应泡沫机绵密泡沫礼品新品懒人洗脸神器,260601-062683891212038,未发货，退款成功,1	,2026-06-01 13:27:24,	,退款成功,152.1	,168.99	
趣白全自动洗面奶打泡机感应泡沫机绵密泡沫礼品新品懒人洗脸神器,260601-496374976891991,已发货，退款成功,1	,2026-06-01 13:22:00,	,退款成功,143.65	,168.99	
趣白全自动洗面奶打泡机感应泡沫机绵密泡沫礼品新品懒人洗脸神器,260601-325624850781421,已收货,1	,2026-06-01 13:19:21,	,无售后或售后取消,168.99	,168.99	
趣白全自动洗面奶打泡机感应泡沫机绵密泡沫礼品新品懒人洗脸神器,260601-681448588800399,已发货，退款成功,1	,2026-06-01 13:11:54,(收)[QBPH004]*[1]#,退款成功,168.99	,168.99	
趣白全自动洗面奶打泡机感应泡沫机绵密泡沫礼品新品懒人洗脸神器,260601-675629033821329,已收货,1	,2026-06-01 12:48:55,	,无售后或售后取消,152.1	,168.99	
趣白全自动洗面奶打泡机感应泡沫机绵密泡沫礼品新品懒人洗脸神器,260601-478192637500157,已取消,1	,	,	,无售后或售后取消,168.99	,168.99	
趣白全自动洗面奶打泡机感应泡沫机绵密泡沫礼品新品懒人洗脸神器,260601-228254062193134,已收货,1	,2026-06-01 12:28:19,	,无售后或售后取消,168.99	,168.99	
趣白全自动洗面奶打泡机感应泡沫机绵密泡沫礼品新品懒人洗脸神器,260601-681857523230606,已收货,1	,2026-06-01 12:21:07,	,无售后或售后取消,136.89	,168.99	
趣白全自动洗面奶打泡机感应泡沫机绵密泡沫礼品新品懒人洗脸神器,260601-276960407102346,已收货,1	,2026-06-01 12:19:07,	,无售后或售后取消,135.2	,168.99	
趣白全自动洗面奶打泡机感应泡沫机绵密泡沫礼品新品懒人洗脸神器,260601-501932439843981,已发货，退款成功,1	,2026-06-01 11:37:39,(收)[QBPH004]*[1]#,退款成功,133.51	,168.99	
趣白全自动洗面奶打泡机感应泡沫机绵密泡沫礼品新品懒人洗脸神器,260601-445393159782146,已收货,1	,2026-06-01 11:30:38,	,无售后或售后取消,152.1	,168.99	
趣白全自动洗面奶打泡机感应泡沫机绵密泡沫礼品新品懒人洗脸神器,260601-483225833782517,已收货，退款成功,1	,2026-06-01 11:29:24,(收)[1877214163146]*[1]#,退款成功,145.34	,168.99	
趣白全自动洗面奶打泡机感应泡沫机绵密泡沫礼品新品懒人洗脸神器,260601-393153123891635,已发货，待收货,1	,2026-06-01 11:14:09,	,无售后或售后取消,168.99	,168.99	
趣白全自动洗面奶打泡机感应泡沫机绵密泡沫礼品新品懒人洗脸神器,260601-341248643360390,已收货,1	,2026-06-01 11:02:02,	,无售后或售后取消,143.65	,168.99	
趣白全自动洗面奶打泡机感应泡沫机绵密泡沫礼品新品懒人洗脸神器,260601-482156234310986,已收货,1	,2026-06-01 10:41:17,	,无售后或售后取消,143.65	,168.99	
趣白全自动洗面奶打泡机感应泡沫机绵密泡沫礼品新品懒人洗脸神器,260601-200949154193894,未发货，退款成功,1	,2026-06-01 10:34:25,	,退款成功,143.65	,168.99	
趣白全自动洗面奶打泡机感应泡沫机绵密泡沫礼品新品懒人洗脸神器,260601-145427075441577,已收货,1	,2026-06-01 10:18:47,	,无售后或售后取消,168.99	,168.99	
趣白全自动洗面奶打泡机感应泡沫机绵密泡沫礼品新品懒人洗脸神器,260601-216688279962822,已收货,1	,2026-06-01 10:17:21,	,无售后或售后取消,152.1	,168.99	
趣白全自动洗面奶打泡机感应泡沫机绵密泡沫礼品新品懒人洗脸神器,260601-429077337713479,已收货，退款成功,1	,2026-06-01 10:17:07,	,退款成功,160.55	,168.99	
趣白全自动洗面奶打泡机感应泡沫机绵密泡沫礼品新品懒人洗脸神器,260601-450111803710250,已发货，退款成功,1	,2026-06-01 10:28:15,	,退款成功,126.75	,168.99	
趣白全自动洗面奶打泡机感应泡沫机绵密泡沫礼品新品懒人洗脸神器,260601-585357146520042,已收货,1	,2026-06-01 09:29:06,	,无售后或售后取消,168.99	,168.99	
趣白全自动洗面奶打泡机感应泡沫机绵密泡沫礼品新品懒人洗脸神器,260601-664944034111314,已收货,1	,2026-06-01 09:00:29,	,无售后或售后取消,168.99	,168.99	
趣白全自动洗面奶打泡机感应泡沫机绵密泡沫礼品新品懒人洗脸神器,260601-553752993282282,已收货,1	,2026-06-01 08:23:08,	,无售后或售后取消,135.2	,168.99	
趣白全自动洗面奶打泡机感应泡沫机绵密泡沫礼品新品懒人洗脸神器,260601-429968596542483,已收货,1	,2026-06-01 07:05:26,	,无售后或售后取消,168.99	,168.99	
趣白全自动洗面奶打泡机感应泡沫机绵密泡沫礼品新品懒人洗脸神器,260601-398972752292268,已收货,1	,2026-06-01 06:58:33,	,无售后或售后取消,168.99	,168.99	
趣白全自动洗面奶打泡机感应泡沫机绵密泡沫礼品新品懒人洗脸神器,260601-074994215263984,未发货，退款成功,1	,2026-06-01 05:29:08,	,退款成功,168.99	,168.99	
趣白全自动洗面奶打泡机感应泡沫机绵密泡沫礼品新品懒人洗脸神器,260601-485574644101831,未发货，退款成功,1	,2026-06-01 01:31:13,	,退款成功,126.75	,168.99	
趣白全自动洗面奶打泡机感应泡沫机绵密泡沫礼品新品懒人洗脸神器,260601-418256064841945,已发货，退款成功,1	,2026-06-01 01:18:54,	,退款成功,168.99	,168.99	
趣白全自动洗面奶打泡机感应泡沫机绵密泡沫礼品新品懒人洗脸神器,260601-588219696761647,已收货,1	,2026-06-01 00:26:36,	,无售后或售后取消,162.99	,168.99	
趣白全自动洗面奶打泡机感应泡沫机绵密泡沫礼品新品懒人洗脸神器,260601-222717580881437,已发货，退款成功,1	,2026-06-01 20:29:14,	,退款成功,168.99	,168.99	
趣白全自动洗面奶打泡机感应泡沫机绵密泡沫礼品新品懒人洗脸神器,260601-221606111673647,已收货,1	,2026-06-01 00:08:18,	,无售后或售后取消,126.75	,168.99	
趣白全自动洗面奶打泡机感应泡沫机绵密泡沫礼品新品懒人洗脸神器,260531-253089584783875,已取消,1	,	,	,无售后或售后取消,168.99	,168.99	
趣白全自动洗面奶打泡机感应泡沫机绵密泡沫礼品新品懒人洗脸神器,260531-516114388521783,已收货,1	,2026-05-31 23:03:51,	,无售后或售后取消,126.75	,168.99	
趣白全自动洗面奶打泡机感应泡沫机绵密泡沫礼品新品懒人洗脸神器,260531-536121250144053,已收货，退款成功,1	,2026-05-31 21:57:39,	,退款成功,126.75	,168.99	
趣白全自动洗面奶打泡机感应泡沫机绵密泡沫礼品新品懒人洗脸神器,260531-634980953753996,已收货,1	,2026-05-31 21:57:27,	,无售后或售后取消,152.1	,168.99	
趣白全自动洗面奶打泡机感应泡沫机绵密泡沫礼品新品懒人洗脸神器,260531-406768852493966,已收货,1	,2026-05-31 20:36:23,	,无售后或售后取消,168.99	,168.99	
趣白全自动洗面奶打泡机感应泡沫机绵密泡沫礼品新品懒人洗脸神器,260531-288992806463689,已收货,1	,2026-05-31 20:25:16,	,无售后或售后取消,168.99	,168.99	
趣白全自动洗面奶打泡机感应泡沫机绵密泡沫礼品新品懒人洗脸神器,260531-054132743733889,已取消,1	,	,	,无售后或售后取消,168.99	,168.99	
趣白全自动洗面奶打泡机感应泡沫机绵密泡沫礼品新品懒人洗脸神器,260531-607995860603605,已收货,1	,2026-05-31 20:02:58,	,无售后或售后取消,135.2	,168.99	
趣白全自动洗面奶打泡机感应泡沫机绵密泡沫礼品新品懒人洗脸神器,260531-288305978910201,未发货，退款成功,1	,2026-05-31 19:53:06,	,退款成功,126.75	,168.99	
趣白全自动洗面奶打泡机感应泡沫机绵密泡沫礼品新品懒人洗脸神器,260531-391166041711219,未发货，退款成功,1	,2026-05-31 19:48:06,	,退款成功,143.65	,168.99	
趣白全自动洗面奶打泡机感应泡沫机绵密泡沫礼品新品懒人洗脸神器,260531-183212521853895,已收货,1	,2026-05-31 19:28:34,	,无售后或售后取消,168.99	,168.99	
趣白全自动洗面奶打泡机感应泡沫机绵密泡沫礼品新品懒人洗脸神器,260531-020473506163591,已收货,1	,2026-05-31 18:44:22,	,无售后或售后取消,126.75	,168.99	
趣白全自动洗面奶打泡机感应泡沫机绵密泡沫礼品新品懒人洗脸神器,260531-254096249242237,已收货,1	,2026-05-31 18:33:04,	,无售后或售后取消,143.65	,168.99	
趣白全自动洗面奶打泡机感应泡沫机绵密泡沫礼品新品懒人洗脸神器,260531-186735726992255,已收货,1	,2026-05-31 17:42:04,	,无售后或售后取消,168.99	,168.99	
趣白全自动洗面奶打泡机感应泡沫机绵密泡沫礼品新品懒人洗脸神器,260531-427598814732218,未发货，退款成功,1	,2026-05-31 17:37:11,	,退款成功,130.2	,168.99	
趣白全自动洗面奶打泡机感应泡沫机绵密泡沫礼品新品懒人洗脸神器,260531-089768651181302,已收货,1	,2026-05-31 16:36:07,	,无售后或售后取消,168.99	,168.99	
趣白全自动洗面奶打泡机感应泡沫机绵密泡沫礼品新品懒人洗脸神器,260531-671938036141115,未发货，退款成功,1	,2026-05-31 16:03:27,	,退款成功,154.96	,168.99	
趣白全自动洗面奶打泡机感应泡沫机绵密泡沫礼品新品懒人洗脸神器,260531-083246476911361,已发货，退款成功,1	,2026-05-31 15:54:34,(收)[QBPH004]*[1]#,退款成功,135.2	,168.99	
趣白全自动洗面奶打泡机感应泡沫机绵密泡沫礼品新品懒人洗脸神器,260531-655276121703968,已收货,1	,2026-05-31 15:52:25,	,无售后或售后取消,126.75	,168.99	
趣白全自动洗面奶打泡机感应泡沫机绵密泡沫礼品新品懒人洗脸神器,260531-570928710051565,已收货,1	,2026-05-31 15:49:55,	,无售后或售后取消,143.65	,168.99	
趣白全自动洗面奶打泡机感应泡沫机绵密泡沫礼品新品懒人洗脸神器,260531-374855504281105,已收货,1	,2026-05-31 15:47:25,	,无售后或售后取消,168.99	,168.99	
趣白全自动洗面奶打泡机感应泡沫机绵密泡沫礼品新品懒人洗脸神器,260531-345243717982062,已收货,1	,2026-05-31 15:44:50,	,无售后或售后取消,135.2	,168.99	
趣白全自动洗面奶打泡机感应泡沫机绵密泡沫礼品新品懒人洗脸神器,260531-376438801941587,已发货，退款成功,1	,2026-05-31 15:25:27,	,退款成功,135.2	,168.99	
趣白全自动洗面奶打泡机感应泡沫机绵密泡沫礼品新品懒人洗脸神器,260531-103819589990391,未发货，退款成功,1	,2026-05-31 15:25:16,	,退款成功,135.2	,168.99	
趣白全自动洗面奶打泡机感应泡沫机绵密泡沫礼品新品懒人洗脸神器,260531-228757358103639,已收货,1	,2026-05-31 15:00:55,	,无售后或售后取消,144.99	,168.99	
趣白全自动洗面奶打泡机感应泡沫机绵密泡沫礼品新品懒人洗脸神器,260531-244528003363884,已收货,1	,2026-05-31 14:36:16,	,无售后或售后取消,152.61	,168.99	
趣白全自动洗面奶打泡机感应泡沫机绵密泡沫礼品新品懒人洗脸神器,260531-298697439521598,已发货，退款成功,1	,2026-05-31 14:27:58,	,退款成功,152.1	,168.99	
趣白全自动洗面奶打泡机感应泡沫机绵密泡沫礼品新品懒人洗脸神器,260531-070474852673262,已收货,1	,2026-05-31 14:26:28,	,无售后或售后取消,158.99	,168.99	
趣白全自动洗面奶打泡机感应泡沫机绵密泡沫礼品新品懒人洗脸神器,260531-046451966281521,已取消,1	,	,	,无售后或售后取消,168.99	,168.99	
趣白全自动洗面奶打泡机感应泡沫机绵密泡沫礼品新品懒人洗脸神器,260531-491320840542050,已发货，退款成功,2	,2026-05-31 13:53:36,	,退款成功,250.96	,334.61	
趣白全自动洗面奶打泡机感应泡沫机绵密泡沫礼品新品懒人洗脸神器,260531-043306216960693,已发货，退款成功,1	,2026-05-31 13:19:50,(收)[QBPH004]*[1]#,退款成功,126.75	,168.99	
趣白全自动洗面奶打泡机感应泡沫机绵密泡沫礼品新品懒人洗脸神器,260531-439238080893526,已收货,1	,2026-05-31 12:59:27,	,无售后或售后取消,160.55	,168.99	
趣白全自动洗面奶打泡机感应泡沫机绵密泡沫礼品新品懒人洗脸神器,260531-193483271752622,已收货,1	,2026-05-31 12:53:51,	,无售后或售后取消,168.99	,168.99	
趣白全自动洗面奶打泡机感应泡沫机绵密泡沫礼品新品懒人洗脸神器,260531-098576679212955,已收货,1	,2026-05-31 12:04:45,	,无售后或售后取消,126.75	,168.99	
趣白全自动洗面奶打泡机感应泡沫机绵密泡沫礼品新品懒人洗脸神器,260531-655569733152496,已收货，退款成功,1	,2026-05-31 11:44:55,(收)[QBPH004]*[1]#,退款成功,143.65	,168.99	
趣白全自动洗面奶打泡机感应泡沫机绵密泡沫礼品新品懒人洗脸神器,260531-653650901312013,已收货,1	,2026-05-31 11:33:30,	,无售后或售后取消,168.99	,168.99	
趣白全自动洗面奶打泡机感应泡沫机绵密泡沫礼品新品懒人洗脸神器,260531-371028170313379,已收货,1	,2026-05-31 11:32:27,	,无售后或售后取消,168.99	,168.99	
趣白全自动洗面奶打泡机感应泡沫机绵密泡沫礼品新品懒人洗脸神器,260531-604451673631449,已取消,1	,	,	,无售后或售后取消,135.2	,168.99	
趣白全自动洗面奶打泡机感应泡沫机绵密泡沫礼品新品懒人洗脸神器,260531-600876071212036,已发货，待收货,1	,2026-05-31 10:31:26,	,无售后或售后取消,163.99	,168.99	
趣白全自动洗面奶打泡机感应泡沫机绵密泡沫礼品新品懒人洗脸神器,260531-387134267033750,已收货,1	,2026-05-31 10:22:21,	,无售后或售后取消,168.99	,168.99	
趣白全自动洗面奶打泡机感应泡沫机绵密泡沫礼品新品懒人洗脸神器,260531-270742351373037,已收货,1	,2026-05-31 09:57:47,	,无售后或售后取消,126.75	,168.99	
趣白全自动洗面奶打泡机感应泡沫机绵密泡沫礼品新品懒人洗脸神器,260531-298057756240677,已收货,1	,2026-05-31 09:32:49,	,无售后或售后取消,168.99	,168.99	
趣白全自动洗面奶打泡机感应泡沫机绵密泡沫礼品新品懒人洗脸神器,260531-177335232943723,已收货,1	,2026-05-31 09:05:52,	,无售后或售后取消,168.99	,168.99	
趣白全自动洗面奶打泡机感应泡沫机绵密泡沫礼品新品懒人洗脸神器,260531-406910430761114,已收货,1	,2026-05-31 09:04:25,	,无售后或售后取消,153.99	,168.99	
趣白全自动洗面奶打泡机感应泡沫机绵密泡沫礼品新品懒人洗脸神器,260531-057231285803728,已收货,1	,2026-05-31 08:38:31,	,无售后或售后取消,168.99	,168.99	
趣白全自动洗面奶打泡机感应泡沫机绵密泡沫礼品新品懒人洗脸神器,260531-246593687900502,已收货,1	,2026-05-31 07:43:44,	,无售后或售后取消,168.99	,168.99	
趣白全自动洗面奶打泡机感应泡沫机绵密泡沫礼品新品懒人洗脸神器,260531-338826391152666,已收货,1	,2026-05-31 07:02:22,	,无售后或售后取消,168.99	,168.99	
趣白全自动洗面奶打泡机感应泡沫机绵密泡沫礼品新品懒人洗脸神器,260531-195832071721884,已收货,1	,2026-05-31 01:56:14,	,无售后或售后取消,168.99	,168.99	
趣白全自动洗面奶打泡机感应泡沫机绵密泡沫礼品新品懒人洗脸神器,260531-359116347031418,已发货，退款成功,1	,2026-05-31 01:44:57,(收)[QBPH004]*[1]#,退款成功,126.75	,168.99	
趣白全自动洗面奶打泡机感应泡沫机绵密泡沫礼品新品懒人洗脸神器,260531-330091732580872,已收货,1	,2026-05-31 01:13:05,	,无售后或售后取消,162.99	,168.99	
趣白全自动洗面奶打泡机感应泡沫机绵密泡沫礼品新品懒人洗脸神器,260531-210071765341247,已发货，退款成功,1	,2026-05-31 00:37:30,	,退款成功,143.65	,168.99	
趣白全自动洗面奶打泡机感应泡沫机绵密泡沫礼品新品懒人洗脸神器,260531-394516272732887,未发货，退款成功,1	,2026-05-31 00:35:35,	,退款成功,168.99	,168.99	
趣白全自动洗面奶打泡机感应泡沫机绵密泡沫礼品新品懒人洗脸神器,260531-249015846501694,未发货，退款成功,1	,2026-05-31 00:31:57,	,退款成功,143.65	,168.99	
趣白全自动洗面奶打泡机感应泡沫机绵密泡沫礼品新品懒人洗脸神器,260530-009279915662057,已发货，退款成功,1	,2026-05-30 23:42:11,	,退款成功,168.99	,168.99	
趣白全自动洗面奶打泡机感应泡沫机绵密泡沫礼品新品懒人洗脸神器,260530-547755180450299,已收货,1	,2026-05-30 23:40:32,	,无售后或售后取消,126.75	,168.99	
趣白全自动洗面奶打泡机感应泡沫机绵密泡沫礼品新品懒人洗脸神器,260530-432883689792826,已取消,1	,	,	,无售后或售后取消,168.99	,168.99	
趣白全自动洗面奶打泡机感应泡沫机绵密泡沫礼品新品懒人洗脸神器,260530-017196695953936,已收货,1	,2026-05-30 23:29:12,	,无售后或售后取消,143.65	,168.99	
趣白全自动洗面奶打泡机感应泡沫机绵密泡沫礼品新品懒人洗脸神器,260530-536850000241975,已收货,1	,2026-05-30 23:28:50,	,无售后或售后取消,152.1	,168.99	
趣白全自动洗面奶打泡机感应泡沫机绵密泡沫礼品新品懒人洗脸神器,260530-672724436510838,已收货,1	,2026-05-30 23:26:15,退差价，发配件，想要分装瓶,无售后或售后取消,126.75	,168.99	
趣白全自动洗面奶打泡机感应泡沫机绵密泡沫礼品新品懒人洗脸神器,260530-054169495882314,未发货，退款成功,1	,2026-05-30 23:04:29,	,退款成功,152.1	,168.99	
趣白全自动洗面奶打泡机感应泡沫机绵密泡沫礼品新品懒人洗脸神器,260530-474837225791993,已收货,1	,2026-05-30 22:49:48,	,无售后或售后取消,160.55	,168.99	
趣白全自动洗面奶打泡机感应泡沫机绵密泡沫礼品新品懒人洗脸神器,260530-148740523571035,已收货,1	,2026-05-30 22:11:26,	,无售后或售后取消,126.75	,168.99	
趣白全自动洗面奶打泡机感应泡沫机绵密泡沫礼品新品懒人洗脸神器,260530-407917043221598,已收货,1	,2026-05-30 22:01:58,	,无售后或售后取消,126.75	,168.99	
趣白全自动洗面奶打泡机感应泡沫机绵密泡沫礼品新品懒人洗脸神器,260530-235698993521715,已发货，退款成功,1	,2026-05-30 21:52:32,	,退款成功,160.55	,168.99	
趣白全自动洗面奶打泡机感应泡沫机绵密泡沫礼品新品懒人洗脸神器,260530-054410636891750,已收货，退款成功,1	,2026-05-30 19:43:26,(收)[1877214163146]*[1]#,退款成功,126.75	,168.99	
趣白全自动洗面奶打泡机感应泡沫机绵密泡沫礼品新品懒人洗脸神器,260530-397011873293355,已收货,1	,2026-05-30 19:42:23,	,无售后或售后取消,143.65	,168.99	
趣白全自动洗面奶打泡机感应泡沫机绵密泡沫礼品新品懒人洗脸神器,260530-663329195622773,已收货，退款成功,1	,2026-05-30 19:39:55,(收)[QBPH004]*[1]#,退款成功,143.65	,168.99	
趣白全自动洗面奶打泡机感应泡沫机绵密泡沫礼品新品懒人洗脸神器,260530-468178758033660,已收货,1	,2026-05-30 19:40:01,	,无售后或售后取消,135.2	,168.99	
趣白全自动洗面奶打泡机感应泡沫机绵密泡沫礼品新品懒人洗脸神器,260530-563274063360485,未发货，退款成功,1	,2026-05-30 19:38:01,	,退款成功,135.2	,168.99	
趣白全自动洗面奶打泡机感应泡沫机绵密泡沫礼品新品懒人洗脸神器,260530-165989588520624,已收货,1	,2026-05-30 19:32:53,	,无售后或售后取消,168.99	,168.99	
趣白全自动洗面奶打泡机感应泡沫机绵密泡沫礼品新品懒人洗脸神器,260530-435389806903485,已收货,1	,2026-05-30 19:13:59,	,无售后或售后取消,168.99	,168.99	
趣白全自动洗面奶打泡机感应泡沫机绵密泡沫礼品新品懒人洗脸神器,260530-015068075612752,已收货,1	,2026-05-30 19:07:40,	,无售后或售后取消,156.99	,168.99	
趣白全自动洗面奶打泡机感应泡沫机绵密泡沫礼品新品懒人洗脸神器,260530-637041385053533,已收货,1	,2026-05-30 19:05:30,	,无售后或售后取消,143.65	,168.99	
趣白全自动洗面奶打泡机感应泡沫机绵密泡沫礼品新品懒人洗脸神器,260530-172805332563332,已收货,1	,2026-05-30 18:55:32,	,无售后或售后取消,152.1	,168.99	
趣白全自动洗面奶打泡机感应泡沫机绵密泡沫礼品新品懒人洗脸神器,260530-625664366153224,已收货,1	,2026-05-30 16:11:43,	,无售后或售后取消,160.55	,168.99	
趣白全自动洗面奶打泡机感应泡沫机绵密泡沫礼品新品懒人洗脸神器,260530-270417292932484,已收货,1	,2026-05-30 16:00:07,	,无售后或售后取消,126.75	,168.99	
趣白全自动洗面奶打泡机感应泡沫机绵密泡沫礼品新品懒人洗脸神器,260530-152305713502680,已收货,1	,2026-05-30 15:55:58,	,无售后或售后取消,126.75	,168.99	
趣白全自动洗面奶打泡机感应泡沫机绵密泡沫礼品新品懒人洗脸神器,260530-525179307663128,已收货,1	,2026-05-30 15:45:44,	,无售后或售后取消,152.1	,168.99	
【购买前须联系客服确认】补收差价专用商品,260530-467759275573110,已收货,1600	,2026-05-30 15:28:48,	,无售后或售后取消,16.0	,16.0	
趣白全自动洗面奶打泡机感应泡沫机绵密泡沫礼品新品懒人洗脸神器,260530-566986094920044,已收货,1	,2026-05-30 15:27:04,	,无售后或售后取消,160.55	,168.99	
趣白全自动洗面奶打泡机感应泡沫机绵密泡沫礼品新品懒人洗脸神器,260530-414323915080624,已收货,1	,2026-05-30 14:57:16,	,无售后或售后取消,143.65	,168.99	
趣白全自动洗面奶打泡机感应泡沫机绵密泡沫礼品新品懒人洗脸神器,260530-169250722120452,已收货,1	,2026-05-30 14:27:07,	,无售后或售后取消,165.99	,168.99	
趣白全自动洗面奶打泡机感应泡沫机绵密泡沫礼品新品懒人洗脸神器,260530-679393400421635,已收货,1	,2026-05-30 14:11:55,	,无售后或售后取消,168.99	,168.99	
趣白全自动洗面奶打泡机感应泡沫机绵密泡沫礼品新品懒人洗脸神器,260530-262322275854089,已收货,1	,2026-05-30 13:50:19,	,无售后或售后取消,152.1	,168.99	
趣白全自动洗面奶打泡机感应泡沫机绵密泡沫礼品新品懒人洗脸神器,260530-071187852833700,未发货，退款成功,1	,2026-05-30 13:47:35,	,退款成功,143.65	,168.99	
趣白全自动洗面奶打泡机感应泡沫机绵密泡沫礼品新品懒人洗脸神器,260530-430513928623283,已取消,1	,	,	,无售后或售后取消,168.99	,168.99	
趣白全自动洗面奶打泡机感应泡沫机绵密泡沫礼品新品懒人洗脸神器,260530-403471091291347,已发货，退款成功,1	,2026-05-30 13:00:12,	,退款成功,168.99	,168.99	
趣白全自动洗面奶打泡机感应泡沫机绵密泡沫礼品新品懒人洗脸神器,260530-451516833402544,已收货,1	,2026-05-30 12:50:16,	,无售后或售后取消,152.1	,168.99	
趣白全自动洗面奶打泡机感应泡沫机绵密泡沫礼品新品懒人洗脸神器,260530-301801193833147,已收货,1	,2026-05-30 11:20:52,	,无售后或售后取消,152.1	,168.99	
趣白全自动洗面奶打泡机感应泡沫机绵密泡沫礼品新品懒人洗脸神器,260530-483771103590661,已收货,1	,2026-05-30 11:19:06,	,无售后或售后取消,126.75	,168.99	
趣白全自动洗面奶打泡机感应泡沫机绵密泡沫礼品新品懒人洗脸神器,260530-265709218212386,已收货,1	,2026-05-30 11:13:53,	,无售后或售后取消,168.99	,168.99	
趣白全自动洗面奶打泡机感应泡沫机绵密泡沫礼品新品懒人洗脸神器,260530-413977832992211,已收货,1	,2026-05-30 11:10:02,	,无售后或售后取消,168.99	,168.99	
趣白全自动洗面奶打泡机感应泡沫机绵密泡沫礼品新品懒人洗脸神器,260530-595633139270661,已发货，退款成功,1	,2026-05-30 10:42:00,	,退款成功,168.99	,168.99	
趣白全自动洗面奶打泡机感应泡沫机绵密泡沫礼品新品懒人洗脸神器,260530-197069433213476,已收货,1	,2026-05-30 10:41:37,	,无售后或售后取消,126.75	,168.99	
趣白全自动洗面奶打泡机感应泡沫机绵密泡沫礼品新品懒人洗脸神器,260530-661630523021906,已收货,1	,2026-05-30 10:35:44,	,无售后或售后取消,126.75	,168.99	
趣白全自动洗面奶打泡机感应泡沫机绵密泡沫礼品新品懒人洗脸神器,260530-433124852003506,已收货,1	,2026-05-30 10:18:45,	,无售后或售后取消,143.65	,168.99	
趣白全自动洗面奶打泡机感应泡沫机绵密泡沫礼品新品懒人洗脸神器,260530-470359796043683,已收货,1	,2026-05-30 10:13:30,	,无售后或售后取消,143.65	,168.99	
趣白全自动洗面奶打泡机感应泡沫机绵密泡沫礼品新品懒人洗脸神器,260530-563850852790264,已收货,1	,2026-05-30 10:06:30,	,无售后或售后取消,143.65	,168.99	
趣白全自动洗面奶打泡机感应泡沫机绵密泡沫礼品新品懒人洗脸神器,260530-455878940201926,已收货,1	,2026-05-30 09:46:14,	,无售后或售后取消,135.2	,168.99	
趣白全自动洗面奶打泡机感应泡沫机绵密泡沫礼品新品懒人洗脸神器,260530-036721159723686,已收货,1	,2026-05-30 09:39:16,	,无售后或售后取消,165.99	,168.99	
趣白全自动洗面奶打泡机感应泡沫机绵密泡沫礼品新品懒人洗脸神器,260530-524046887240801,已收货,1	,2026-05-30 08:57:24,	,无售后或售后取消,126.75	,168.99	
趣白全自动洗面奶打泡机感应泡沫机绵密泡沫礼品新品懒人洗脸神器,260530-147733900820226,已收货,1	,2026-05-30 08:34:15,	,无售后或售后取消,168.99	,168.99	
趣白全自动洗面奶打泡机感应泡沫机绵密泡沫礼品新品懒人洗脸神器,260530-402873434433083,已收货,1	,2026-05-30 08:28:14,客人说货物运输到新加坡，要求包装厚实点,无售后或售后取消,143.65	,168.99	
趣白全自动洗面奶打泡机感应泡沫机绵密泡沫礼品新品懒人洗脸神器,260530-579904509530762,已收货,1	,2026-05-30 08:19:10,	,无售后或售后取消,126.75	,168.99	
趣白全自动洗面奶打泡机感应泡沫机绵密泡沫礼品新品懒人洗脸神器,260530-297669835140489,已发货，待收货,1	,2026-05-30 08:11:49,	,无售后或售后取消,143.65	,168.99	
趣白全自动洗面奶打泡机感应泡沫机绵密泡沫礼品新品懒人洗脸神器,260530-035588697701474,已收货,1	,2026-05-30 06:50:51,	,无售后或售后取消,135.2	,168.99	
趣白全自动洗面奶打泡机感应泡沫机绵密泡沫礼品新品懒人洗脸神器,260530-435253419531472,已取消,1	,	,	,无售后或售后取消,168.99	,168.99	
趣白全自动洗面奶打泡机感应泡沫机绵密泡沫礼品新品懒人洗脸神器,260530-296306644533932,已收货,1	,2026-05-30 02:48:45,	,无售后或售后取消,168.99	,168.99	
趣白全自动洗面奶打泡机感应泡沫机绵密泡沫礼品新品懒人洗脸神器,260530-661378864701629,已收货,1	,2026-05-30 02:17:56,	,无售后或售后取消,168.99	,168.99	
趣白全自动洗面奶打泡机感应泡沫机绵密泡沫礼品新品懒人洗脸神器,260530-567531344291261,已发货，退款成功,1	,2026-05-30 02:10:18,	,退款成功,135.2	,168.99	
趣白全自动洗面奶打泡机感应泡沫机绵密泡沫礼品新品懒人洗脸神器,260530-039069959701859,已发货，退款成功,1	,2026-05-30 01:38:05,	,退款成功,152.1	,168.99	
趣白全自动洗面奶打泡机感应泡沫机绵密泡沫礼品新品懒人洗脸神器,260530-386767327670380,已发货，退款成功,1	,2026-05-30 01:17:50,	,退款成功,168.99	,168.99	
趣白全自动洗面奶打泡机感应泡沫机绵密泡沫礼品新品懒人洗脸神器,260530-557674709391546,已收货,1	,2026-05-30 00:38:16,	,无售后或售后取消,152.1	,168.99	
趣白全自动洗面奶打泡机感应泡沫机绵密泡沫礼品新品懒人洗脸神器,260530-401373970873071,已收货,1	,2026-05-30 00:01:42,	,无售后或售后取消,168.99	,168.99	
趣白全自动洗面奶打泡机感应泡沫机绵密泡沫礼品新品懒人洗脸神器,260529-198149445231773,已发货，退款成功,1	,2026-05-29 23:51:05,	,退款成功,168.99	,168.99	
趣白全自动洗面奶打泡机感应泡沫机绵密泡沫礼品新品懒人洗脸神器,260529-188659801651393,已收货,1	,2026-05-29 23:13:44,	,无售后或售后取消,126.75	,168.99	
趣白全自动洗面奶打泡机感应泡沫机绵密泡沫礼品新品懒人洗脸神器,260529-204105346633217,已收货,1	,2026-05-29 23:06:37,	,无售后或售后取消,126.75	,168.99	
趣白全自动洗面奶打泡机感应泡沫机绵密泡沫礼品新品懒人洗脸神器,260529-401143284033771,已收货,1	,2026-05-29 23:02:39,	,无售后或售后取消,152.1	,168.99	
趣白全自动洗面奶打泡机感应泡沫机绵密泡沫礼品新品懒人洗脸神器,260529-179956651543879,已收货,1	,2026-05-29 22:32:03,	,无售后或售后取消,168.99	,168.99	
趣白全自动洗面奶打泡机感应泡沫机绵密泡沫礼品新品懒人洗脸神器,260529-473662800282346,已收货,1	,2026-05-29 22:25:34,	,无售后或售后取消,143.65	,168.99	
趣白全自动洗面奶打泡机感应泡沫机绵密泡沫礼品新品懒人洗脸神器,260529-172197230933652,已发货，退款成功,1	,2026-05-29 22:00:16,	,退款成功,143.65	,168.99	
趣白全自动洗面奶打泡机感应泡沫机绵密泡沫礼品新品懒人洗脸神器,260529-596367152691322,已收货,1	,2026-05-29 21:37:36,	,无售后或售后取消,143.65	,168.99	
趣白全自动洗面奶打泡机感应泡沫机绵密泡沫礼品新品懒人洗脸神器,260529-525860913503704,已收货,1	,2026-05-29 21:10:51,	,无售后或售后取消,160.55	,168.99	
趣白全自动洗面奶打泡机感应泡沫机绵密泡沫礼品新品懒人洗脸神器,260529-182934639032407,已收货,1	,2026-05-29 21:07:40,	,无售后或售后取消,126.75	,168.99	
趣白全自动洗面奶打泡机感应泡沫机绵密泡沫礼品新品懒人洗脸神器,260529-299064399390940,已收货,1	,2026-05-29 21:02:41,	,无售后或售后取消,160.55	,168.99	
趣白全自动洗面奶打泡机感应泡沫机绵密泡沫礼品新品懒人洗脸神器,260529-606643239201488,已收货,1	,2026-05-29 20:57:11,	,无售后或售后取消,143.65	,168.99	
趣白全自动洗面奶打泡机感应泡沫机绵密泡沫礼品新品懒人洗脸神器,260529-216059102730973,已收货,1	,2026-05-30 15:57:48,	,无售后或售后取消,126.75	,168.99	
趣白全自动洗面奶打泡机感应泡沫机绵密泡沫礼品新品懒人洗脸神器,260529-320203681423327,已发货，待收货,1	,2026-05-29 19:31:23,	,无售后或售后取消,152.1	,168.99	
趣白全自动洗面奶打泡机感应泡沫机绵密泡沫礼品新品懒人洗脸神器,260529-159698142772105,已发货，待收货,1	,2026-05-29 18:13:33,	,无售后或售后取消,168.99	,168.99	
趣白全自动洗面奶打泡机感应泡沫机绵密泡沫礼品新品懒人洗脸神器,260529-125892052530076,已发货，退款成功,1	,2026-05-29 17:51:20,	,退款成功,157.17	,168.99	
趣白全自动洗面奶打泡机感应泡沫机绵密泡沫礼品新品懒人洗脸神器,260529-019168028991261,已收货,1	,2026-05-29 16:52:26,	,无售后或售后取消,157.17	,168.99	
趣白全自动洗面奶打泡机感应泡沫机绵密泡沫礼品新品懒人洗脸神器,260529-162078420633379,已收货,1	,2026-05-29 16:48:42,	,无售后或售后取消,135.2	,168.99	
趣白全自动洗面奶打泡机感应泡沫机绵密泡沫礼品新品懒人洗脸神器,260529-135402647111650,已发货，退款成功,2	,2026-05-29 16:26:10,(收)[QBPH004]*[1]#,退款成功,334.61	,334.61	
趣白全自动洗面奶打泡机感应泡沫机绵密泡沫礼品新品懒人洗脸神器,260529-057766111622792,已收货,1	,2026-05-29 15:56:14,	,无售后或售后取消,126.75	,168.99	
趣白全自动洗面奶打泡机感应泡沫机绵密泡沫礼品新品懒人洗脸神器,260529-442855647532030,已发货，退款成功,1	,2026-05-29 15:24:06,	,退款成功,168.99	,168.99	
趣白全自动洗面奶打泡机感应泡沫机绵密泡沫礼品新品懒人洗脸神器,260529-321042542113693,已收货,1	,2026-05-29 15:11:51,	,无售后或售后取消,143.65	,168.99	
趣白全自动洗面奶打泡机感应泡沫机绵密泡沫礼品新品懒人洗脸神器,260529-258159439413589,已收货,1	,2026-05-29 13:20:04,	,无售后或售后取消,168.99	,168.99	
趣白全自动洗面奶打泡机感应泡沫机绵密泡沫礼品新品懒人洗脸神器,260529-537416210021288,已收货,1	,2026-05-29 12:59:49,	,无售后或售后取消,152.1	,168.99	
趣白全自动洗面奶打泡机感应泡沫机绵密泡沫礼品新品懒人洗脸神器,260529-413977812500153,已取消,1	,	,	,无售后或售后取消,153.99	,168.99	
趣白全自动洗面奶打泡机感应泡沫机绵密泡沫礼品新品懒人洗脸神器,260529-030880643391591,已收货,1	,2026-05-29 11:35:14,	,无售后或售后取消,143.65	,168.99	
趣白全自动洗面奶打泡机感应泡沫机绵密泡沫礼品新品懒人洗脸神器,260529-583784262051323,已收货,1	,2026-05-29 11:19:16,	,无售后或售后取消,168.99	,168.99	
趣白全自动洗面奶打泡机感应泡沫机绵密泡沫礼品新品懒人洗脸神器,260529-208352121173462,已收货,1	,2026-05-29 10:30:06,	,无售后或售后取消,148.72	,168.99	
趣白全自动洗面奶打泡机感应泡沫机绵密泡沫礼品新品懒人洗脸神器,260529-423435998781581,已取消,1	,	,	,无售后或售后取消,168.99	,168.99	
趣白全自动洗面奶打泡机感应泡沫机绵密泡沫礼品新品懒人洗脸神器,260529-654342889082556,已收货,1	,2026-05-29 09:22:21,	,无售后或售后取消,168.99	,168.99	
趣白全自动洗面奶打泡机感应泡沫机绵密泡沫礼品新品懒人洗脸神器,260529-502404257354074,已发货，退款成功,1	,2026-05-29 09:06:38,	,退款成功,168.99	,168.99	
趣白全自动洗面奶打泡机感应泡沫机绵密泡沫礼品新品懒人洗脸神器,260529-242944611960009,已收货,1	,2026-05-29 09:05:17,	,无售后或售后取消,154.72	,168.99	
趣白全自动洗面奶打泡机感应泡沫机绵密泡沫礼品新品懒人洗脸神器,260529-070349013320816,未发货，退款成功,1	,2026-05-29 08:51:48,	,退款成功,135.2	,168.99	
趣白全自动洗面奶打泡机感应泡沫机绵密泡沫礼品新品懒人洗脸神器,260529-483739615541227,已收货,1	,2026-05-29 07:25:16,	,无售后或售后取消,126.75	,168.99	
趣白全自动洗面奶打泡机感应泡沫机绵密泡沫礼品新品懒人洗脸神器,260529-349354146171853,已收货,1	,2026-05-29 05:36:01,	,无售后或售后取消,168.99	,168.99	
趣白全自动洗面奶打泡机感应泡沫机绵密泡沫礼品新品懒人洗脸神器,260529-449692331661749,已取消,1	,	,	,无售后或售后取消,168.99	,168.99	
趣白全自动洗面奶打泡机感应泡沫机绵密泡沫礼品新品懒人洗脸神器,260529-204786942242397,已收货,1	,2026-05-29 03:38:17,	,无售后或售后取消,168.99	,168.99	
趣白全自动洗面奶打泡机感应泡沫机绵密泡沫礼品新品懒人洗脸神器,260529-319784282430062,已收货,1	,2026-05-29 03:11:33,	,无售后或售后取消,168.99	,168.99	
趣白全自动洗面奶打泡机感应泡沫机绵密泡沫礼品新品懒人洗脸神器,260529-214297505402145,已发货，退款成功,1	,2026-05-29 00:56:00,	,退款成功,135.2	,168.99	
趣白全自动洗面奶打泡机感应泡沫机绵密泡沫礼品新品懒人洗脸神器,260529-555630006672801,未发货，退款成功,1	,2026-05-29 00:43:53,	,退款成功,126.75	,168.99	
趣白全自动洗面奶打泡机感应泡沫机绵密泡沫礼品新品懒人洗脸神器,260529-271633693102469,已发货，待收货,1	,2026-05-29 00:11:19,发顺丰,无售后或售后取消,126.75	,168.99	
趣白全自动洗面奶打泡机感应泡沫机绵密泡沫礼品新品懒人洗脸神器,260528-454096350780780,已收货,1	,2026-05-28 22:41:52,	,无售后或售后取消,143.65	,168.99	
趣白全自动洗面奶打泡机感应泡沫机绵密泡沫礼品新品懒人洗脸神器,260528-432244068720650,已收货,1	,2026-05-28 22:15:24,	,无售后或售后取消,143.65	,168.99	
趣白全自动洗面奶打泡机感应泡沫机绵密泡沫礼品新品懒人洗脸神器,260528-134448474453229,已收货,1	,2026-05-28 21:25:37,	,无售后或售后取消,126.75	,168.99	
趣白全自动洗面奶打泡机感应泡沫机绵密泡沫礼品新品懒人洗脸神器,260528-104018799002821,未发货，退款成功,1	,2026-05-28 21:18:03,	,退款成功,159.08	,168.99	
趣白全自动洗面奶打泡机感应泡沫机绵密泡沫礼品新品懒人洗脸神器,260528-062096678410868,已收货,1	,2026-05-28 20:27:52,	,无售后或售后取消,148.72	,168.99	
趣白全自动洗面奶打泡机感应泡沫机绵密泡沫礼品新品懒人洗脸神器,260528-180785068380594,已收货,1	,2026-05-28 19:15:03,	,无售后或售后取消,166.99	,168.99	
趣白全自动洗面奶打泡机感应泡沫机绵密泡沫礼品新品懒人洗脸神器,260528-054410636831230,已收货,1	,2026-05-28 18:45:27,	,无售后或售后取消,135.2	,168.99	
趣白全自动洗面奶打泡机感应泡沫机绵密泡沫礼品新品懒人洗脸神器,260528-051768267042085,已收货,1	,2026-05-28 18:30:50,	,无售后或售后取消,143.65	,168.99	
趣白全自动洗面奶打泡机感应泡沫机绵密泡沫礼品新品懒人洗脸神器,260528-632584989102819,已收货,1	,2026-05-28 18:23:27,	,无售后或售后取消,158.99	,168.99	
趣白全自动洗面奶打泡机感应泡沫机绵密泡沫礼品新品懒人洗脸神器,260528-533431600680952,已发货，退款成功,1	,2026-05-28 18:19:55,(收)[QBPH004]*[1]#,退款成功,126.75	,168.99	
趣白全自动皂液器感应皂液器凝胶机洗洁精沐浴露卫生间厨房,260528-160107087432331,已发货，退款成功,1	,2026-05-28 17:49:22,	,退款成功,80.0	,85.0	
趣白全自动洗面奶打泡机感应泡沫机绵密泡沫礼品新品懒人洗脸神器,260528-121341264173561,已收货,1	,2026-05-28 17:49:10,	,无售后或售后取消,126.75	,168.99	
趣白全自动皂液器感应皂液器凝胶机洗洁精沐浴露卫生间厨房,260528-571065003592331,未发货，退款成功,1	,2026-05-28 17:42:31,	,退款成功,85.0	,85.0	
趣白全自动洗面奶打泡机感应泡沫机绵密泡沫礼品新品懒人洗脸神器,260528-292804390433295,已收货,1	,2026-05-28 16:44:26,	,无售后或售后取消,168.99	,168.99	
趣白全自动洗面奶打泡机感应泡沫机绵密泡沫礼品新品懒人洗脸神器,260528-250190272090335,已收货,1	,2026-05-28 16:25:12,	,无售后或售后取消,165.99	,168.99	
趣白全自动洗面奶打泡机感应泡沫机绵密泡沫礼品新品懒人洗脸神器,260528-138244309311809,已发货，退款成功,1	,2026-05-28 16:09:00,	,退款成功,168.99	,168.99	
趣白全自动洗面奶打泡机感应泡沫机绵密泡沫礼品新品懒人洗脸神器,260528-119757903420854,已收货,1	,2026-05-28 15:49:45,	,无售后或售后取消,168.99	,168.99	
趣白全自动洗面奶打泡机感应泡沫机绵密泡沫礼品新品懒人洗脸神器,260528-139271924063390,已收货,1	,2026-05-28 15:49:30,	,无售后或售后取消,152.1	,168.99	
趣白全自动洗面奶打泡机感应泡沫机绵密泡沫礼品新品懒人洗脸神器,260528-419944230551302,未发货，退款成功,1	,2026-05-28 15:40:10,	,退款成功,168.99	,168.99	
趣白全自动洗面奶打泡机感应泡沫机绵密泡沫礼品新品懒人洗脸神器,260528-670690240923920,已收货,1	,2026-05-28 15:18:32,	,无售后或售后取消,168.99	,168.99	
趣白全自动洗面奶打泡机感应泡沫机绵密泡沫礼品新品懒人洗脸神器,260528-639086138972062,已发货，退款成功,1	,2026-05-28 14:49:18,	,退款成功,152.1	,168.99	
趣白全自动洗面奶打泡机感应泡沫机绵密泡沫礼品新品懒人洗脸神器,260528-642997358922416,已收货,1	,2026-05-28 14:48:02,	,无售后或售后取消,143.65	,168.99	
趣白全自动洗面奶打泡机感应泡沫机绵密泡沫礼品新品懒人洗脸神器,260528-484997895780281,已收货,1	,2026-05-28 14:36:11,	,无售后或售后取消,152.1	,168.99	
趣白全自动洗面奶打泡机感应泡沫机绵密泡沫礼品新品懒人洗脸神器,260528-291420322181324,已收货,1	,2026-05-28 13:53:53,	,无售后或售后取消,168.99	,168.99	
趣白全自动洗面奶打泡机感应泡沫机绵密泡沫礼品新品懒人洗脸神器,260528-563399913093428,已收货,1	,2026-05-28 13:42:42,	,无售后或售后取消,168.99	,168.99	
趣白全自动洗面奶打泡机感应泡沫机绵密泡沫礼品新品懒人洗脸神器,260528-250284623411322,未发货，退款成功,1	,2026-05-28 13:35:39,	,退款成功,152.1	,168.99	
趣白全自动洗面奶打泡机感应泡沫机绵密泡沫礼品新品懒人洗脸神器,260528-438053159301324,未发货，退款成功,1	,2026-05-28 13:04:47,	,退款成功,166.99	,168.99	
趣白全自动洗面奶打泡机感应泡沫机绵密泡沫礼品新品懒人洗脸神器,260528-222056978031885,已收货,1	,2026-05-28 12:26:48,	,无售后或售后取消,168.99	,168.99	
趣白全自动洗面奶打泡机感应泡沫机绵密泡沫礼品新品懒人洗脸神器,260528-355677007510311,已收货,1	,2026-05-28 12:07:05,	,无售后或售后取消,143.65	,168.99	
趣白全自动洗面奶打泡机感应泡沫机绵密泡沫礼品新品懒人洗脸神器,260528-255013753202365,已收货,1	,2026-05-28 12:06:05,	,无售后或售后取消,168.99	,168.99	
趣白全自动洗面奶打泡机感应泡沫机绵密泡沫礼品新品懒人洗脸神器,260528-188806664530784,已收货,1	,2026-05-28 12:05:41,	,无售后或售后取消,126.75	,168.99	
趣白全自动洗面奶打泡机感应泡沫机绵密泡沫礼品新品懒人洗脸神器,260528-235531221330784,已取消,1	,	,	,无售后或售后取消,126.75	,168.99	
趣白全自动洗面奶打泡机感应泡沫机绵密泡沫礼品新品懒人洗脸神器,260528-662993671824068,已收货，退款成功,1	,2026-05-28 11:34:17,(收)[QBPH004]*[1]#,退款成功,148.72	,168.99	
趣白全自动洗面奶打泡机感应泡沫机绵密泡沫礼品新品懒人洗脸神器,260528-454599646782386,已收货,1	,2026-05-28 10:52:47,	,无售后或售后取消,135.2	,168.99	
趣白全自动洗面奶打泡机感应泡沫机绵密泡沫礼品新品懒人洗脸神器,260528-569984949871369,未发货，退款成功,1	,2026-05-28 10:51:58,	,退款成功,126.75	,168.99	
趣白全自动洗面奶打泡机感应泡沫机绵密泡沫礼品新品懒人洗脸神器,260528-088720023191105,已取消,1	,	,	,无售后或售后取消,126.75	,168.99	
趣白全自动洗面奶打泡机感应泡沫机绵密泡沫礼品新品懒人洗脸神器,260528-386127706470835,已收货,1	,2026-05-28 09:11:35,	,无售后或售后取消,168.99	,168.99	
趣白全自动洗面奶打泡机感应泡沫机绵密泡沫礼品新品懒人洗脸神器,260528-519737218641552,已发货，待收货,1	,2026-05-28 08:13:47,	,无售后或售后取消,168.99	,168.99	
趣白全自动洗面奶打泡机感应泡沫机绵密泡沫礼品新品懒人洗脸神器,260528-427944896821051,已收货,1	,2026-05-28 07:23:25,	,无售后或售后取消,135.2	,168.99	
趣白全自动洗面奶打泡机感应泡沫机绵密泡沫礼品新品懒人洗脸神器,260528-083561049672565,未发货，退款成功,1	,2026-05-28 01:30:57,	,退款成功,168.99	,168.99	
趣白全自动洗面奶打泡机感应泡沫机绵密泡沫礼品新品懒人洗脸神器,260528-149988339290712,未发货，退款成功,1	,2026-05-28 01:09:46,	,退款成功,145.34	,168.99	
趣白全自动洗面奶打泡机感应泡沫机绵密泡沫礼品新品懒人洗脸神器,260528-482680532542166,已收货，退款成功,1	,2026-05-28 01:01:32,(收)[QBPH004]*[1]#,退款成功,135.2	,168.99	
趣白全自动洗面奶打泡机感应泡沫机绵密泡沫礼品新品懒人洗脸神器,260528-209641869640967,已收货,1	,2026-05-28 01:01:10,	,无售后或售后取消,168.99	,168.99	
趣白全自动洗面奶打泡机感应泡沫机绵密泡沫礼品新品懒人洗脸神器,260528-555671887482192,已收货,1	,2026-05-28 00:52:52,	,无售后或售后取消,143.65	,168.99	
趣白全自动洗面奶打泡机感应泡沫机绵密泡沫礼品新品懒人洗脸神器,260528-258033600102091,已收货,1	,2026-05-28 00:37:27,	,无售后或售后取消,152.1	,168.99	
趣白全自动洗面奶打泡机感应泡沫机绵密泡沫礼品新品懒人洗脸神器,260528-452963888680683,已收货,1	,2026-05-28 00:25:33,	,无售后或售后取消,168.99	,168.99	
趣白全自动洗面奶打泡机感应泡沫机绵密泡沫礼品新品懒人洗脸神器,260527-629921595822315,未发货，退款成功,1	,2026-05-27 23:54:23,	,退款成功,168.99	,168.99	
趣白全自动洗面奶打泡机感应泡沫机绵密泡沫礼品新品懒人洗脸神器,260527-382227003753959,已收货,1	,2026-05-27 23:30:12,	,无售后或售后取消,168.99	,168.99	
趣白全自动洗面奶打泡机感应泡沫机绵密泡沫礼品新品懒人洗脸神器,260527-334118336892531,已收货,1	,2026-05-27 23:06:58,	,无售后或售后取消,143.65	,168.99	
趣白全自动洗面奶打泡机感应泡沫机绵密泡沫礼品新品懒人洗脸神器,260527-526788861592021,已收货,1	,2026-05-27 22:37:01,	,无售后或售后取消,143.65	,168.99	
趣白全自动洗面奶打泡机感应泡沫机绵密泡沫礼品新品懒人洗脸神器,260527-446001396091722,已收货,1	,2026-05-27 22:30:52,	,无售后或售后取消,126.75	,168.99	
趣白全自动洗面奶打泡机感应泡沫机绵密泡沫礼品新品懒人洗脸神器,260527-330699948401301,已收货，退款成功,1	,2026-05-27 22:28:49,	,退款成功,126.75	,168.99	
趣白全自动洗面奶打泡机感应泡沫机绵密泡沫礼品新品懒人洗脸神器,260527-260445376942493,已收货,1	,2026-05-27 21:27:54,	,无售后或售后取消,168.99	,168.99	
趣白全自动洗面奶打泡机感应泡沫机绵密泡沫礼品新品懒人洗脸神器,260527-297386709313815,已收货,1	,2026-05-27 21:16:50,	,无售后或售后取消,152.1	,168.99	
趣白全自动洗面奶打泡机感应泡沫机绵密泡沫礼品新品懒人洗脸神器,260527-619488222731633,已发货，待收货,1	,2026-05-27 23:51:38,	,无售后或售后取消,126.75	,168.99	
趣白全自动洗面奶打泡机感应泡沫机绵密泡沫礼品新品懒人洗脸神器,260527-472346805770973,已取消,1	,	,	,无售后或售后取消,126.75	,168.99	
趣白全自动洗面奶打泡机感应泡沫机绵密泡沫礼品新品懒人洗脸神器,260527-312192612702900,已收货,1	,2026-05-27 20:15:26,	,无售后或售后取消,126.75	,168.99	
趣白全自动洗面奶打泡机感应泡沫机绵密泡沫礼品新品懒人洗脸神器,260527-570226174372460,已收货,1	,2026-05-27 20:14:22,	,无售后或售后取消,152.1	,168.99	
趣白全自动洗面奶打泡机感应泡沫机绵密泡沫礼品新品懒人洗脸神器,260527-043620831521630,已收货,1	,2026-05-27 18:43:29,	,无售后或售后取消,168.99	,168.99	
趣白全自动洗面奶打泡机感应泡沫机绵密泡沫礼品新品懒人洗脸神器,260527-446127225200391,已收货,1	,2026-05-27 18:28:32,	,无售后或售后取消,168.99	,168.99	
趣白全自动洗面奶打泡机感应泡沫机绵密泡沫礼品新品懒人洗脸神器,260527-230414149981407,已发货，退款成功,1	,2026-05-27 18:08:21,	,退款成功,168.99	,168.99	
趣白全自动洗面奶打泡机感应泡沫机绵密泡沫礼品新品懒人洗脸神器,260527-084536256893905,已收货,1	,2026-05-27 18:00:17,	,无售后或售后取消,143.65	,168.99	
趣白全自动洗面奶打泡机感应泡沫机绵密泡沫礼品新品懒人洗脸神器,260527-116276672931060,已收货,1	,2026-05-27 18:00:09,	,无售后或售后取消,126.75	,168.99	
趣白全自动洗面奶打泡机感应泡沫机绵密泡沫礼品新品懒人洗脸神器,260527-608053532180825,已收货,1	,2026-05-27 17:14:51,	,无售后或售后取消,168.99	,168.99	
趣白全自动洗面奶打泡机感应泡沫机绵密泡沫礼品新品懒人洗脸神器,260527-391312862831769,已收货,1	,2026-05-27 16:46:34,	,无售后或售后取消,168.99	,168.99	
趣白全自动洗面奶打泡机感应泡沫机绵密泡沫礼品新品懒人洗脸神器,260527-480709219860484,未发货，退款成功,1	,2026-05-27 16:07:24,	,退款成功,168.99	,168.99	
趣白全自动洗面奶打泡机感应泡沫机绵密泡沫礼品新品懒人洗脸神器,260527-603916941713034,已收货,1	,2026-05-27 15:13:33,	,无售后或售后取消,160.55	,168.99	
趣白全自动洗面奶打泡机感应泡沫机绵密泡沫礼品新品懒人洗脸神器,260527-121047651973855,已收货,1	,2026-05-27 14:39:07,	,无售后或售后取消,168.99	,168.99	
趣白全自动洗面奶打泡机感应泡沫机绵密泡沫礼品新品懒人洗脸神器,260527-177293268500578,已收货,1	,2026-05-27 14:17:54,	,无售后或售后取消,152.1	,168.99	
趣白全自动洗面奶打泡机感应泡沫机绵密泡沫礼品新品懒人洗脸神器,260527-050436513401294,已收货,1	,2026-05-27 13:43:48,	,无售后或售后取消,126.75	,168.99	
趣白全自动洗面奶打泡机感应泡沫机绵密泡沫礼品新品懒人洗脸神器,260527-363908350272233,已发货，退款成功,1	,2026-05-27 13:24:19,	,退款成功,143.65	,168.99	
趣白全自动洗面奶打泡机感应泡沫机绵密泡沫礼品新品懒人洗脸神器,260527-613511349891219,已发货，待收货,1	,2026-05-27 13:15:57,	,无售后或售后取消,164.0	,168.99	
趣白全自动洗面奶打泡机感应泡沫机绵密泡沫礼品新品懒人洗脸神器,260527-172784391773229,已收货，退款成功,1	,2026-05-27 12:01:53,(收)[QBPH004]*[1]#,退款成功,152.1	,168.99	
趣白全自动洗面奶打泡机感应泡沫机绵密泡沫礼品新品懒人洗脸神器,260527-348819341631737,已收货,1	,2026-05-27 11:57:24,	,无售后或售后取消,168.99	,168.99	
趣白全自动洗面奶打泡机感应泡沫机绵密泡沫礼品新品懒人洗脸神器,260527-364044654173606,已收货,1	,2026-05-27 11:44:41,	,无售后或售后取消,168.99	,168.99	
趣白全自动洗面奶打泡机感应泡沫机绵密泡沫礼品新品懒人洗脸神器,260527-416850952520782,已收货,1	,2026-05-27 11:15:26,	,无售后或售后取消,135.2	,168.99	
趣白全自动洗面奶打泡机感应泡沫机绵密泡沫礼品新品懒人洗脸神器,260527-122788299170239,已收货,1	,2026-05-27 10:59:31,	,无售后或售后取消,143.65	,168.99	
趣白全自动洗面奶打泡机感应泡沫机绵密泡沫礼品新品懒人洗脸神器,260527-242535646722354,已收货,1	,2026-05-27 09:48:00,	,无售后或售后取消,143.99	,168.99	
趣白全自动洗面奶打泡机感应泡沫机绵密泡沫礼品新品懒人洗脸神器,260527-183270121012515,已取消,1	,	,	,无售后或售后取消,126.75	,168.99	
趣白全自动洗面奶打泡机感应泡沫机绵密泡沫礼品新品懒人洗脸神器,260527-188240433592925,已收货,1	,2026-05-27 09:18:26,	,无售后或售后取消,168.99	,168.99	
趣白全自动洗面奶打泡机感应泡沫机绵密泡沫礼品新品懒人洗脸神器,260527-397756414342317,已收货,1	,2026-05-27 08:58:31,	,无售后或售后取消,143.65	,168.99	
趣白全自动洗面奶打泡机感应泡沫机绵密泡沫礼品新品懒人洗脸神器,260527-515700222383760,已收货,1	,2026-05-27 08:39:57,	,无售后或售后取消,168.99	,168.99	
趣白全自动洗面奶打泡机感应泡沫机绵密泡沫礼品新品懒人洗脸神器,260527-582557417900013,未发货，退款成功,1	,2026-05-27 08:29:39,	,退款成功,143.65	,168.99	
趣白全自动洗面奶打泡机感应泡沫机绵密泡沫礼品新品懒人洗脸神器,260527-502404288893356,已收货,1	,2026-05-27 08:27:02,	,无售后或售后取消,148.72	,168.99	
趣白全自动洗面奶打泡机感应泡沫机绵密泡沫礼品新品懒人洗脸神器,260527-354471145101281,已发货，退款成功,1	,2026-05-27 08:07:42,	,退款成功,143.65	,168.99	
趣白全自动洗面奶打泡机感应泡沫机绵密泡沫礼品新品懒人洗脸神器,260527-033732707861719,已收货,1	,2026-05-27 07:51:09,	,无售后或售后取消,168.53	,168.99	
趣白全自动洗面奶打泡机感应泡沫机绵密泡沫礼品新品懒人洗脸神器,260527-644381489533405,已收货,1	,2026-05-27 07:32:54,	,无售后或售后取消,143.65	,168.99	
趣白全自动洗面奶打泡机感应泡沫机绵密泡沫礼品新品懒人洗脸神器,260527-173078024542914,已收货,1	,2026-05-27 05:34:29,	,无售后或售后取消,168.99	,168.99	
趣白全自动洗面奶打泡机感应泡沫机绵密泡沫礼品新品懒人洗脸神器,260527-653703330213558,已收货,1	,2026-05-27 04:48:40,	,无售后或售后取消,135.2	,168.99	
趣白全自动洗面奶打泡机感应泡沫机绵密泡沫礼品新品懒人洗脸神器,260527-503106772481184,已收货,1	,2026-05-27 03:26:06,	,无售后或售后取消,143.65	,168.99	
趣白全自动洗面奶打泡机感应泡沫机绵密泡沫礼品新品懒人洗脸神器,260527-166692196643953,未发货，退款成功,1	,2026-05-27 02:30:39,	,退款成功,160.84	,168.99	
趣白全自动洗面奶打泡机感应泡沫机绵密泡沫礼品新品懒人洗脸神器,260527-085563851150443,已收货,1	,2026-05-27 02:09:03,	,无售后或售后取消,168.99	,168.99	
趣白全自动洗面奶打泡机感应泡沫机绵密泡沫礼品新品懒人洗脸神器,260527-236107927863854,已收货,1	,2026-05-27 01:51:41,	,无售后或售后取消,160.55	,168.99	
趣白全自动洗面奶打泡机感应泡沫机绵密泡沫礼品新品懒人洗脸神器,260527-037381752441247,已发货，退款成功,2	,2026-05-27 01:26:31,	,退款成功,334.59	,334.61	
趣白全自动洗面奶打泡机感应泡沫机绵密泡沫礼品新品懒人洗脸神器,260527-547105073542297,未发货，退款成功,1	,2026-05-27 01:18:44,	,退款成功,143.65	,168.99	
趣白全自动洗面奶打泡机感应泡沫机绵密泡沫礼品新品懒人洗脸神器,260527-342926323262699,已取消,1	,	,	,无售后或售后取消,126.75	,168.99	
趣白全自动洗面奶打泡机感应泡沫机绵密泡沫礼品新品懒人洗脸神器,260526-069636012432017,已收货,1	,2026-05-26 23:48:44,	,无售后或售后取消,168.99	,168.99	
趣白全自动洗面奶打泡机感应泡沫机绵密泡沫礼品新品懒人洗脸神器,260526-396571502951104,已收货,1	,2026-05-26 22:55:32,	,无售后或售后取消,135.2	,168.99	
趣白全自动洗面奶打泡机感应泡沫机绵密泡沫礼品新品懒人洗脸神器,260526-650263928413192,已发货，退款成功,1	,2026-05-26 22:54:47,	,退款成功,152.1	,168.99	
趣白全自动洗面奶打泡机感应泡沫机绵密泡沫礼品新品懒人洗脸神器,260526-172448816691393,已取消,1	,	,	,无售后或售后取消,133.51	,168.99	
趣白全自动洗面奶打泡机感应泡沫机绵密泡沫礼品新品懒人洗脸神器,260526-182515166791093,已收货,1	,2026-05-26 22:42:37,	,无售后或售后取消,152.1	,168.99	
趣白全自动洗面奶打泡机感应泡沫机绵密泡沫礼品新品懒人洗脸神器,260526-409552884011412,已发货，退款成功,1	,2026-05-26 22:17:54,	,退款成功,135.2	,168.99	
趣白全自动洗面奶打泡机感应泡沫机绵密泡沫礼品新品懒人洗脸神器,260526-617045092670925,已发货，退款成功,1	,2026-05-26 22:17:47,	,退款成功,128.99	,168.99	
趣白全自动洗面奶打泡机感应泡沫机绵密泡沫礼品新品懒人洗脸神器,260526-400692364913050,已收货,1	,2026-05-26 22:17:20,	,无售后或售后取消,135.2	,168.99	
趣白全自动洗面奶打泡机感应泡沫机绵密泡沫礼品新品懒人洗脸神器,260526-036700219741827,已取消,1	,	,	,无售后或售后取消,143.65	,168.99	
趣白全自动洗面奶打泡机感应泡沫机绵密泡沫礼品新品懒人洗脸神器,260526-190096413111884,已收货,1	,2026-05-26 21:23:16,	,无售后或售后取消,126.75	,168.99	
趣白全自动洗面奶打泡机感应泡沫机绵密泡沫礼品新品懒人洗脸神器,260526-226953797170923,已收货,1	,2026-05-26 21:02:49,	,无售后或售后取消,162.99	,168.99	
趣白全自动洗面奶打泡机感应泡沫机绵密泡沫礼品新品懒人洗脸神器,260526-496112791130906,未发货，退款成功,1	,2026-05-26 20:27:23,	,退款成功,161.25	,168.99	
趣白全自动洗面奶打泡机感应泡沫机绵密泡沫礼品新品懒人洗脸神器,260526-412467873291835,未发货，退款成功,1	,2026-05-26 19:32:06,	,退款成功,168.99	,168.99	
趣白全自动洗面奶打泡机感应泡沫机绵密泡沫礼品新品懒人洗脸神器,260526-632249413132305,已收货,1	,2026-05-26 19:00:19,	,无售后或售后取消,135.2	,168.99	
趣白全自动洗面奶打泡机感应泡沫机绵密泡沫礼品新品懒人洗脸神器,260526-276299783781055,已收货,1	,2026-05-26 18:35:07,	,无售后或售后取消,152.1	,168.99	
趣白全自动洗面奶打泡机感应泡沫机绵密泡沫礼品新品懒人洗脸神器,260526-534868139583087,已发货，退款成功,1	,2026-05-26 18:34:11,	,退款成功,143.65	,168.99	
趣白全自动洗面奶打泡机感应泡沫机绵密泡沫礼品新品懒人洗脸神器,260526-305177587212038,已发货，退款成功,1	,2026-05-26 17:37:15,	,退款成功,165.99	,168.99	
趣白全自动洗面奶打泡机感应泡沫机绵密泡沫礼品新品懒人洗脸神器,260526-371070124322340,已收货,1	,2026-05-26 16:44:39,	,无售后或售后取消,152.1	,168.99	
趣白全自动洗面奶打泡机感应泡沫机绵密泡沫礼品新品懒人洗脸神器,260526-509555535443728,已收货,1	,2026-05-26 16:43:13,	,无售后或售后取消,143.65	,168.99	
趣白全自动洗面奶打泡机感应泡沫机绵密泡沫礼品新品懒人洗脸神器,260526-442761265521126,已收货,1	,2026-05-26 15:53:09,	,无售后或售后取消,147.03	,168.99	
趣白全自动洗面奶打泡机感应泡沫机绵密泡沫礼品新品懒人洗脸神器,260526-469531441461090,已发货，退款成功,1	,2026-05-26 15:14:24,(收)[QBPH004]*[1]#,退款成功,133.51	,168.99	
趣白全自动洗面奶打泡机感应泡沫机绵密泡沫礼品新品懒人洗脸神器,260526-169753976443768,已收货,1	,2026-05-26 14:59:15,	,无售后或售后取消,147.03	,168.99	
趣白全自动洗面奶打泡机感应泡沫机绵密泡沫礼品新品懒人洗脸神器,260526-091897228952274,已收货,1	,2026-05-26 14:55:47,	,无售后或售后取消,135.2	,168.99	
趣白全自动洗面奶打泡机感应泡沫机绵密泡沫礼品新品懒人洗脸神器,260526-296956751380293,已收货,1	,2026-05-26 14:31:53,	,无售后或售后取消,160.55	,168.99	
趣白全自动洗面奶打泡机感应泡沫机绵密泡沫礼品新品懒人洗脸神器,260526-368134111610782,已收货,1	,2026-05-26 14:21:24,	,无售后或售后取消,125.06	,168.99	
趣白全自动洗面奶打泡机感应泡沫机绵密泡沫礼品新品懒人洗脸神器,260526-391433438770923,已收货,1	,2026-05-26 14:19:18,	,无售后或售后取消,164.22	,168.99	
趣白全自动洗面奶打泡机感应泡沫机绵密泡沫礼品新品懒人洗脸神器,260526-529971351993043,已收货,1	,2026-05-26 13:23:12,	,无售后或售后取消,148.72	,168.99	
趣白全自动洗面奶打泡机感应泡沫机绵密泡沫礼品新品懒人洗脸神器,260526-080320939573366,已收货,1	,2026-05-26 12:54:19,	,无售后或售后取消,126.75	,168.99	
趣白全自动洗面奶打泡机感应泡沫机绵密泡沫礼品新品懒人洗脸神器,260526-271371549062398,已收货,1	,2026-05-26 12:51:29,	,无售后或售后取消,135.2	,168.99	
趣白全自动洗面奶打泡机感应泡沫机绵密泡沫礼品新品懒人洗脸神器,260526-478192606763375,已取消,1	,	,	,无售后或售后取消,168.99	,168.99	
趣白全自动洗面奶打泡机感应泡沫机绵密泡沫礼品新品懒人洗脸神器,260526-278176745003375,已发货，退款成功,1	,2026-05-26 12:28:03,	,退款成功,168.99	,168.99	
趣白全自动洗面奶打泡机感应泡沫机绵密泡沫礼品新品懒人洗脸神器,260526-333226985093103,已收货,1	,2026-05-26 12:27:43,	,无售后或售后取消,126.75	,168.99	
趣白全自动洗面奶打泡机感应泡沫机绵密泡沫礼品新品懒人洗脸神器,260526-615189102902666,未发货，退款成功,1	,2026-05-26 12:22:50,	,退款成功,162.06	,168.99	
趣白全自动洗面奶打泡机感应泡沫机绵密泡沫礼品新品懒人洗脸神器,260526-284310914673632,已收货,1	,2026-05-26 11:57:32,	,无售后或售后取消,135.2	,168.99	
趣白全自动洗面奶打泡机感应泡沫机绵密泡沫礼品新品懒人洗脸神器,260526-477605456200661,已收货,1	,2026-05-26 11:56:34,	,无售后或售后取消,168.99	,168.99	
趣白全自动洗面奶打泡机感应泡沫机绵密泡沫礼品新品懒人洗脸神器,260526-130002501951397,已发货，退款成功,1	,2026-05-26 11:36:12,	,退款成功,163.99	,168.99	
趣白全自动洗面奶打泡机感应泡沫机绵密泡沫礼品新品懒人洗脸神器,260526-686901246361288,已收货，退款成功,1	,2026-05-26 11:32:50,(收)[QBPH004]*[1]#,退款成功,168.99	,168.99	
趣白全自动洗面奶打泡机感应泡沫机绵密泡沫礼品新品懒人洗脸神器,260526-177586839070605,已收货,1	,2026-05-26 11:30:06,	,无售后或售后取消,141.96	,168.99	
趣白全自动洗面奶打泡机感应泡沫机绵密泡沫礼品新品懒人洗脸神器,260526-359158331710652,已收货,1	,2026-05-26 11:22:36,	,无售后或售后取消,163.99	,168.99	
趣白全自动洗面奶打泡机感应泡沫机绵密泡沫礼品新品懒人洗脸神器,260526-060125355590752,已收货,1	,2026-05-26 11:00:25,西藏,无售后或售后取消,168.99	,168.99	
趣白全自动洗面奶打泡机感应泡沫机绵密泡沫礼品新品懒人洗脸神器,260526-620473915002652,已收货,1	,2026-05-26 11:00:02,	,无售后或售后取消,150.28	,168.99	
趣白全自动洗面奶打泡机感应泡沫机绵密泡沫礼品新品懒人洗脸神器,260526-150365826580945,已发货，退款成功,1	,2026-05-26 10:55:13,	,退款成功,168.99	,168.99	
趣白全自动洗面奶打泡机感应泡沫机绵密泡沫礼品新品懒人洗脸神器,260526-470957432343147,已收货,1	,2026-05-26 10:50:44,	,无售后或售后取消,152.1	,168.99	
趣白全自动洗面奶打泡机感应泡沫机绵密泡沫礼品新品懒人洗脸神器,260526-650683400543220,已收货,1	,2026-05-26 10:18:20,	,无售后或售后取消,143.65	,168.99	
趣白全自动洗面奶打泡机感应泡沫机绵密泡沫礼品新品懒人洗脸神器,260526-560117880403071,已发货，退款成功,1	,2026-05-26 10:07:47,	,退款成功,128.44	,168.99	
趣白全自动洗面奶打泡机感应泡沫机绵密泡沫礼品新品懒人洗脸神器,260526-284415803680001,已发货，退款成功,1	,2026-05-26 09:58:17,	,退款成功,126.75	,168.99	
趣白全自动洗面奶打泡机感应泡沫机绵密泡沫礼品新品懒人洗脸神器,260526-532781525423608,已收货,1	,2026-05-26 09:54:28,	,无售后或售后取消,168.99	,168.99	
趣白全自动洗面奶打泡机感应泡沫机绵密泡沫礼品新品懒人洗脸神器,260526-227520080181051,已发货，退款成功,1	,2026-05-26 09:48:31,	,退款成功,147.03	,168.99	
趣白全自动洗面奶打泡机感应泡沫机绵密泡沫礼品新品懒人洗脸神器,260526-011156908462489,已收货,1	,2026-05-26 08:58:59,	,无售后或售后取消,148.99	,168.99	
趣白全自动洗面奶打泡机感应泡沫机绵密泡沫礼品新品懒人洗脸神器,260526-589782095431624,已收货,1	,2026-05-26 08:49:25,	,无售后或售后取消,126.75	,168.99	
趣白全自动洗面奶打泡机感应泡沫机绵密泡沫礼品新品懒人洗脸神器,260526-020698897993591,已收货,1	,2026-05-26 08:27:34,	,无售后或售后取消,145.34	,168.99	
趣白全自动洗面奶打泡机感应泡沫机绵密泡沫礼品新品懒人洗脸神器,260526-055207544411309,已收货,1	,2026-05-26 08:10:35,	,无售后或售后取消,152.1	,168.99	
趣白全自动洗面奶打泡机感应泡沫机绵密泡沫礼品新品懒人洗脸神器,260526-668666499472783,已收货，退款成功,1	,2026-05-26 06:16:41,	,退款成功,160.54	,168.99	
趣白全自动洗面奶打泡机感应泡沫机绵密泡沫礼品新品懒人洗脸神器,260526-449419753771910,已收货，退款成功,1	,2026-05-26 05:36:10,(收)[QBPH004]*[1]#,退款成功,152.1	,168.99	
趣白全自动洗面奶打泡机感应泡沫机绵密泡沫礼品新品懒人洗脸神器,260526-542208244002908,已收货,1	,2026-05-26 04:48:18,	,无售后或售后取消,168.99	,168.99	
趣白全自动洗面奶打泡机感应泡沫机绵密泡沫礼品新品懒人洗脸神器,260526-118331881760843,已收货,1	,2026-05-26 04:46:03,	,无售后或售后取消,168.99	,168.99	
趣白全自动洗面奶打泡机感应泡沫机绵密泡沫礼品新品懒人洗脸神器,260526-601631025493920,已收货,1	,2026-05-26 03:52:41,	,无售后或售后取消,168.99	,168.99	
趣白全自动洗面奶打泡机感应泡沫机绵密泡沫礼品新品懒人洗脸神器,260526-338826412373920,已取消,1	,	,	,无售后或售后取消,168.99	,168.99	
趣白全自动洗面奶打泡机感应泡沫机绵密泡沫礼品新品懒人洗脸神器,260526-336509090153739,未发货，退款成功,1	,2026-05-26 02:53:22,	,退款成功,160.55	,168.99	
趣白全自动洗面奶打泡机感应泡沫机绵密泡沫礼品新品懒人洗脸神器,260526-246425915723940,已发货，待收货,1	,2026-05-26 02:40:14,	,无售后或售后取消,136.89	,168.99	
趣白全自动洗面奶打泡机感应泡沫机绵密泡沫礼品新品懒人洗脸神器,260526-539649666562246,已取消,1	,	,	,无售后或售后取消,128.44	,168.99	
趣白全自动洗面奶打泡机感应泡沫机绵密泡沫礼品新品懒人洗脸神器,260526-471544634892451,已收货,1	,2026-05-26 00:08:07,	,无售后或售后取消,168.99	,168.99	
趣白全自动洗面奶打泡机感应泡沫机绵密泡沫礼品新品懒人洗脸神器,260525-188020180621284,已收货,1	,2026-05-25 23:19:35,	,无售后或售后取消,133.51	,168.99	
趣白全自动洗面奶打泡机感应泡沫机绵密泡沫礼品新品懒人洗脸神器,260525-076210511411393,已取消,1	,	,	,无售后或售后取消,126.75	,168.99	
趣白全自动洗面奶打泡机感应泡沫机绵密泡沫礼品新品懒人洗脸神器,260525-272168394363636,已收货,1	,2026-05-25 22:37:36,	,无售后或售后取消,160.55	,168.99	
趣白全自动洗面奶打泡机感应泡沫机绵密泡沫礼品新品懒人洗脸神器,260525-685873631673243,已收货,1	,2026-05-25 22:20:41,	,无售后或售后取消,126.75	,168.99	
趣白全自动洗面奶打泡机感应泡沫机绵密泡沫礼品新品懒人洗脸神器,260525-558157074722769,已收货,1	,2026-05-25 21:55:57,	,无售后或售后取消,118.99	,168.99	
趣白全自动洗面奶打泡机感应泡沫机绵密泡沫礼品新品懒人洗脸神器,260525-415582175551305,已收货,1	,2026-05-25 21:44:41,	,无售后或售后取消,135.2	,168.99	
趣白全自动洗面奶打泡机感应泡沫机绵密泡沫礼品新品懒人洗脸神器,260525-231085217312084,未发货，退款成功,1	,2026-05-25 21:33:15,	,退款成功,168.99	,168.99	
趣白全自动洗面奶打泡机感应泡沫机绵密泡沫礼品新品懒人洗脸神器,260525-220956004741915,未发货，退款成功,1	,2026-05-25 20:50:30,	,退款成功,159.63	,168.99	
趣白全自动洗面奶打泡机感应泡沫机绵密泡沫礼品新品懒人洗脸神器,260525-267680509501161,已收货,1	,2026-05-25 20:49:14,	,无售后或售后取消,131.82	,168.99	
趣白全自动洗面奶打泡机感应泡沫机绵密泡沫礼品新品懒人洗脸神器,260525-114619870802831,已发货，退款成功,1	,2026-05-25 20:27:29,	,退款成功,133.51	,168.99	
趣白全自动洗面奶打泡机感应泡沫机绵密泡沫礼品新品懒人洗脸神器,260525-161124206190372,已收货,1	,2026-05-25 19:54:53,	,无售后或售后取消,168.99	,168.99	
趣白全自动洗面奶打泡机感应泡沫机绵密泡沫礼品新品懒人洗脸神器,260525-021789437443081,已收货,1	,2026-05-25 19:19:37,	,无售后或售后取消,160.55	,168.99	
趣白全自动洗面奶打泡机感应泡沫机绵密泡沫礼品新品懒人洗脸神器,260525-482261133714076,已收货,1	,2026-05-25 18:37:23,	,无售后或售后取消,126.75	,168.99	
趣白全自动洗面奶打泡机感应泡沫机绵密泡沫礼品新品懒人洗脸神器,260525-406019162451937,已收货,1	,2026-05-25 18:18:57,	,无售后或售后取消,143.65	,168.99	
趣白全自动洗面奶打泡机感应泡沫机绵密泡沫礼品新品懒人洗脸神器,260525-229879344790187,已收货,1	,2026-05-25 17:53:04,	,无售后或售后取消,143.65	,168.99	
趣白全自动洗面奶打泡机感应泡沫机绵密泡沫礼品新品懒人洗脸神器,260525-601903655302025,已收货,1	,2026-05-25 17:25:50,	,无售后或售后取消,160.55	,168.99	
趣白全自动洗面奶打泡机感应泡沫机绵密泡沫礼品新品懒人洗脸神器,260525-618995402360605,已收货,1	,2026-05-25 17:11:56,	,无售后或售后取消,141.96	,168.99	
趣白全自动洗面奶打泡机感应泡沫机绵密泡沫礼品新品懒人洗脸神器,260525-629900613251885,已收货,1	,2026-05-25 17:11:14,	,无售后或售后取消,160.55	,168.99	
趣白全自动洗面奶打泡机感应泡沫机绵密泡沫礼品新品懒人洗脸神器,260525-661200617860184,未发货，退款成功,1	,2026-05-25 16:43:19,暂别发货，因客户需要更改姓名暂无法更改。,退款成功,138.99	,168.99	
趣白全自动洗面奶打泡机感应泡沫机绵密泡沫礼品新品懒人洗脸神器,260525-684447568173899,已收货,1	,2026-05-25 16:37:05,	,无售后或售后取消,148.72	,168.99	
趣白全自动洗面奶打泡机感应泡沫机绵密泡沫礼品新品懒人洗脸神器,260525-051537538574049,已收货,1	,2026-05-25 16:25:30,	,无售后或售后取消,131.82	,168.99	
趣白全自动洗面奶打泡机感应泡沫机绵密泡沫礼品新品懒人洗脸神器,260525-576528116152136,已收货,2	,2026-05-25 16:11:21,	,无售后或售后取消,317.88	,334.61	
趣白全自动洗面奶打泡机感应泡沫机绵密泡沫礼品新品懒人洗脸神器,260525-553658621552814,已收货,1	,2026-05-25 15:22:02,	,无售后或售后取消,126.75	,168.99	
趣白全自动洗面奶打泡机感应泡沫机绵密泡沫礼品新品懒人洗脸神器,260525-661861230932973,已收货,1	,2026-05-25 15:18:50,	,无售后或售后取消,152.1	,168.99	
趣白全自动洗面奶打泡机感应泡沫机绵密泡沫礼品新品懒人洗脸神器,260525-378693260951233,已收货,1	,2026-05-25 15:06:43,	,无售后或售后取消,135.2	,168.99	
趣白全自动洗面奶打泡机感应泡沫机绵密泡沫礼品新品懒人洗脸神器,260525-211109855611498,已收货,1	,2026-05-25 14:55:48,	,无售后或售后取消,143.65	,168.99	
趣白全自动洗面奶打泡机感应泡沫机绵密泡沫礼品新品懒人洗脸神器,260525-374729612862757,已收货,1	,2026-05-25 14:33:51,	,无售后或售后取消,140.27	,168.99	
趣白全自动洗面奶打泡机感应泡沫机绵密泡沫礼品新品懒人洗脸神器,260525-416714595900488,已收货,1	,2026-05-25 14:12:55,	,无售后或售后取消,136.89	,168.99	
趣白全自动洗面奶打泡机感应泡沫机绵密泡沫礼品新品懒人洗脸神器,260525-007948276131148,已发货，退款成功,1	,2026-05-25 13:40:34,	,退款成功,168.99	,168.99	
趣白全自动洗面奶打泡机感应泡沫机绵密泡沫礼品新品懒人洗脸神器,260525-428500600433974,已收货,1	,2026-05-25 13:00:15,	,无售后或售后取消,152.1	,168.99	
趣白全自动洗面奶打泡机感应泡沫机绵密泡沫礼品新品懒人洗脸神器,260525-319291472161900,已收货,1	,2026-05-25 12:52:22,	,无售后或售后取消,168.99	,168.99	
趣白全自动洗面奶打泡机感应泡沫机绵密泡沫礼品新品懒人洗脸神器,260525-413600325221951,已收货,1	,2026-05-25 12:47:29,	,无售后或售后取消,143.65	,168.99	
趣白全自动洗面奶打泡机感应泡沫机绵密泡沫礼品新品懒人洗脸神器,260525-359745503650661,已收货,1	,2026-05-25 12:06:00,	,无售后或售后取消,118.99	,168.99	
趣白全自动洗面奶打泡机感应泡沫机绵密泡沫礼品新品懒人洗脸神器,260525-576821685770973,已取消,1	,	,	,无售后或售后取消,133.51	,168.99	
趣白全自动洗面奶打泡机感应泡沫机绵密泡沫礼品新品懒人洗脸神器,260525-209799145842709,已收货,1	,2026-05-25 11:45:56,	,无售后或售后取消,126.75	,168.99	
趣白全自动洗面奶打泡机感应泡沫机绵密泡沫礼品新品懒人洗脸神器,260525-456382236162404,已收货,1	,2026-05-25 11:15:05,	,无售后或售后取消,135.2	,168.99	
趣白全自动洗面奶打泡机感应泡沫机绵密泡沫礼品新品懒人洗脸神器,260525-574535790192771,已收货,1	,2026-05-25 11:04:32,	,无售后或售后取消,143.65	,168.99	
趣白全自动洗面奶打泡机感应泡沫机绵密泡沫礼品新品懒人洗脸神器,260525-118153593210800,已收货,1	,2026-05-25 10:49:03,	,无售后或售后取消,152.1	,168.99	
趣白全自动洗面奶打泡机感应泡沫机绵密泡沫礼品新品懒人洗脸神器,260525-342402035343926,已发货，退款成功,1	,2026-05-25 10:45:56,(收)[QBPH004]*[1]#,退款成功,141.96	,168.99	
趣白全自动洗面奶打泡机感应泡沫机绵密泡沫礼品新品懒人洗脸神器,260525-174986391082105,已收货,1	,2026-05-25 10:44:16,	,无售后或售后取消,152.1	,168.99	
趣白全自动洗面奶打泡机感应泡沫机绵密泡沫礼品新品懒人洗脸神器,260525-469216796201045,已收货,1	,2026-05-25 10:40:51,	,无售后或售后取消,168.99	,168.99	
趣白全自动洗面奶打泡机感应泡沫机绵密泡沫礼品新品懒人洗脸神器,260525-153951988061275,已收货,1	,2026-05-25 10:41:54,	,无售后或售后取消,158.95	,168.99	
趣白全自动洗面奶打泡机感应泡沫机绵密泡沫礼品新品懒人洗脸神器,260525-525441513833799,已收货,1	,2026-05-25 10:35:16,	,无售后或售后取消,143.65	,168.99	
趣白全自动洗面奶打泡机感应泡沫机绵密泡沫礼品新品懒人洗脸神器,260525-159152945501275,已取消,1	,	,	,无售后或售后取消,159.48	,168.99	
趣白全自动洗面奶打泡机感应泡沫机绵密泡沫礼品新品懒人洗脸神器,260525-062337892701275,已取消,1	,	,	,无售后或售后取消,159.48	,168.99	
趣白全自动洗面奶打泡机感应泡沫机绵密泡沫礼品新品懒人洗脸神器,260525-044187072883331,已收货,1	,2026-05-25 10:03:47,	,无售后或售后取消,168.99	,168.99	
趣白全自动洗面奶打泡机感应泡沫机绵密泡沫礼品新品懒人洗脸神器,260525-083812739513756,已收货,1	,2026-05-25 10:00:57,	,无售后或售后取消,152.1	,168.99	
趣白全自动洗面奶打泡机感应泡沫机绵密泡沫礼品新品懒人洗脸神器,260525-015812564540967,已收货,1	,2026-05-25 09:18:24,	,无售后或售后取消,152.1	,168.99	
趣白全自动洗面奶打泡机感应泡沫机绵密泡沫礼品新品懒人洗脸神器,260525-043851518301275,已取消,1	,	,	,无售后或售后取消,143.65	,168.99	
趣白全自动洗面奶打泡机感应泡沫机绵密泡沫礼品新品懒人洗脸神器,260525-662909765193151,已收货，退款成功,1	,2026-05-25 08:51:56,	,退款成功,131.82	,168.99	
趣白全自动洗面奶打泡机感应泡沫机绵密泡沫礼品新品懒人洗脸神器,260525-043253829953718,已发货，退款成功,1	,2026-05-25 08:33:10,	,退款成功,135.2	,168.99	
趣白全自动洗面奶打泡机感应泡沫机绵密泡沫礼品新品懒人洗脸神器,260525-662741992991477,已取消,1	,	,	,无售后或售后取消,168.99	,168.99	
趣白全自动洗面奶打泡机感应泡沫机绵密泡沫礼品新品懒人洗脸神器,260525-514892797482704,已发货，退款成功,1	,2026-05-25 07:03:48,	,退款成功,143.65	,168.99	
趣白全自动洗面奶打泡机感应泡沫机绵密泡沫礼品新品懒人洗脸神器,260525-326295897723281,已收货,1	,2026-05-25 07:03:28,	,无售后或售后取消,118.99	,168.99	
趣白全自动洗面奶打泡机感应泡沫机绵密泡沫礼品新品懒人洗脸神器,260525-032768007790616,已收货,1	,2026-05-25 06:06:43,换主机，平台要求48小时内寄出换货商品,无售后或售后取消,163.99	,168.99	
趣白全自动洗面奶打泡机感应泡沫机绵密泡沫礼品新品懒人洗脸神器,260525-374698207600678,已收货,1	,2026-05-25 05:47:59,	,无售后或售后取消,168.99	,168.99	
趣白全自动洗面奶打泡机感应泡沫机绵密泡沫礼品新品懒人洗脸神器,260525-026067669322138,未发货，退款成功,1	,2026-05-25 04:08:34,	,退款成功,168.99	,168.99	
趣白全自动洗面奶打泡机感应泡沫机绵密泡沫礼品新品懒人洗脸神器,260525-021139362192721,已收货,1	,2026-05-25 00:31:59,	,无售后或售后取消,135.2	,168.99	
趣白全自动洗面奶打泡机感应泡沫机绵密泡沫礼品新品懒人洗脸神器,260525-424820088390310,已收货,1	,2026-05-25 00:22:37,	,无售后或售后取消,168.99	,168.99	
趣白全自动洗面奶打泡机感应泡沫机绵密泡沫礼品新品懒人洗脸神器,260525-327753428503400,已收货,1	,2026-05-25 00:21:18,	,无售后或售后取消,143.65	,168.99	
趣白全自动洗面奶打泡机感应泡沫机绵密泡沫礼品新品懒人洗脸神器,260524-560416704140055,已收货,1	,2026-05-24 23:50:14,	,无售后或售后取消,135.2	,168.99	
趣白全自动洗面奶打泡机感应泡沫机绵密泡沫礼品新品懒人洗脸神器,260524-255690053182780,未发货，退款成功,1	,2026-05-24 23:38:46,	,退款成功,168.99	,168.99	
趣白全自动洗面奶打泡机感应泡沫机绵密泡沫礼品新品懒人洗脸神器,260524-070511511184007,未发货，退款成功,1	,2026-05-24 23:29:48,	,退款成功,160.55	,168.99	
趣白全自动洗面奶打泡机感应泡沫机绵密泡沫礼品新品懒人洗脸神器,260524-537924811192785,已收货,1	,2026-05-24 23:23:00,	,无售后或售后取消,143.65	,168.99	
趣白全自动洗面奶打泡机感应泡沫机绵密泡沫礼品新品懒人洗脸神器,260524-063071926601998,已收货,1	,2026-05-24 22:47:41,	,无售后或售后取消,126.75	,168.99	
趣白全自动洗面奶打泡机感应泡沫机绵密泡沫礼品新品懒人洗脸神器,260524-469054277171393,已取消,1	,	,	,无售后或售后取消,131.82	,168.99	
趣白全自动洗面奶打泡机感应泡沫机绵密泡沫礼品新品懒人洗脸神器,260524-472430702202402,已收货,1	,2026-05-24 22:42:09,	,无售后或售后取消,138.58	,168.99	
趣白全自动洗面奶打泡机感应泡沫机绵密泡沫礼品新品懒人洗脸神器,260524-030204281260633,已收货,1	,2026-05-24 22:27:08,	,无售后或售后取消,152.1	,168.99	
趣白全自动洗面奶打泡机感应泡沫机绵密泡沫礼品新品懒人洗脸神器,260524-296039257682446,已收货,1	,2026-05-24 22:27:04,	,无售后或售后取消,160.55	,168.99	
趣白全自动洗面奶打泡机感应泡沫机绵密泡沫礼品新品懒人洗脸神器,260524-587983767132896,已收货,1	,2026-05-24 22:16:02,	,无售后或售后取消,135.2	,168.99	
趣白全自动洗面奶打泡机感应泡沫机绵密泡沫礼品新品懒人洗脸神器,260524-262191203961173,已发货，退款成功,1	,2026-05-24 22:11:53,(收)[QBPH004]*[1]#,退款成功,126.75	,168.99	
趣白全自动洗面奶打泡机感应泡沫机绵密泡沫礼品新品懒人洗脸神器,260524-332508742042186,已收货,1	,2026-05-24 21:17:30,	,无售后或售后取消,155.48	,168.99	
趣白全自动洗面奶打泡机感应泡沫机绵密泡沫礼品新品懒人洗脸神器,260524-091252354653909,已收货,1	,2026-05-24 21:02:29,	,无售后或售后取消,152.1	,168.99	
趣白全自动洗面奶打泡机感应泡沫机绵密泡沫礼品新品懒人洗脸神器,260524-353039860123684,已收货,1	,2026-05-24 20:42:41,	,无售后或售后取消,152.1	,168.99	
趣白全自动洗面奶打泡机感应泡沫机绵密泡沫礼品新品懒人洗脸神器,260524-104716080780377,已收货,1	,2026-05-24 20:36:39,	,无售后或售后取消,136.89	,168.99	
趣白全自动洗面奶打泡机感应泡沫机绵密泡沫礼品新品懒人洗脸神器,260524-340561815941106,已收货,1	,2026-05-24 20:31:59,	,无售后或售后取消,145.34	,168.99	
趣白全自动洗面奶打泡机感应泡沫机绵密泡沫礼品新品懒人洗脸神器,260524-347613437532180,未发货，退款成功,1	,2026-05-24 20:27:36,	,退款成功,152.1	,168.99	
趣白全自动洗面奶打泡机感应泡沫机绵密泡沫礼品新品懒人洗脸神器,260524-362036652353642,已收货,1	,2026-05-24 20:20:14,	,无售后或售后取消,160.55	,168.99	
趣白全自动洗面奶打泡机感应泡沫机绵密泡沫礼品新品懒人洗脸神器,260524-382903293590326,已发货，退款成功,1	,2026-05-24 20:09:15,	,退款成功,143.65	,168.99	
趣白全自动洗面奶打泡机感应泡沫机绵密泡沫礼品新品懒人洗脸神器,260524-034021086841552,已收货,1	,2026-05-24 19:51:28,	,无售后或售后取消,135.2	,168.99	
趣白全自动洗面奶打泡机感应泡沫机绵密泡沫礼品新品懒人洗脸神器,260524-680389516953887,已收货,1	,2026-05-24 19:47:48,	,无售后或售后取消,168.99	,168.99	
趣白全自动洗面奶打泡机感应泡沫机绵密泡沫礼品新品懒人洗脸神器,260524-250415715980515,已收货,1	,2026-05-24 19:30:13,	,无售后或售后取消,143.65	,168.99	
趣白全自动洗面奶打泡机感应泡沫机绵密泡沫礼品新品懒人洗脸神器,260524-302676754863291,已收货,1	,2026-05-24 19:18:59,	,无售后或售后取消,152.1	,168.99	
趣白全自动洗面奶打泡机感应泡沫机绵密泡沫礼品新品懒人洗脸神器,260524-673589501552300,已收货,1	,2026-05-24 19:12:35,	,无售后或售后取消,160.55	,168.99	
趣白全自动洗面奶打泡机感应泡沫机绵密泡沫礼品新品懒人洗脸神器,260524-302456584633691,已收货,1	,2026-05-24 18:51:45,	,无售后或售后取消,135.2	,168.99	
趣白全自动洗面奶打泡机感应泡沫机绵密泡沫礼品新品懒人洗脸神器,260524-463040714260069,已收货,1	,2026-05-24 18:43:10,	,无售后或售后取消,152.1	,168.99	
趣白全自动洗面奶打泡机感应泡沫机绵密泡沫礼品新品懒人洗脸神器,260524-306545989252522,已收货,1	,2026-05-24 18:35:48,	,无售后或售后取消,152.1	,168.99	
趣白全自动洗面奶打泡机感应泡沫机绵密泡沫礼品新品懒人洗脸神器,260524-615965038091633,已取消,1	,	,	,无售后或售后取消,138.99	,168.99	
趣白全自动洗面奶打泡机感应泡沫机绵密泡沫礼品新品懒人洗脸神器,260524-340477919533926,已收货,1	,2026-05-24 18:07:25,	,无售后或售后取消,163.96	,168.99	
趣白全自动洗面奶打泡机感应泡沫机绵密泡沫礼品新品懒人洗脸神器,260524-324586760543430,已收货,1	,2026-05-24 17:57:12,	,无售后或售后取消,168.99	,168.99	
趣白全自动洗面奶打泡机感应泡沫机绵密泡沫礼品新品懒人洗脸神器,260524-175117515104013,已收货,1	,2026-05-24 17:34:35,	,无售后或售后取消,126.75	,168.99	
趣白全自动洗面奶打泡机感应泡沫机绵密泡沫礼品新品懒人洗脸神器,260524-450410658090491,已收货,1	,2026-05-24 17:26:33,	,无售后或售后取消,168.99	,168.99	
趣白全自动洗面奶打泡机感应泡沫机绵密泡沫礼品新品懒人洗脸神器,260524-671030976140412,已取消,1	,	,	,无售后或售后取消,168.99	,168.99	
趣白全自动洗面奶打泡机感应泡沫机绵密泡沫礼品新品懒人洗脸神器,260524-101171873282945,已取消,1	,	,	,无售后或售后取消,168.99	,168.99	
趣白全自动洗面奶打泡机感应泡沫机绵密泡沫礼品新品懒人洗脸神器,260524-517723952750954,已收货,1	,2026-05-24 16:53:42,	,无售后或售后取消,143.65	,168.99	
趣白全自动洗面奶打泡机感应泡沫机绵密泡沫礼品新品懒人洗脸神器,260524-320916702750844,已收货,1	,2026-05-24 16:41:49,	,无售后或售后取消,153.99	,168.99	
趣白全自动洗面奶打泡机感应泡沫机绵密泡沫礼品新品懒人洗脸神器,260524-410727289121442,已收货,1	,2026-05-24 16:36:46,	,无售后或售后取消,168.99	,168.99	
趣白全自动洗面奶打泡机感应泡沫机绵密泡沫礼品新品懒人洗脸神器,260524-301371287843127,已发货，退款成功,1	,2026-05-24 16:30:23,	,退款成功,126.75	,168.99	
趣白全自动洗面奶打泡机感应泡沫机绵密泡沫礼品新品懒人洗脸神器,260524-315747243673863,已收货,1	,2026-05-24 16:21:57,	,无售后或售后取消,168.99	,168.99	
趣白全自动洗面奶打泡机感应泡沫机绵密泡沫礼品新品懒人洗脸神器,260524-471240610210636,未发货，退款成功,1	,2026-05-24 16:12:58,	,退款成功,152.1	,168.99	
趣白全自动洗面奶打泡机感应泡沫机绵密泡沫礼品新品懒人洗脸神器,260524-366341035581636,已收货,1	,2026-05-24 16:11:26,	,无售后或售后取消,126.75	,168.99	
趣白全自动洗面奶打泡机感应泡沫机绵密泡沫礼品新品懒人洗脸神器,260524-007130334850214,已收货,1	,2026-05-24 16:06:54,	,无售后或售后取消,160.55	,168.99	
趣白全自动洗面奶打泡机感应泡沫机绵密泡沫礼品新品懒人洗脸神器,260524-405379509850321,已收货,1	,2026-05-24 16:03:12,	,无售后或售后取消,140.27	,168.99	
趣白全自动洗面奶打泡机感应泡沫机绵密泡沫礼品新品懒人洗脸神器,260524-563651623201899,已收货,1	,2026-05-24 16:00:39,	,无售后或售后取消,160.55	,168.99	
趣白全自动洗面奶打泡机感应泡沫机绵密泡沫礼品新品懒人洗脸神器,260524-040516994673973,已收货,2	,2026-05-24 15:32:02,	,无售后或售后取消,301.15	,334.61	
趣白全自动洗面奶打泡机感应泡沫机绵密泡沫礼品新品懒人洗脸神器,260524-232175778193889,已发货，退款成功,1	,2026-05-24 15:23:28,	,退款成功,168.99	,168.99	
趣白全自动洗面奶打泡机感应泡沫机绵密泡沫礼品新品懒人洗脸神器,260524-223011213661952,已发货，退款成功,1	,2026-05-24 15:22:51,	,退款成功,126.75	,168.99	
趣白全自动洗面奶打泡机感应泡沫机绵密泡沫礼品新品懒人洗脸神器,260524-313230650972640,已发货，退款成功,1	,2026-05-24 15:17:18,	,退款成功,128.44	,168.99	
趣白全自动洗面奶打泡机感应泡沫机绵密泡沫礼品新品懒人洗脸神器,260524-012331281970923,已收货,1	,2026-05-24 15:04:28,	,无售后或售后取消,143.65	,168.99	
趣白全自动洗面奶打泡机感应泡沫机绵密泡沫礼品新品懒人洗脸神器,260524-563148306862118,已发货，退款成功,1	,2026-05-24 15:03:01,	,退款成功,168.99	,168.99	
趣白全自动洗面奶打泡机感应泡沫机绵密泡沫礼品新品懒人洗脸神器,260524-049744453143799,已收货,1	,2026-05-24 15:00:11,	,无售后或售后取消,168.99	,168.99	
趣白全自动洗面奶打泡机感应泡沫机绵密泡沫礼品新品懒人洗脸神器,260524-098712962703418,已收货,1	,2026-05-24 14:55:18,	,无售后或售后取消,147.03	,168.99	
趣白全自动洗面奶打泡机感应泡沫机绵密泡沫礼品新品懒人洗脸神器,260524-322583959050956,已收货，退款成功,1	,2026-05-24 14:45:43,(收)[QBPH004]*[1]#,退款成功,168.99	,168.99	
趣白全自动洗面奶打泡机感应泡沫机绵密泡沫礼品新品懒人洗脸神器,260524-081516336702962,已收货,1	,2026-05-24 14:37:57,	,无售后或售后取消,163.99	,168.99	
趣白全自动洗面奶打泡机感应泡沫机绵密泡沫礼品新品懒人洗脸神器,260524-343891055022676,已收货,1	,2026-05-24 14:12:34,	,无售后或售后取消,168.99	,168.99	
趣白全自动洗面奶打泡机感应泡沫机绵密泡沫礼品新品懒人洗脸神器,260524-139712315733627,已收货,1	,2026-05-24 14:07:46,	,无售后或售后取消,148.72	,168.99	
趣白全自动洗面奶打泡机感应泡沫机绵密泡沫礼品新品懒人洗脸神器,260524-352552240782105,已收货,1	,2026-05-24 13:59:51,	,无售后或售后取消,143.65	,168.99	
趣白全自动洗面奶打泡机感应泡沫机绵密泡沫礼品新品懒人洗脸神器,260524-040999349792331,已收货,1	,2026-05-24 13:55:50,	,无售后或售后取消,168.99	,168.99	
趣白全自动洗面奶打泡机感应泡沫机绵密泡沫礼品新品懒人洗脸神器,260524-414376281681452,已发货，退款成功,1	,2026-05-24 13:55:05,	,退款成功,168.99	,168.99	
趣白全自动洗面奶打泡机感应泡沫机绵密泡沫礼品新品懒人洗脸神器,260524-306226163243888,已收货,1	,2026-05-24 13:27:55,	,无售后或售后取消,143.65	,168.99	
趣白全自动洗面奶打泡机感应泡沫机绵密泡沫礼品新品懒人洗脸神器,260524-651815841323167,已收货,1	,2026-05-24 13:20:13,	,无售后或售后取消,152.1	,168.99	
趣白全自动洗面奶打泡机感应泡沫机绵密泡沫礼品新品懒人洗脸神器,260524-665919198790122,已收货,1	,2026-05-24 12:56:24,	,无售后或售后取消,160.55	,168.99	
趣白全自动洗面奶打泡机感应泡沫机绵密泡沫礼品新品懒人洗脸神器,260524-660561017223263,已发货，退款成功,1	,2026-05-24 12:49:42,(收)[QBPH004]*[1]#,退款成功,168.99	,168.99	
趣白全自动洗面奶打泡机感应泡沫机绵密泡沫礼品新品懒人洗脸神器,260524-271371538761187,已收货，退款成功,1	,2026-05-24 12:46:56,(收)[QBPH004]*[1]#,退款成功,135.2	,168.99	
趣白全自动洗面奶打泡机感应泡沫机绵密泡沫礼品新品懒人洗脸神器,260524-337683443290122,已收货,1	,2026-05-24 12:46:37,	,无售后或售后取消,152.1	,168.99	
趣白全自动洗面奶打泡机感应泡沫机绵密泡沫礼品新品懒人洗脸神器,260524-286481456693958,已收货，退款成功,1	,2026-05-24 12:42:09,	,退款成功,148.72	,168.99	
趣白全自动洗面奶打泡机感应泡沫机绵密泡沫礼品新品懒人洗脸神器,260524-067412969011496,已收货,1	,2026-05-24 12:29:28,	,无售后或售后取消,138.99	,168.99	
趣白全自动洗面奶打泡机感应泡沫机绵密泡沫礼品新品懒人洗脸神器,260524-598999057990122,已取消,1	,	,	,无售后或售后取消,160.55	,168.99	
趣白全自动洗面奶打泡机感应泡沫机绵密泡沫礼品新品懒人洗脸神器,260524-367190371990187,已取消,1	,	,	,无售后或售后取消,168.99	,168.99	
趣白全自动洗面奶打泡机感应泡沫机绵密泡沫礼品新品懒人洗脸神器,260524-090355801750187,已取消,1	,	,	,无售后或售后取消,143.65	,168.99	
趣白全自动洗面奶打泡机感应泡沫机绵密泡沫礼品新品懒人洗脸神器,260524-399224368722690,已收货,1	,2026-05-24 12:19:36,	,无售后或售后取消,152.1	,168.99	
趣白全自动洗面奶打泡机感应泡沫机绵密泡沫礼品新品懒人洗脸神器,260524-548426227292105,未发货，退款成功,1	,2026-05-24 12:12:28,	,退款成功,168.99	,168.99	
趣白全自动洗面奶打泡机感应泡沫机绵密泡沫礼品新品懒人洗脸神器,260524-585220821342548,已收货，退款成功,1	,2026-05-24 12:04:11,	,退款成功,133.99	,168.99	
趣白全自动洗面奶打泡机感应泡沫机绵密泡沫礼品新品懒人洗脸神器,260524-467109168650973,已取消,1	,	,	,无售后或售后取消,133.51	,168.99	
趣白全自动洗面奶打泡机感应泡沫机绵密泡沫礼品新品懒人洗脸神器,260524-217852188161102,已发货，退款成功,1	,2026-05-24 11:48:20,	,退款成功,143.65	,168.99	
趣白全自动洗面奶打泡机感应泡沫机绵密泡沫礼品新品懒人洗脸神器,260524-419052920432601,已收货,1	,2026-05-24 11:45:50,	,无售后或售后取消,133.51	,168.99	
趣白全自动洗面奶打泡机感应泡沫机绵密泡沫礼品新品懒人洗脸神器,260524-289448989040618,已收货,1	,2026-05-24 11:40:18,	,无售后或售后取消,160.55	,168.99	
趣白全自动洗面奶打泡机感应泡沫机绵密泡沫礼品新品懒人洗脸神器,260524-047070636462299,已发货，退款成功,1	,2026-05-24 11:34:08,	,退款成功,152.1	,168.99	
趣白全自动洗面奶打泡机感应泡沫机绵密泡沫礼品新品懒人洗脸神器,260524-436637539891775,已收货,1	,2026-05-24 11:12:58,	,无售后或售后取消,168.99	,168.99	
趣白全自动洗面奶打泡机感应泡沫机绵密泡沫礼品新品懒人洗脸神器,260524-217904638240685,已发货，退款成功,1	,2026-05-24 11:08:45,	,退款成功,143.65	,168.99	
趣白全自动洗面奶打泡机感应泡沫机绵密泡沫礼品新品懒人洗脸神器,260524-666957310242722,已收货,1	,2026-05-24 11:06:09,	,无售后或售后取消,143.65	,168.99	
趣白全自动洗面奶打泡机感应泡沫机绵密泡沫礼品新品懒人洗脸神器,260524-270207557252469,已收货,1	,2026-05-24 11:00:51,	,无售后或售后取消,126.75	,168.99	
趣白全自动洗面奶打泡机感应泡沫机绵密泡沫礼品新品懒人洗脸神器,260524-087052807780017,已收货,1	,2026-05-24 10:44:13,	,无售后或售后取消,143.65	,168.99	
趣白全自动洗面奶打泡机感应泡沫机绵密泡沫礼品新品懒人洗脸神器,260524-176003520113910,已收货,1	,2026-05-24 10:41:40,	,无售后或售后取消,126.75	,168.99	
趣白全自动洗面奶打泡机感应泡沫机绵密泡沫礼品新品懒人洗脸神器,260524-258515945060717,已发货，退款成功,1	,2026-05-24 10:34:55,	,退款成功,168.99	,168.99	
趣白全自动洗面奶打泡机感应泡沫机绵密泡沫礼品新品懒人洗脸神器,260524-681993858711939,已收货,1	,2026-05-24 10:29:50,	,无售后或售后取消,168.99	,168.99	
趣白全自动洗面奶打泡机感应泡沫机绵密泡沫礼品新品懒人洗脸神器,260524-031184730462352,已收货,1	,2026-05-24 09:58:10,	,无售后或售后取消,136.89	,168.99	
趣白全自动洗面奶打泡机感应泡沫机绵密泡沫礼品新品懒人洗脸神器,260524-588733509272279,已收货,1	,2026-05-24 09:49:21,	,无售后或售后取消,168.99	,168.99	
趣白全自动洗面奶打泡机感应泡沫机绵密泡沫礼品新品懒人洗脸神器,260524-664063250800491,已取消,1	,	,	,无售后或售后取消,133.51	,168.99	
趣白全自动洗面奶打泡机感应泡沫机绵密泡沫礼品新品懒人洗脸神器,260524-479954276770732,已收货,1	,2026-05-24 09:36:13,	,无售后或售后取消,168.99	,168.99	
趣白全自动洗面奶打泡机感应泡沫机绵密泡沫礼品新品懒人洗脸神器,260524-498262371923490,未发货，退款成功,1	,2026-05-24 09:22:49,	,退款成功,159.99	,168.99	
趣白全自动洗面奶打泡机感应泡沫机绵密泡沫礼品新品懒人洗脸神器,260524-257331116453058,已收货,1	,2026-05-24 08:50:47,	,无售后或售后取消,148.72	,168.99	
趣白全自动洗面奶打泡机感应泡沫机绵密泡沫礼品新品懒人洗脸神器,260524-433837893991382,未发货，退款成功,1	,2026-05-24 08:40:52,	,退款成功,140.27	,168.99	
趣白全自动洗面奶打泡机感应泡沫机绵密泡沫礼品新品懒人洗脸神器,260524-359923761512776,已发货，退款成功,1	,2026-05-24 08:18:30,	,退款成功,138.99	,168.99	
趣白全自动洗面奶打泡机感应泡沫机绵密泡沫礼品新品懒人洗脸神器,260524-486130347603451,已收货,1	,2026-05-24 07:17:04,	,无售后或售后取消,141.96	,168.99	
趣白全自动洗面奶打泡机感应泡沫机绵密泡沫礼品新品懒人洗脸神器,260524-263066775101731,已收货,1	,2026-05-24 07:06:54,	,无售后或售后取消,160.55	,168.99	
趣白全自动洗面奶打泡机感应泡沫机绵密泡沫礼品新品懒人洗脸神器,260524-429161265541580,已收货,1	,2026-05-24 02:29:35,	,无售后或售后取消,133.51	,168.99	
趣白全自动洗面奶打泡机感应泡沫机绵密泡沫礼品新品懒人洗脸神器,260524-064309194352143,已收货,1	,2026-05-24 01:52:34,	,无售后或售后取消,133.51	,168.99	
趣白全自动洗面奶打泡机感应泡沫机绵密泡沫礼品新品懒人洗脸神器,260524-297187448323682,已收货,1	,2026-05-24 01:03:27,	,无售后或售后取消,143.65	,168.99	
趣白全自动洗面奶打泡机感应泡沫机绵密泡沫礼品新品懒人洗脸神器,260524-229134845570670,已收货,1	,2026-05-24 00:34:45,	,无售后或售后取消,168.99	,168.99	
趣白全自动洗面奶打泡机感应泡沫机绵密泡沫礼品新品懒人洗脸神器,260524-365848246571448,已收货,1	,2026-05-24 00:21:29,	,无售后或售后取消,148.99	,168.99	
趣白全自动洗面奶打泡机感应泡沫机绵密泡沫礼品新品懒人洗脸神器,260524-090901061223751,已发货，退款成功,1	,2026-05-24 00:18:24,	,退款成功,138.99	,168.99	
趣白全自动洗面奶打泡机感应泡沫机绵密泡沫礼品新品懒人洗脸神器,260524-577104801322575,已收货,1	,2026-05-24 00:12:36,	,无售后或售后取消,168.99	,168.99	
趣白全自动洗面奶打泡机感应泡沫机绵密泡沫礼品新品懒人洗脸神器,260523-331234690642049,已收货,1	,2026-05-23 23:52:51,	,无售后或售后取消,138.58	,168.99	
趣白全自动洗面奶打泡机感应泡沫机绵密泡沫礼品新品懒人洗脸神器,260523-009091171981641,已收货,1	,2026-05-23 23:45:52,	,无售后或售后取消,128.44	,168.99	
趣白全自动洗面奶打泡机感应泡沫机绵密泡沫礼品新品懒人洗脸神器,260523-058175056310508,已发货，退款成功,1	,2026-05-23 23:36:21,	,退款成功,153.99	,168.99	
趣白全自动洗面奶打泡机感应泡沫机绵密泡沫礼品新品懒人洗脸神器,260523-437822472522739,已发货，退款成功,1	,2026-05-23 23:31:04,	,退款成功,148.72	,168.99	
趣白全自动洗面奶打泡机感应泡沫机绵密泡沫礼品新品懒人洗脸神器,260523-310504332851192,已收货,1	,2026-05-23 23:26:24,	,无售后或售后取消,168.99	,168.99	
趣白全自动洗面奶打泡机感应泡沫机绵密泡沫礼品新品懒人洗脸神器,260523-614643874173558,已取消,1	,	,	,无售后或售后取消,118.99	,168.99	
趣白全自动洗面奶打泡机感应泡沫机绵密泡沫礼品新品懒人洗脸神器,260523-441932848733261,已收货,1	,2026-05-23 22:53:04,	,无售后或售后取消,126.75	,168.99	
趣白全自动洗面奶打泡机感应泡沫机绵密泡沫礼品新品懒人洗脸神器,260523-504889382450048,已收货,1	,2026-05-23 22:42:09,	,无售后或售后取消,128.44	,168.99	
趣白全自动洗面奶打泡机感应泡沫机绵密泡沫礼品新品懒人洗脸神器,260523-029370673531317,已收货,1	,2026-05-23 22:10:59,	,无售后或售后取消,152.1	,168.99	
趣白全自动洗面奶打泡机感应泡沫机绵密泡沫礼品新品懒人洗脸神器,260523-618575971951406,已收货,1	,2026-05-23 22:10:34,	,无售后或售后取消,128.44	,168.99	
趣白全自动洗面奶打泡机感应泡沫机绵密泡沫礼品新品懒人洗脸神器,260523-432453794222311,已收货,1	,2026-05-23 21:44:31,	,无售后或售后取消,131.82	,168.99	
趣白全自动洗面奶打泡机感应泡沫机绵密泡沫礼品新品懒人洗脸神器,260523-569481643652911,已收货,1	,2026-05-23 21:38:27,	,无售后或售后取消,168.99	,168.99	
趣白全自动洗面奶打泡机感应泡沫机绵密泡沫礼品新品懒人洗脸神器,260523-586416197951207,已收货,1	,2026-05-23 21:21:03,	,无售后或售后取消,168.99	,168.99	
趣白全自动洗面奶打泡机感应泡沫机绵密泡沫礼品新品懒人洗脸神器,260523-324230234402746,已发货，退款成功,1	,2026-05-23 21:12:45,	,退款成功,143.65	,168.99	
趣白全自动洗面奶打泡机感应泡沫机绵密泡沫礼品新品懒人洗脸神器,260523-454054397480565,已收货,1	,2026-05-23 20:46:33,	,无售后或售后取消,135.2	,168.99	
趣白全自动洗面奶打泡机感应泡沫机绵密泡沫礼品新品懒人洗脸神器,260523-546517891383339,已收货,2	,2026-05-23 20:37:23,	,无售后或售后取消,250.96	,334.61	
趣白全自动洗面奶打泡机感应泡沫机绵密泡沫礼品新品懒人洗脸神器,260523-634734548532657,已收货,1	,2026-05-23 20:24:06,	,无售后或售后取消,128.44	,168.99	
趣白全自动洗面奶打泡机感应泡沫机绵密泡沫礼品新品懒人洗脸神器,260523-440842339903939,已收货,1	,2026-05-23 20:16:55,	,无售后或售后取消,160.55	,168.99	
趣白全自动洗面奶打泡机感应泡沫机绵密泡沫礼品新品懒人洗脸神器,260523-639809625663647,已收货,1	,2026-05-23 20:02:53,	,无售后或售后取消,135.2	,168.99	
趣白全自动洗面奶打泡机感应泡沫机绵密泡沫礼品新品懒人洗脸神器,260523-553081904792159,已收货,1	,2026-05-23 19:57:30,	,无售后或售后取消,147.03	,168.99	
趣白全自动洗面奶打泡机感应泡沫机绵密泡沫礼品新品懒人洗脸神器,260523-509324870000798,已发货，退款成功,1	,2026-05-23 19:56:11,	,退款成功,140.27	,168.99	
趣白全自动洗面奶打泡机感应泡沫机绵密泡沫礼品新品懒人洗脸神器,260523-286083018262220,已取消,1	,	,	,无售后或售后取消,133.51	,168.99	
趣白全自动洗面奶打泡机感应泡沫机绵密泡沫礼品新品懒人洗脸神器,260523-264335593773815,已收货,1	,2026-05-23 19:14:54,	,无售后或售后取消,168.99	,168.99	
趣白全自动洗面奶打泡机感应泡沫机绵密泡沫礼品新品懒人洗脸神器,260523-632805190021323,已发货，退款成功,1	,2026-05-23 19:09:10,	,退款成功,152.1	,168.99	
趣白全自动洗面奶打泡机感应泡沫机绵密泡沫礼品新品懒人洗脸神器,260523-469961305681478,已收货,1	,2026-05-23 18:16:53,	,无售后或售后取消,131.82	,168.99	
趣白全自动洗面奶打泡机感应泡沫机绵密泡沫礼品新品懒人洗脸神器,260523-236747497020411,已发货，退款成功,1	,2026-05-23 18:15:13,	,退款成功,168.99	,168.99	
趣白全自动洗面奶打泡机感应泡沫机绵密泡沫礼品新品懒人洗脸神器,260523-094413800981708,未发货，退款成功,1	,2026-05-23 17:58:19,	,退款成功,133.99	,168.99	
趣白全自动洗面奶打泡机感应泡沫机绵密泡沫礼品新品懒人洗脸神器,260523-289071481210137,已收货,1	,2026-05-23 17:54:58,	,无售后或售后取消,143.65	,168.99	
趣白全自动洗面奶打泡机感应泡沫机绵密泡沫礼品新品懒人洗脸神器,260523-133001397870345,已收货,1	,2026-05-23 17:33:29,	,无售后或售后取消,135.2	,168.99	
趣白全自动洗面奶打泡机感应泡沫机绵密泡沫礼品新品懒人洗脸神器,260523-405064958332405,未发货，退款成功,1	,2026-05-23 17:08:22,	,退款成功,168.99	,168.99	
趣白全自动洗面奶打泡机感应泡沫机绵密泡沫礼品新品懒人洗脸神器,260523-156877515081093,已收货,1	,2026-05-23 16:46:23,	,无售后或售后取消,160.55	,168.99	
趣白全自动洗面奶打泡机感应泡沫机绵密泡沫礼品新品懒人洗脸神器,260523-252098691493084,已收货,1	,2026-05-23 16:44:36,	,无售后或售后取消,133.99	,168.99	
趣白全自动洗面奶打泡机感应泡沫机绵密泡沫礼品新品懒人洗脸神器,260523-138296748342542,已收货,2	,2026-05-23 16:29:27,	,无售后或售后取消,301.15	,334.61	
趣白全自动洗面奶打泡机感应泡沫机绵密泡沫礼品新品懒人洗脸神器,260523-055071219213050,已收货,1	,2026-05-23 16:29:05,	,无售后或售后取消,168.99	,168.99	
趣白全自动洗面奶打泡机感应泡沫机绵密泡沫礼品新品懒人洗脸神器,260523-518541853030172,已收货,1	,2026-05-23 16:15:19,	,无售后或售后取消,162.99	,168.99	
趣白全自动洗面奶打泡机感应泡沫机绵密泡沫礼品新品懒人洗脸神器,260523-651375471011614,已收货,1	,2026-05-23 16:11:38,	,无售后或售后取消,128.44	,168.99	
趣白全自动洗面奶打泡机感应泡沫机绵密泡沫礼品新品懒人洗脸神器,260523-297774682511980,已发货，待收货,1	,2026-05-23 15:30:34,	,无售后或售后取消,168.99	,168.99	
趣白全自动洗面奶打泡机感应泡沫机绵密泡沫礼品新品懒人洗脸神器,260523-192193565021934,已取消,1	,	,	,无售后或售后取消,168.99	,168.99	
趣白全自动洗面奶打泡机感应泡沫机绵密泡沫礼品新品懒人洗脸神器,260523-412100903242318,已收货,1	,2026-05-23 15:08:27,	,无售后或售后取消,160.55	,168.99	
趣白全自动洗面奶打泡机感应泡沫机绵密泡沫礼品新品懒人洗脸神器,260523-117367119461069,已收货,1	,2026-05-23 15:06:28,	,无售后或售后取消,161.11	,168.99	
趣白全自动洗面奶打泡机感应泡沫机绵密泡沫礼品新品懒人洗脸神器,260523-023288880651996,已收货，退款成功,1	,2026-05-23 14:42:20,(收)[QBPH004]*[1]#,退款成功,128.44	,168.99	
趣白全自动洗面奶打泡机感应泡沫机绵密泡沫礼品新品懒人洗脸神器,260523-226995792182532,已收货,1	,2026-05-23 14:31:43,	,无售后或售后取消,126.75	,168.99	
趣白全自动洗面奶打泡机感应泡沫机绵密泡沫礼品新品懒人洗脸神器,260523-464424814202671,已取消,1	,	,	,无售后或售后取消,128.44	,168.99	
趣白全自动洗面奶打泡机感应泡沫机绵密泡沫礼品新品懒人洗脸神器,260523-033229422881863,已收货,1	,2026-05-23 14:11:00,	,无售后或售后取消,135.2	,168.99	
趣白全自动洗面奶打泡机感应泡沫机绵密泡沫礼品新品懒人洗脸神器,260523-598128791841916,已收货,1	,2026-05-23 14:10:35,	,无售后或售后取消,133.51	,168.99	
趣白全自动洗面奶打泡机感应泡沫机绵密泡沫礼品新品懒人洗脸神器,260523-186992565850177,已收货,1	,2026-05-23 13:58:08,	,无售后或售后取消,128.44	,168.99	
趣白全自动洗面奶打泡机感应泡沫机绵密泡沫礼品新品懒人洗脸神器,260523-663287262730973,已取消,1	,	,	,无售后或售后取消,143.65	,168.99	
趣白全自动洗面奶打泡机感应泡沫机绵密泡沫礼品新品懒人洗脸神器,260523-169449889363490,已发货，退款成功,1	,2026-05-23 13:34:42,	,退款成功,135.2	,168.99	
趣白全自动洗面奶打泡机感应泡沫机绵密泡沫礼品新品懒人洗脸神器,260523-003502272081748,已收货,1	,2026-05-23 13:16:23,	,无售后或售后取消,160.55	,168.99	
趣白全自动洗面奶打泡机感应泡沫机绵密泡沫礼品新品懒人洗脸神器,260523-483865465161028,已收货,1	,2026-05-23 13:16:16,	,无售后或售后取消,160.55	,168.99	
趣白全自动洗面奶打泡机感应泡沫机绵密泡沫礼品新品懒人洗脸神器,260523-371762194790018,已收货,1	,2026-05-23 12:43:48,	,无售后或售后取消,160.55	,168.99	
趣白全自动洗面奶打泡机感应泡沫机绵密泡沫礼品新品懒人洗脸神器,260523-056623111791195,已收货，退款成功,1	,2026-05-23 12:35:19,	,退款成功,168.99	,168.99	
趣白全自动洗面奶打泡机感应泡沫机绵密泡沫礼品新品懒人洗脸神器,260523-097958019381591,已发货，退款成功,1	,2026-05-23 12:33:01,	,退款成功,168.99	,168.99	
趣白全自动洗面奶打泡机感应泡沫机绵密泡沫礼品新品懒人洗脸神器,260523-114944981321662,已收货,1	,2026-05-23 12:15:51,	,无售后或售后取消,133.51	,168.99	
趣白全自动洗面奶打泡机感应泡沫机绵密泡沫礼品新品懒人洗脸神器,260523-072645394872348,已收货,1	,2026-05-23 12:18:27,	,无售后或售后取消,160.55	,168.99	
趣白全自动洗面奶打泡机感应泡沫机绵密泡沫礼品新品懒人洗脸神器,260523-548929585530434,已收货,1	,2026-05-23 12:09:42,	,无售后或售后取消,160.55	,168.99	
趣白全自动洗面奶打泡机感应泡沫机绵密泡沫礼品新品懒人洗脸神器,260523-028080925112029,已收货，退款成功,1	,2026-05-23 11:56:54,发一个配件。,退款成功,168.99	,168.99	
趣白全自动洗面奶打泡机感应泡沫机绵密泡沫礼品新品懒人洗脸神器,260523-479052491192029,未发货，退款成功,1	,2026-05-23 11:54:24,发一个配件,退款成功,126.75	,168.99	
趣白全自动洗面奶打泡机感应泡沫机绵密泡沫礼品新品懒人洗脸神器,260523-310839918913670,已收货,1	,2026-05-23 11:40:09,	,无售后或售后取消,143.65	,168.99	
趣白全自动洗面奶打泡机感应泡沫机绵密泡沫礼品新品懒人洗脸神器,260523-400052795741680,已发货，退款成功,1	,2026-05-23 11:29:17,	,退款成功,133.51	,168.99	
趣白全自动洗面奶打泡机感应泡沫机绵密泡沫礼品新品懒人洗脸神器,260523-405725519370531,已发货，退款成功,1	,2026-05-23 11:28:16,	,退款成功,165.99	,168.99	
趣白全自动洗面奶打泡机感应泡沫机绵密泡沫礼品新品懒人洗脸神器,260523-438105556531838,已收货,1	,2026-05-23 11:20:42,	,无售后或售后取消,168.99	,168.99	
趣白全自动洗面奶打泡机感应泡沫机绵密泡沫礼品新品懒人洗脸神器,260523-096668270981697,已收货,1	,2026-05-23 11:11:37,	,无售后或售后取消,157.17	,168.99	
趣白全自动洗面奶打泡机感应泡沫机绵密泡沫礼品新品懒人洗脸神器,260523-336488076903908,已收货,1	,2026-05-23 11:10:44,	,无售后或售后取消,152.1	,168.99	
趣白全自动洗面奶打泡机感应泡沫机绵密泡沫礼品新品懒人洗脸神器,260523-504962752141033,已收货,1	,2026-05-23 10:51:14,	,无售后或售后取消,143.65	,168.99	
趣白全自动洗面奶打泡机感应泡沫机绵密泡沫礼品新品懒人洗脸神器,260523-125619422730700,未发货，退款成功,1	,2026-05-23 10:39:34,	,退款成功,153.99	,168.99	
趣白全自动洗面奶打泡机感应泡沫机绵密泡沫礼品新品懒人洗脸神器,260523-184308211253384,已收货,1	,2026-05-23 10:25:22,	,无售后或售后取消,152.1	,168.99	
趣白全自动洗面奶打泡机感应泡沫机绵密泡沫礼品新品懒人洗脸神器,260523-378494052783350,已收货，退款成功,1	,2026-05-23 10:23:49,(收)[QBPH004]*[1]#,退款成功,160.55	,168.99	
趣白全自动洗面奶打泡机感应泡沫机绵密泡沫礼品新品懒人洗脸神器,260523-268141934953386,已收货,1	,2026-05-23 10:20:48,	,无售后或售后取消,152.1	,168.99	
趣白全自动洗面奶打泡机感应泡沫机绵密泡沫礼品新品懒人洗脸神器,260523-345967203933619,已收货,1	,2026-05-23 10:13:55,	,无售后或售后取消,133.51	,168.99	
趣白全自动洗面奶打泡机感应泡沫机绵密泡沫礼品新品懒人洗脸神器,260523-411094228512844,已收货,1	,2026-05-23 09:57:00,	,无售后或售后取消,168.99	,168.99	
趣白全自动洗面奶打泡机感应泡沫机绵密泡沫礼品新品懒人洗脸神器,260523-081086462382283,已收货,1	,2026-05-23 09:41:54,	,无售后或售后取消,152.1	,168.99	
趣白全自动洗面奶打泡机感应泡沫机绵密泡沫礼品新品懒人洗脸神器,260523-650893115800109,已收货,1	,2026-05-23 09:23:00,	,无售后或售后取消,168.99	,168.99	
趣白全自动洗面奶打泡机感应泡沫机绵密泡沫礼品新品懒人洗脸神器,260523-593032660583071,已收货,1	,2026-05-23 09:16:01,	,无售后或售后取消,143.65	,168.99	
趣白全自动洗面奶打泡机感应泡沫机绵密泡沫礼品新品懒人洗脸神器,260523-464445806090548,已发货，退款成功,1	,2026-05-23 08:59:43,	,退款成功,168.99	,168.99	
趣白全自动洗面奶打泡机感应泡沫机绵密泡沫礼品新品懒人洗脸神器,260523-451275702653015,已收货,1	,2026-05-23 08:46:18,	,无售后或售后取消,143.65	,168.99	
趣白全自动洗面奶打泡机感应泡沫机绵密泡沫礼品新品懒人洗脸神器,260523-434571907381561,已发货，退款成功,1	,2026-05-23 08:36:02,	,退款成功,168.99	,168.99	
趣白全自动洗面奶打泡机感应泡沫机绵密泡沫礼品新品懒人洗脸神器,260523-438241871511931,已收货,1	,2026-05-23 08:24:13,	,无售后或售后取消,168.99	,168.99	
趣白全自动洗面奶打泡机感应泡沫机绵密泡沫礼品新品懒人洗脸神器,260523-214549173801732,已发货，退款成功,1	,2026-05-23 08:18:19,	,退款成功,133.51	,168.99	
趣白全自动洗面奶打泡机感应泡沫机绵密泡沫礼品新品懒人洗脸神器,260523-679403907502943,已收货,1	,2026-05-23 08:16:41,	,无售后或售后取消,148.72	,168.99	
趣白全自动洗面奶打泡机感应泡沫机绵密泡沫礼品新品懒人洗脸神器,260523-322625902143900,已收货,1	,2026-05-23 08:01:18,	,无售后或售后取消,168.99	,168.99	
趣白全自动洗面奶打泡机感应泡沫机绵密泡沫礼品新品懒人洗脸神器,260523-182871682570530,已收货,1	,2026-05-23 06:25:55,	,无售后或售后取消,168.99	,168.99	
趣白全自动洗面奶打泡机感应泡沫机绵密泡沫礼品新品懒人洗脸神器,260523-419535275613142,未发货，退款成功,1	,2026-05-23 03:36:22,	,退款成功,168.99	,168.99	
趣白全自动洗面奶打泡机感应泡沫机绵密泡沫礼品新品懒人洗脸神器,260523-354555052321481,已收货,1	,2026-05-23 02:53:20,	,无售后或售后取消,168.99	,168.99	
趣白全自动洗面奶打泡机感应泡沫机绵密泡沫礼品新品懒人洗脸神器,260523-640365433262791,已收货,1	,2026-05-23 02:51:56,	,无售后或售后取消,168.99	,168.99	
趣白全自动洗面奶打泡机感应泡沫机绵密泡沫礼品新品懒人洗脸神器,260523-674119094671979,已取消,1	,	,	,无售后或售后取消,118.99	,168.99	
趣白全自动洗面奶打泡机感应泡沫机绵密泡沫礼品新品懒人洗脸神器,260523-489580183934069,已收货,1	,2026-05-24 00:22:49,	,无售后或售后取消,126.75	,168.99	
趣白全自动洗面奶打泡机感应泡沫机绵密泡沫礼品新品懒人洗脸神器,260523-497905877293375,未发货，退款成功,1	,2026-05-23 01:06:31,	,退款成功,158.89	,168.99	
趣白全自动洗面奶打泡机感应泡沫机绵密泡沫礼品新品懒人洗脸神器,260523-570739934803620,已收货,1	,2026-05-23 00:32:05,	,无售后或售后取消,135.2	,168.99	
趣白全自动洗面奶打泡机感应泡沫机绵密泡沫礼品新品懒人洗脸神器,260523-040275863960801,未发货，退款成功,1	,2026-05-23 00:18:13,	,退款成功,160.55	,168.99	
趣白全自动洗面奶打泡机感应泡沫机绵密泡沫礼品新品懒人洗脸神器,260523-078978793830238,已收货,1	,2026-05-23 00:10:37,	,无售后或售后取消,152.1	,168.99	
趣白全自动洗面奶打泡机感应泡沫机绵密泡沫礼品新品懒人洗脸神器,260523-121928497534069,已取消,1	,	,	,无售后或售后取消,135.2	,168.99	
趣白全自动洗面奶打泡机感应泡沫机绵密泡沫礼品新品懒人洗脸神器,260523-373471331960289,已收货,1	,2026-05-23 00:02:36,	,无售后或售后取消,138.58	,168.99	
趣白全自动洗面奶打泡机感应泡沫机绵密泡沫礼品新品懒人洗脸神器,260522-361234502062858,已发货，退款成功,1	,2026-05-22 23:36:27,	,退款成功,148.99	,168.99	
趣白全自动洗面奶打泡机感应泡沫机绵密泡沫礼品新品懒人洗脸神器,260522-607639344691393,已取消,1	,	,	,无售后或售后取消,140.27	,168.99	
趣白全自动洗面奶打泡机感应泡沫机绵密泡沫礼品新品懒人洗脸神器,260522-408336504362197,已收货,1	,2026-05-22 23:04:02,	,无售后或售后取消,126.75	,168.99	
趣白全自动洗面奶打泡机感应泡沫机绵密泡沫礼品新品懒人洗脸神器,260522-620610199123985,已收货,1	,2026-05-22 22:24:06,	,无售后或售后取消,152.1	,168.99	
趣白全自动洗面奶打泡机感应泡沫机绵密泡沫礼品新品懒人洗脸神器,260522-471135742283771,已收货,1	,2026-05-22 22:07:44,	,无售后或售后取消,143.65	,168.99	
趣白全自动洗面奶打泡机感应泡沫机绵密泡沫礼品新品懒人洗脸神器,260522-136283472311997,未发货，退款成功,2	,2026-05-22 22:07:05,	,退款成功,308.96	,334.61	
趣白全自动洗面奶打泡机感应泡沫机绵密泡沫礼品新品懒人洗脸神器,260522-601998016851751,已取消,1	,	,	,无售后或售后取消,168.99	,168.99	
趣白全自动洗面奶打泡机感应泡沫机绵密泡沫礼品新品懒人洗脸神器,260522-326610460262552,已收货,1	,2026-05-22 21:30:43,	,无售后或售后取消,168.99	,168.99	
趣白全自动洗面奶打泡机感应泡沫机绵密泡沫礼品新品懒人洗脸神器,260522-261441461801732,未发货，退款成功,1	,2026-05-22 21:25:59,	,退款成功,168.99	,168.99	
趣白全自动洗面奶打泡机感应泡沫机绵密泡沫礼品新品懒人洗脸神器,260522-060859400623758,已取消,1	,	,	,无售后或售后取消,168.99	,168.99	
趣白全自动洗面奶打泡机感应泡沫机绵密泡沫礼品新品懒人洗脸神器,260522-471408382272541,已收货,1	,2026-05-22 21:18:13,	,无售后或售后取消,126.75	,168.99	
趣白全自动洗面奶打泡机感应泡沫机绵密泡沫礼品新品懒人洗脸神器,260522-605521190412456,已收货,1	,2026-05-22 20:59:23,	,无售后或售后取消,143.65	,168.99	
趣白全自动洗面奶打泡机感应泡沫机绵密泡沫礼品新品懒人洗脸神器,260522-281060370772648,已发货，退款成功,1	,2026-05-22 20:24:07,	,退款成功,168.99	,168.99	
趣白全自动洗面奶打泡机感应泡沫机绵密泡沫礼品新品懒人洗脸神器,260522-589949909340132,未发货，退款成功,1	,2026-05-22 20:05:39,	,退款成功,160.55	,168.99	
趣白全自动洗面奶打泡机感应泡沫机绵密泡沫礼品新品懒人洗脸神器,260522-410213445172935,已收货,1	,2026-05-22 19:43:27,	,无售后或售后取消,168.99	,168.99	
趣白全自动洗面奶打泡机感应泡沫机绵密泡沫礼品新品懒人洗脸神器,260522-560149306933467,已收货，退款成功,1	,2026-05-22 19:09:42,(收)[QBPH004]*[1]#,退款成功,133.99	,168.99	
趣白全自动洗面奶打泡机感应泡沫机绵密泡沫礼品新品懒人洗脸神器,260522-114127081811031,已收货,1	,2026-05-22 19:01:58,	,无售后或售后取消,133.99	,168.99	
趣白全自动洗面奶打泡机感应泡沫机绵密泡沫礼品新品懒人洗脸神器,260522-142082128261883,已发货，退款成功,1	,2026-05-22 18:19:55,	,退款成功,126.75	,168.99	
趣白全自动洗面奶打泡机感应泡沫机绵密泡沫礼品新品懒人洗脸神器,260522-218156317063021,已收货,1	,2026-05-22 18:19:02,	,无售后或售后取消,168.99	,168.99	
趣白全自动洗面奶打泡机感应泡沫机绵密泡沫礼品新品懒人洗脸神器,260522-147933151623437,已取消,1	,	,	,无售后或售后取消,168.99	,168.99	
趣白全自动洗面奶打泡机感应泡沫机绵密泡沫礼品新品懒人洗脸神器,260522-657226473013635,已发货，退款成功,1	,2026-05-22 18:15:33,	,退款成功,135.2	,168.99	
趣白全自动洗面奶打泡机感应泡沫机绵密泡沫礼品新品懒人洗脸神器,260522-122389860781711,已发货，退款成功,1	,2026-05-22 18:12:18,	,退款成功,163.99	,168.99	
趣白全自动洗面奶打泡机感应泡沫机绵密泡沫礼品新品懒人洗脸神器,260522-144976145980915,已收货,1	,2026-05-22 18:10:47,	,无售后或售后取消,168.99	,168.99	
趣白全自动洗面奶打泡机感应泡沫机绵密泡沫礼品新品懒人洗脸神器,260522-340074176152438,已收货,1	,2026-05-22 17:06:52,	,无售后或售后取消,168.99	,168.99	
趣白全自动洗面奶打泡机感应泡沫机绵密泡沫礼品新品懒人洗脸神器,260522-465074993440492,已取消,1	,	,	,无售后或售后取消,148.99	,168.99	
趣白全自动洗面奶打泡机感应泡沫机绵密泡沫礼品新品懒人洗脸神器,260522-102120824321628,已收货,1	,2026-05-22 16:29:18,	,无售后或售后取消,168.99	,168.99	
趣白全自动洗面奶打泡机感应泡沫机绵密泡沫礼品新品懒人洗脸神器,260522-401363453541296,已发货，退款成功,1	,2026-05-22 16:12:39,	,退款成功,148.72	,168.99	
趣白全自动洗面奶打泡机感应泡沫机绵密泡沫礼品新品懒人洗脸神器,260522-184350206380173,已收货，退款成功,1	,2026-05-22 16:09:01,	,退款成功,143.65	,168.99	
趣白全自动洗面奶打泡机感应泡沫机绵密泡沫礼品新品懒人洗脸神器,260522-077783417190670,已收货,1	,2026-05-22 15:39:15,	,无售后或售后取消,160.55	,168.99	
趣白全自动洗面奶打泡机感应泡沫机绵密泡沫礼品新品懒人洗脸神器,260522-673814987183755,已收货,1	,2026-05-22 15:36:43,	,无售后或售后取消,148.72	,168.99	
趣白全自动洗面奶打泡机感应泡沫机绵密泡沫礼品新品懒人洗脸神器,260522-009992978753703,已收货，退款成功,1	,2026-05-22 15:33:29,(收)[QBPH004]*[1]#,退款成功,168.99	,168.99	
趣白全自动洗面奶打泡机感应泡沫机绵密泡沫礼品新品懒人洗脸神器,260522-607513484930885,已收货,1	,2026-05-22 15:31:30,	,无售后或售后取消,168.99	,168.99	
趣白全自动洗面奶打泡机感应泡沫机绵密泡沫礼品新品懒人洗脸神器,260522-102299124010383,已收货,1	,2026-05-22 15:29:34,	,无售后或售后取消,138.99	,168.99	
趣白全自动洗面奶打泡机感应泡沫机绵密泡沫礼品新品懒人洗脸神器,260522-337148648972751,已收货,1	,2026-05-22 15:29:34,	,无售后或售后取消,152.1	,168.99	
趣白全自动洗面奶打泡机感应泡沫机绵密泡沫礼品新品懒人洗脸神器,260522-613878382990811,已收货,1	,2026-05-22 15:16:59,	,无售后或售后取消,118.99	,168.99	
趣白全自动洗面奶打泡机感应泡沫机绵密泡沫礼品新品懒人洗脸神器,260522-291808243343383,已收货,1	,2026-05-22 15:14:56,	,无售后或售后取消,133.51	,168.99	
趣白全自动洗面奶打泡机感应泡沫机绵密泡沫礼品新品懒人洗脸神器,260522-291808274743666,已收货,1	,2026-05-22 15:13:15,	,无售后或售后取消,135.2	,168.99	
趣白全自动洗面奶打泡机感应泡沫机绵密泡沫礼品新品懒人洗脸神器,260522-309288015373452,已收货,1	,2026-05-22 15:09:18,	,无售后或售后取消,131.82	,168.99	
趣白全自动洗面奶打泡机感应泡沫机绵密泡沫礼品新品懒人洗脸神器,260522-655087398450110,已收货,1	,2026-05-22 15:09:02,	,无售后或售后取消,168.99	,168.99	
趣白全自动洗面奶打泡机感应泡沫机绵密泡沫礼品新品懒人洗脸神器,260522-462390586941343,已收货,1	,2026-05-22 15:03:35,	,无售后或售后取消,148.99	,168.99	
趣白全自动洗面奶打泡机感应泡沫机绵密泡沫礼品新品懒人洗脸神器,260522-675807291692983,已收货,1	,2026-05-22 14:50:34,	,无售后或售后取消,138.58	,168.99	
趣白全自动洗面奶打泡机感应泡沫机绵密泡沫礼品新品懒人洗脸神器,260522-480530931272120,已收货,1	,2026-05-22 14:37:53,	,无售后或售后取消,126.75	,168.99	
趣白全自动洗面奶打泡机感应泡沫机绵密泡沫礼品新品懒人洗脸神器,260522-511967312294068,未发货，退款成功,1	,2026-05-22 14:36:46,	,退款成功,126.75	,168.99	
趣白全自动洗面奶打泡机感应泡沫机绵密泡沫礼品新品懒人洗脸神器,260522-542449416523307,已收货,1	,2026-05-22 14:28:33,	,无售后或售后取消,155.48	,168.99	
趣白全自动洗面奶打泡机感应泡沫机绵密泡沫礼品新品懒人洗脸神器,260522-255317829930744,已收货,1	,2026-05-22 14:25:45,	,无售后或售后取消,168.99	,168.99	
趣白全自动洗面奶打泡机感应泡沫机绵密泡沫礼品新品懒人洗脸神器,260522-340346857842709,已取消,1	,	,	,无售后或售后取消,118.99	,168.99	
趣白全自动洗面奶打泡机感应泡沫机绵密泡沫礼品新品懒人洗脸神器,260522-086192985722857,未发货，退款成功,1	,2026-05-22 14:13:29,	,退款成功,160.55	,168.99	
趣白全自动洗面奶打泡机感应泡沫机绵密泡沫礼品新品懒人洗脸神器,260522-260151785913490,已收货,1	,2026-05-22 14:06:38,	,无售后或售后取消,158.41	,168.99	
趣白全自动洗面奶打泡机感应泡沫机绵密泡沫礼品新品懒人洗脸神器,260522-270281030013895,已收货,1	,2026-05-22 14:02:01,	,无售后或售后取消,168.99	,168.99	
趣白全自动洗面奶打泡机感应泡沫机绵密泡沫礼品新品懒人洗脸神器,260522-029947400560491,已取消,1	,	,	,无售后或售后取消,135.2	,168.99	
趣白全自动洗面奶打泡机感应泡沫机绵密泡沫礼品新品懒人洗脸神器,260522-205604852012984,已发货，退款成功,1	,2026-05-22 13:57:16,	,退款成功,168.99	,168.99	
趣白全自动洗面奶打泡机感应泡沫机绵密泡沫礼品新品懒人洗脸神器,260522-378798149984080,已收货,1	,2026-05-22 13:36:55,	,无售后或售后取消,168.99	,168.99	
趣白全自动洗面奶打泡机感应泡沫机绵密泡沫礼品新品懒人洗脸神器,260522-103400128802628,已收货,1	,2026-05-22 13:33:44,	,无售后或售后取消,143.65	,168.99	
趣白全自动洗面奶打泡机感应泡沫机绵密泡沫礼品新品懒人洗脸神器,260522-575039106652706,已收货,1	,2026-05-22 13:32:29,	,无售后或售后取消,136.89	,168.99	
趣白全自动洗面奶打泡机感应泡沫机绵密泡沫礼品新品懒人洗脸神器,260522-369790830112560,已收货,1	,2026-05-22 13:01:39,	,无售后或售后取消,160.55	,168.99	
趣白全自动洗面奶打泡机感应泡沫机绵密泡沫礼品新品懒人洗脸神器,260522-683430429112565,已收货,1	,2026-05-22 12:51:06,	,无售后或售后取消,168.99	,168.99	
趣白全自动洗面奶打泡机感应泡沫机绵密泡沫礼品新品懒人洗脸神器,260522-281626601812671,未发货，退款成功,1	,2026-05-22 12:37:20,	,退款成功,126.75	,168.99	
趣白全自动洗面奶打泡机感应泡沫机绵密泡沫礼品新品懒人洗脸神器,260522-033197934161816,已收货,1	,2026-05-22 12:15:55,	,无售后或售后取消,160.55	,168.99	
趣白全自动洗面奶打泡机感应泡沫机绵密泡沫礼品新品懒人洗脸神器,260522-029664285023365,已收货,1	,2026-05-22 12:15:40,	,无售后或售后取消,126.75	,168.99	
趣白全自动洗面奶打泡机感应泡沫机绵密泡沫礼品新品懒人洗脸神器,260522-602857879842209,已收货,1	,2026-05-22 12:05:41,	,无售后或售后取消,126.75	,168.99	
趣白全自动洗面奶打泡机感应泡沫机绵密泡沫礼品新品懒人洗脸神器,260522-266254477752697,已收货,1	,2026-05-22 11:59:19,	,无售后或售后取消,168.99	,168.99	
趣白全自动洗面奶打泡机感应泡沫机绵密泡沫礼品新品懒人洗脸神器,260522-594930603611114,已发货，退款成功,1	,2026-05-22 11:28:26,	,退款成功,152.1	,168.99	
趣白全自动洗面奶打泡机感应泡沫机绵密泡沫礼品新品懒人洗脸神器,260522-017175713331676,未发货，退款成功,1	,2026-05-22 11:23:57,	,退款成功,118.3	,168.99	
趣白全自动洗面奶打泡机感应泡沫机绵密泡沫礼品新品懒人洗脸神器,260522-644287075930705,已发货，退款成功,1	,2026-05-22 11:08:13,	,退款成功,126.75	,168.99	
趣白全自动洗面奶打泡机感应泡沫机绵密泡沫礼品新品懒人洗脸神器,260522-281374943593580,已收货,1	,2026-05-22 10:57:15,	,无售后或售后取消,135.2	,168.99	
趣白全自动洗面奶打泡机感应泡沫机绵密泡沫礼品新品懒人洗脸神器,260522-444606738000362,未发货，退款成功,1	,2026-05-22 10:49:54,	,退款成功,118.3	,168.99	
趣白全自动洗面奶打泡机感应泡沫机绵密泡沫礼品新品懒人洗脸神器,260522-596094533922628,已取消,1	,	,	,无售后或售后取消,143.65	,168.99	
趣白全自动洗面奶打泡机感应泡沫机绵密泡沫礼品新品懒人洗脸神器,260522-501764657463829,已发货，待收货,1	,2026-05-22 09:57:59,	,售后处理中,126.75	,168.99	
趣白全自动洗面奶打泡机感应泡沫机绵密泡沫礼品新品懒人洗脸神器,260522-351273009561954,已收货,1	,2026-05-22 09:51:23,	,无售后或售后取消,148.99	,168.99	
趣白全自动洗面奶打泡机感应泡沫机绵密泡沫礼品新品懒人洗脸神器,260522-239295598963068,未发货，退款成功,1	,2026-05-22 09:46:21,	,退款成功,168.99	,168.99	
趣白全自动洗面奶打泡机感应泡沫机绵密泡沫礼品新品懒人洗脸神器,260522-166650263873066,已收货,1	,2026-05-22 09:38:10,	,无售后或售后取消,133.99	,168.99	
趣白全自动洗面奶打泡机感应泡沫机绵密泡沫礼品新品懒人洗脸神器,260522-673647235400799,已发货，退款成功,1	,2026-05-22 09:36:43,	,退款成功,160.55	,168.99	
趣白全自动洗面奶打泡机感应泡沫机绵密泡沫礼品新品懒人洗脸神器,260522-626230566550544,已发货，待收货,1	,2026-05-22 09:22:49,	,无售后或售后取消,168.99	,168.99	
趣白全自动洗面奶打泡机感应泡沫机绵密泡沫礼品新品懒人洗脸神器,260522-406826566052927,已收货,1	,2026-05-22 09:15:26,	,无售后或售后取消,126.75	,168.99	
趣白全自动洗面奶打泡机感应泡沫机绵密泡沫礼品新品懒人洗脸神器,260522-580292451971038,已收货,1	,2026-05-22 09:10:18,	,无售后或售后取消,160.55	,168.99	
趣白全自动洗面奶打泡机感应泡沫机绵密泡沫礼品新品懒人洗脸神器,260522-209295797850430,已收货,1	,2026-05-22 09:11:14,	,无售后或售后取消,135.2	,168.99	
趣白全自动洗面奶打泡机感应泡沫机绵密泡沫礼品新品懒人洗脸神器,260522-370577251840818,已收货,1	,2026-05-22 09:14:19,	,无售后或售后取消,135.2	,168.99	
趣白全自动洗面奶打泡机感应泡沫机绵密泡沫礼品新品懒人洗脸神器,260522-049838866814054,已取消,1	,	,	,无售后或售后取消,118.3	,168.99	
趣白全自动洗面奶打泡机感应泡沫机绵密泡沫礼品新品懒人洗脸神器,260522-037968954971791,已收货,1	,2026-05-22 08:56:20,	,无售后或售后取消,118.3	,168.99	
趣白全自动洗面奶打泡机感应泡沫机绵密泡沫礼品新品懒人洗脸神器,260522-043683694203727,已收货,1	,2026-05-22 08:43:57,	,无售后或售后取消,168.99	,168.99	
趣白全自动洗面奶打泡机感应泡沫机绵密泡沫礼品新品懒人洗脸神器,260522-344667001263293,已收货,1	,2026-05-22 08:38:00,	,无售后或售后取消,147.03	,168.99	
趣白全自动洗面奶打泡机感应泡沫机绵密泡沫礼品新品懒人洗脸神器,260522-480929390142455,已收货,1	,2026-05-22 08:33:49,	,无售后或售后取消,133.99	,168.99	
趣白全自动洗面奶打泡机感应泡沫机绵密泡沫礼品新品懒人洗脸神器,260522-284877177220227,已收货，退款成功,1	,2026-05-22 08:33:47,(收)[1877214163146]*[1]#,退款成功,165.99	,168.99	
趣白全自动洗面奶打泡机感应泡沫机绵密泡沫礼品新品懒人洗脸神器,260522-057231337900859,已收货,1	,2026-05-22 08:32:35,	,无售后或售后取消,160.55	,168.99	
趣白全自动洗面奶打泡机感应泡沫机绵密泡沫礼品新品懒人洗脸神器,260522-519275845182455,未发货，退款成功,1	,2026-05-22 08:17:51,	,退款成功,152.1	,168.99	
趣白全自动洗面奶打泡机感应泡沫机绵密泡沫礼品新品懒人洗脸神器,260522-348106268272756,已收货,1	,2026-05-22 08:08:01,	,无售后或售后取消,143.65	,168.99	
趣白全自动洗面奶打泡机感应泡沫机绵密泡沫礼品新品懒人洗脸神器,260522-401457856942124,已取消,1	,	,	,无售后或售后取消,168.99	,168.99	
趣白全自动洗面奶打泡机感应泡沫机绵密泡沫礼品新品懒人洗脸神器,260522-324597225002911,已收货,1	,2026-05-22 07:53:58,	,无售后或售后取消,168.99	,168.99	
趣白全自动洗面奶打泡机感应泡沫机绵密泡沫礼品新品懒人洗脸神器,260522-617317690993316,已收货,1	,2026-05-22 07:50:50,	,无售后或售后取消,126.75	,168.99	
趣白全自动洗面奶打泡机感应泡沫机绵密泡沫礼品新品懒人洗脸神器,260522-235636068770256,已收货,1	,2026-05-22 07:26:30,	,无售后或售后取消,136.89	,168.99	
趣白全自动洗面奶打泡机感应泡沫机绵密泡沫礼品新品懒人洗脸神器,260522-100348783020866,已收货,1	,2026-05-22 07:24:18,	,无售后或售后取消,168.99	,168.99	
趣白全自动洗面奶打泡机感应泡沫机绵密泡沫礼品新品懒人洗脸神器,260522-645524427080608,已收货,1	,2026-05-22 07:23:20,	,无售后或售后取消,152.1	,168.99	
趣白全自动洗面奶打泡机感应泡沫机绵密泡沫礼品新品懒人洗脸神器,260522-033564935770274,已收货，退款成功,1	,2026-05-22 07:09:46,(收)[QBPH004]*[1]#,退款成功,126.75	,168.99	
趣白全自动洗面奶打泡机感应泡沫机绵密泡沫礼品新品懒人洗脸神器,260522-402233771610274,已收货,1	,2026-05-22 07:09:26,	,无售后或售后取消,126.75	,168.99	
趣白全自动洗面奶打泡机感应泡沫机绵密泡沫礼品新品懒人洗脸神器,260522-277621041581294,已收货,1	,2026-05-22 06:25:44,	,无售后或售后取消,131.82	,168.99	
趣白全自动洗面奶打泡机感应泡沫机绵密泡沫礼品新品懒人洗脸神器,260522-386714836493720,已收货,1	,2026-05-22 06:16:00,	,无售后或售后取消,168.99	,168.99	
趣白全自动洗面奶打泡机感应泡沫机绵密泡沫礼品新品懒人洗脸神器,260522-031845323152404,已收货,1	,2026-05-22 06:15:41,	,无售后或售后取消,168.99	,168.99	
趣白全自动洗面奶打泡机感应泡沫机绵密泡沫礼品新品懒人洗脸神器,260522-396697342340236,已收货,1	,2026-05-22 06:14:53,	,无售后或售后取消,126.75	,168.99	
趣白全自动洗面奶打泡机感应泡沫机绵密泡沫礼品新品懒人洗脸神器,260522-376365391370739,已收货,1	,2026-05-22 06:14:21,	,无售后或售后取消,126.75	,168.99	
趣白全自动洗面奶打泡机感应泡沫机绵密泡沫礼品新品懒人洗脸神器,260522-141809425972128,已收货,1	,2026-05-22 04:44:27,	,无售后或售后取消,136.89	,168.99	
趣白全自动洗面奶打泡机感应泡沫机绵密泡沫礼品新品懒人洗脸神器,260522-449419681341286,未发货，退款成功,1	,2026-05-22 03:36:16,	,退款成功,152.1	,168.99	
趣白全自动洗面奶打泡机感应泡沫机绵密泡沫礼品新品懒人洗脸神器,260522-647191600750513,已收货,1	,2026-05-22 02:55:03,	,无售后或售后取消,168.99	,168.99	
趣白全自动洗面奶打泡机感应泡沫机绵密泡沫礼品新品懒人洗脸神器,260522-479010537850329,已收货,1	,2026-05-22 02:41:23,	,无售后或售后取消,118.99	,168.99	
趣白全自动洗面奶打泡机感应泡沫机绵密泡沫礼品新品懒人洗脸神器,260522-206401738322227,已收货,1	,2026-05-22 02:01:46,	,无售后或售后取消,160.55	,168.99	
趣白全自动洗面奶打泡机感应泡沫机绵密泡沫礼品新品懒人洗脸神器,260522-059653568842727,未发货，退款成功,1	,2026-05-22 01:53:50,	,退款成功,163.72	,168.99	
趣白全自动洗面奶打泡机感应泡沫机绵密泡沫礼品新品懒人洗脸神器,260522-300312184390265,已发货，退款成功,1	,2026-05-22 01:45:27,	,退款成功,118.3	,168.99	
趣白全自动洗面奶打泡机感应泡沫机绵密泡沫礼品新品懒人洗脸神器,260522-268823447172885,已收货,1	,2026-05-22 01:37:56,	,无售后或售后取消,168.99	,168.99	
趣白全自动洗面奶打泡机感应泡沫机绵密泡沫礼品新品懒人洗脸神器,260522-500149840202461,已收货,1	,2026-05-22 01:24:51,	,无售后或售后取消,168.99	,168.99	
趣白全自动洗面奶打泡机感应泡沫机绵密泡沫礼品新品懒人洗脸神器,260522-552809295462395,已收货,1	,2026-05-22 01:19:20,	,无售后或售后取消,143.65	,168.99	
趣白全自动洗面奶打泡机感应泡沫机绵密泡沫礼品新品懒人洗脸神器,260522-506713915702009,已收货，退款成功,1	,2026-05-22 01:05:39,	,退款成功,133.51	,168.99	
趣白全自动洗面奶打泡机感应泡沫机绵密泡沫礼品新品懒人洗脸神器,260522-356557821442246,已取消,1	,	,	,无售后或售后取消,128.44	,168.99	
趣白全自动洗面奶打泡机感应泡沫机绵密泡沫礼品新品懒人洗脸神器,260522-505854062230475,已收货,1	,2026-05-22 00:56:11,	,无售后或售后取消,160.55	,168.99	
趣白全自动洗面奶打泡机感应泡沫机绵密泡沫礼品新品懒人洗脸神器,260522-641529321061852,已收货,1	,2026-05-22 00:45:06,	,无售后或售后取消,143.65	,168.99	
趣白全自动洗面奶打泡机感应泡沫机绵密泡沫礼品新品懒人洗脸神器,260522-236611244443317,已收货,1	,2026-05-22 00:43:31,	,无售后或售后取消,126.75	,168.99	
趣白全自动洗面奶打泡机感应泡沫机绵密泡沫礼品新品懒人洗脸神器,260522-135706723892963,已收货,1	,2026-05-22 00:18:22,	,无售后或售后取消,138.58	,168.99	
趣白全自动洗面奶打泡机感应泡沫机绵密泡沫礼品新品懒人洗脸神器,260522-465525881221638,已收货,1	,2026-05-22 00:07:37,	,无售后或售后取消,147.03	,168.99	
趣白全自动洗面奶打泡机感应泡沫机绵密泡沫礼品新品懒人洗脸神器,260522-317445947712846,未发货，退款成功,1	,2026-05-22 00:06:50,	,退款成功,160.65	,168.99	
趣白全自动洗面奶打泡机感应泡沫机绵密泡沫礼品新品懒人洗脸神器,260521-455627313563928,已收货,1	,2026-05-22 00:00:01,	,无售后或售后取消,167.99	,168.99	
趣白全自动洗面奶打泡机感应泡沫机绵密泡沫礼品新品懒人洗脸神器,260521-302514204282758,已发货，退款成功,1	,2026-05-21 23:57:14,	,退款成功,168.99	,168.99	
趣白全自动洗面奶打泡机感应泡沫机绵密泡沫礼品新品懒人洗脸神器,260521-209222429063904,未发货，退款成功,1	,2026-05-21 23:56:55,	,退款成功,168.99	,168.99	
趣白全自动洗面奶打泡机感应泡沫机绵密泡沫礼品新品懒人洗脸神器,260521-221752860293255,已收货,1	,2026-05-22 12:20:26,	,无售后或售后取消,118.99	,168.99	
趣白全自动洗面奶打泡机感应泡沫机绵密泡沫礼品新品懒人洗脸神器,260521-066658036093571,已收货,1	,2026-05-21 23:46:02,	,无售后或售后取消,118.3	,168.99	
趣白全自动洗面奶打泡机感应泡沫机绵密泡沫礼品新品懒人洗脸神器,260521-444145364480840,已取消,1	,	,	,无售后或售后取消,168.99	,168.99	
趣白全自动洗面奶打泡机感应泡沫机绵密泡沫礼品新品懒人洗脸神器,260521-266978005431883,已收货,1	,2026-05-21 23:22:48,	,无售后或售后取消,152.1	,168.99	
趣白全自动洗面奶打泡机感应泡沫机绵密泡沫礼品新品懒人洗脸神器,260521-003554680380788,已取消,1	,	,	,无售后或售后取消,126.75	,168.99	
趣白全自动洗面奶打泡机感应泡沫机绵密泡沫礼品新品懒人洗脸神器,260521-026686318903936,已发货，退款成功,1	,2026-05-21 23:04:33,	,退款成功,143.65	,168.99	
趣白全自动洗面奶打泡机感应泡沫机绵密泡沫礼品新品懒人洗脸神器,260521-497213785673040,已收货,1	,2026-05-21 23:00:22,	,无售后或售后取消,118.3	,168.99	
趣白全自动洗面奶打泡机感应泡沫机绵密泡沫礼品新品懒人洗脸神器,260521-583647915572393,已收货,1	,2026-05-21 22:59:39,	,无售后或售后取消,143.65	,168.99	
趣白全自动洗面奶打泡机感应泡沫机绵密泡沫礼品新品懒人洗脸神器,260521-002149660983834,已发货，退款成功,1	,2026-05-21 22:57:43,	,退款成功,118.3	,168.99	
趣白全自动洗面奶打泡机感应泡沫机绵密泡沫礼品新品懒人洗脸神器,260521-017196684821076,已收货,1	,2026-05-21 22:55:39,	,无售后或售后取消,126.75	,168.99	
趣白全自动洗面奶打泡机感应泡沫机绵密泡沫礼品新品懒人洗脸神器,260521-292521316642515,已发货，退款成功,1	,2026-05-21 22:33:29,	,退款成功,143.65	,168.99	
趣白全自动洗面奶打泡机感应泡沫机绵密泡沫礼品新品懒人洗脸神器,260521-103546918530369,已收货,1	,2026-05-21 22:32:40,	,无售后或售后取消,126.75	,168.99	
趣白全自动洗面奶打泡机感应泡沫机绵密泡沫礼品新品懒人洗脸神器,260521-314677685763956,未发货，退款成功,1	,2026-05-21 22:29:01,	,退款成功,168.99	,168.99	
趣白全自动洗面奶打泡机感应泡沫机绵密泡沫礼品新品懒人洗脸神器,260521-310336591510896,已收货,1	,2026-05-21 22:24:10,	,无售后或售后取消,135.2	,168.99	
趣白全自动洗面奶打泡机感应泡沫机绵密泡沫礼品新品懒人洗脸神器,260521-414701340310911,已收货，退款成功,1	,2026-05-21 22:15:50,(收)[1877214163146]*[1]#,退款成功,152.1	,168.99	
趣白全自动洗面奶打泡机感应泡沫机绵密泡沫礼品新品懒人洗脸神器,260521-117314690680698,已取消,1	,	,	,无售后或售后取消,128.44	,168.99	
趣白全自动洗面奶打泡机感应泡沫机绵密泡沫礼品新品懒人洗脸神器,260521-571348160901145,已收货,1	,2026-05-21 22:11:02,	,无售后或售后取消,168.99	,168.99	
趣白全自动洗面奶打泡机感应泡沫机绵密泡沫礼品新品懒人洗脸神器,260521-058091138714088,已收货,1	,2026-05-21 22:10:48,	,无售后或售后取消,135.2	,168.99	
趣白全自动洗面奶打泡机感应泡沫机绵密泡沫礼品新品懒人洗脸神器,260521-559100761652341,已收货,1	,2026-05-21 21:57:17,	,无售后或售后取消,152.1	,168.99	
趣白全自动洗面奶打泡机感应泡沫机绵密泡沫礼品新品懒人洗脸神器,260521-327554199151861,已取消,1	,	,	,无售后或售后取消,163.99	,168.99	
趣白全自动洗面奶打泡机感应泡沫机绵密泡沫礼品新品懒人洗脸神器,260521-372800274833942,已收货,1	,2026-05-21 21:33:36,	,无售后或售后取消,126.75	,168.99	
趣白全自动洗面奶打泡机感应泡沫机绵密泡沫礼品新品懒人洗脸神器,260521-323433347490587,已收货,1	,2026-05-21 21:20:22,	,无售后或售后取消,118.3	,168.99	
趣白全自动洗面奶打泡机感应泡沫机绵密泡沫礼品新品懒人洗脸神器,260521-086213968211469,已收货,1	,2026-05-21 21:19:11,	,无售后或售后取消,152.1	,168.99	
趣白全自动洗面奶打泡机感应泡沫机绵密泡沫礼品新品懒人洗脸神器,260521-203990034800084,已收货,1	,2026-05-21 21:10:09,	,无售后或售后取消,126.75	,168.99	
趣白全自动洗面奶打泡机感应泡沫机绵密泡沫礼品新品懒人洗脸神器,260521-332157469011380,已收货,1	,2026-05-21 21:00:13,	,无售后或售后取消,162.99	,168.99	
趣白全自动洗面奶打泡机感应泡沫机绵密泡沫礼品新品懒人洗脸神器,260521-329294866833904,已收货,1	,2026-05-21 20:59:39,感应不好  换货试机后发出,无售后或售后取消,140.27	,168.99	
趣白全自动洗面奶打泡机感应泡沫机绵密泡沫礼品新品懒人洗脸神器,260521-549632099961399,已收货,1	,2026-05-21 20:46:57,	,无售后或售后取消,152.1	,168.99	
趣白全自动洗面奶打泡机感应泡沫机绵密泡沫礼品新品懒人洗脸神器,260521-414061760903110,已发货，退款成功,1	,2026-05-21 20:39:09,	,退款成功,143.65	,168.99	
趣白全自动洗面奶打泡机感应泡沫机绵密泡沫礼品新品懒人洗脸神器,260521-401342513491409,已收货,1	,2026-05-21 20:37:45,	,无售后或售后取消,126.75	,168.99	
趣白全自动洗面奶打泡机感应泡沫机绵密泡沫礼品新品懒人洗脸神器,260521-609715556762007,已取消,1	,	,	,无售后或售后取消,168.99	,168.99	
趣白全自动洗面奶打泡机感应泡沫机绵密泡沫礼品新品懒人洗脸神器,260521-306687516292270,已收货,1	,2026-05-21 20:10:58,	,无售后或售后取消,163.99	,168.99	
趣白全自动洗面奶打泡机感应泡沫机绵密泡沫礼品新品懒人洗脸神器,260521-200666027572304,已收货,1	,2026-05-21 20:05:46,	,无售后或售后取消,152.1	,168.99	
趣白全自动洗面奶打泡机感应泡沫机绵密泡沫礼品新品懒人洗脸神器,260521-258841003571798,已收货,1	,2026-05-22 13:56:00,	,无售后或售后取消,118.3	,168.99	
趣白全自动洗面奶打泡机感应泡沫机绵密泡沫礼品新品懒人洗脸神器,260521-656209396022476,已收货,1	,2026-05-21 19:57:46,	,售后处理中,143.65	,168.99	
趣白全自动洗面奶打泡机感应泡沫机绵密泡沫礼品新品懒人洗脸神器,260521-603182918001157,已发货，退款成功,1	,2026-05-21 19:38:50,	,退款成功,118.3	,168.99	
趣白全自动洗面奶打泡机感应泡沫机绵密泡沫礼品新品懒人洗脸神器,260521-097863657803863,已收货，退款成功,1	,2026-05-21 19:26:47,	,退款成功,168.99	,168.99	
趣白全自动洗面奶打泡机感应泡沫机绵密泡沫礼品新品懒人洗脸神器,260521-353328176721723,已收货,1	,2026-05-21 18:09:41,	,无售后或售后取消,163.99	,168.99	
趣白全自动洗面奶打泡机感应泡沫机绵密泡沫礼品新品懒人洗脸神器,260521-644098343230757,已收货,1	,2026-05-21 17:21:36,	,无售后或售后取消,147.03	,168.99	
趣白全自动洗面奶打泡机感应泡沫机绵密泡沫礼品新品懒人洗脸神器,260521-629072259510964,已收货，退款成功,1	,2026-05-21 17:00:51,(收)[1877214163146]*[1]#,退款成功,168.99	,168.99	
趣白全自动洗面奶打泡机感应泡沫机绵密泡沫礼品新品懒人洗脸神器,260521-005389750621879,已收货,1	,2026-05-21 15:55:15,	,无售后或售后取消,162.99	,168.99	
趣白全自动洗面奶打泡机感应泡沫机绵密泡沫礼品新品懒人洗脸神器,260521-386064771382111,已发货，退款成功,1	,2026-05-21 15:15:04,	,退款成功,152.1	,168.99	
趣白全自动洗面奶打泡机感应泡沫机绵密泡沫礼品新品懒人洗脸神器,260521-419220713003555,已收货,1	,2026-05-21 15:13:59,	,无售后或售后取消,152.1	,168.99	
趣白全自动洗面奶打泡机感应泡沫机绵密泡沫礼品新品懒人洗脸神器,260521-519810640170708,已收货,1	,2026-05-21 15:07:59,	,无售后或售后取消,168.99	,168.99	
趣白全自动洗面奶打泡机感应泡沫机绵密泡沫礼品新品懒人洗脸神器,260521-178729849203290,已收货,1	,2026-05-21 15:07:24,	,无售后或售后取消,126.75	,168.99	
趣白全自动洗面奶打泡机感应泡沫机绵密泡沫礼品新品懒人洗脸神器,260521-163787651370177,已收货,1	,2026-05-21 15:06:07,	,无售后或售后取消,118.99	,168.99	
趣白全自动洗面奶打泡机感应泡沫机绵密泡沫礼品新品懒人洗脸神器,260521-215587285420331,已收货,1	,2026-05-21 14:44:44,	,无售后或售后取消,168.99	,168.99	
趣白全自动洗面奶打泡机感应泡沫机绵密泡沫礼品新品懒人洗脸神器,260521-315306841683336,已收货,1	,2026-05-21 14:39:35,	,无售后或售后取消,133.51	,168.99	
趣白全自动洗面奶打泡机感应泡沫机绵密泡沫礼品新品懒人洗脸神器,260521-090313931040216,已收货,1	,2026-05-21 14:36:06,	,无售后或售后取消,168.99	,168.99	
趣白全自动洗面奶打泡机感应泡沫机绵密泡沫礼品新品懒人洗脸神器,260521-171148644683704,已发货，退款成功,1	,2026-05-21 14:24:07,	,退款成功,168.99	,168.99	
趣白全自动洗面奶打泡机感应泡沫机绵密泡沫礼品新品懒人洗脸神器,260521-167583465833807,已收货,1	,2026-05-21 14:13:33,	,无售后或售后取消,135.2	,168.99	
趣白全自动洗面奶打泡机感应泡沫机绵密泡沫礼品新品懒人洗脸神器,260521-413852055962663,已发货，待收货,1	,2026-05-21 14:13:36,	,无售后或售后取消,168.99	,168.99	
趣白全自动洗面奶打泡机感应泡沫机绵密泡沫礼品新品懒人洗脸神器,260521-464424834642732,已收货,1	,2026-05-21 14:12:05,	,无售后或售后取消,168.99	,168.99	
趣白全自动洗面奶打泡机感应泡沫机绵密泡沫礼品新品懒人洗脸神器,260521-054316244631989,已收货,1	,2026-05-21 13:53:29,	,无售后或售后取消,160.55	,168.99	
趣白全自动洗面奶打泡机感应泡沫机绵密泡沫礼品新品懒人洗脸神器,260521-244307750530513,已收货,1	,2026-05-21 13:49:19,	,无售后或售后取消,133.99	,168.99	
趣白全自动洗面奶打泡机感应泡沫机绵密泡沫礼品新品懒人洗脸神器,260521-186373957921470,已发货，退款成功,1	,2026-05-21 13:45:20,	,退款成功,168.99	,168.99	
趣白全自动洗面奶打泡机感应泡沫机绵密泡沫礼品新品懒人洗脸神器,260521-259543591222590,已取消,1	,	,	,无售后或售后取消,168.99	,168.99	
趣白全自动洗面奶打泡机感应泡沫机绵密泡沫礼品新品懒人洗脸神器,260521-396644903212803,已收货,1	,2026-05-21 13:28:52,	,无售后或售后取消,158.99	,168.99	
趣白全自动洗面奶打泡机感应泡沫机绵密泡沫礼品新品懒人洗脸神器,260521-512848064090342,已发货，退款成功,1	,2026-05-21 13:22:36,	,退款成功,168.99	,168.99	
趣白全自动洗面奶打泡机感应泡沫机绵密泡沫礼品新品懒人洗脸神器,260521-410957955462948,已收货,1	,2026-05-21 13:21:13,	,无售后或售后取消,128.99	,168.99	
趣白全自动洗面奶打泡机感应泡沫机绵密泡沫礼品新品懒人洗脸神器,260521-341384958241481,已收货,1	,2026-05-21 13:12:38,	,无售后或售后取消,168.99	,168.99	
趣白全自动洗面奶打泡机感应泡沫机绵密泡沫礼品新品懒人洗脸神器,260521-046053486093991,已收货,1	,2026-05-21 13:06:47,	,无售后或售后取消,138.99	,168.99	
趣白全自动洗面奶打泡机感应泡沫机绵密泡沫礼品新品懒人洗脸神器,260521-182661988663251,已收货，退款成功,1	,2026-05-21 12:59:05,	,退款成功,147.03	,168.99	
趣白全自动洗面奶打泡机感应泡沫机绵密泡沫礼品新品懒人洗脸神器,260521-276174016901178,未发货，退款成功,1	,2026-05-21 12:58:30,	,退款成功,118.99	,168.99	
趣白全自动洗面奶打泡机感应泡沫机绵密泡沫礼品新品懒人洗脸神器,260521-472320633123051,已收货,1	,2026-05-21 12:50:35,	,无售后或售后取消,143.65	,168.99	
趣白全自动洗面奶打泡机感应泡沫机绵密泡沫礼品新品懒人洗脸神器,260521-412751040831439,已收货,1	,2026-05-21 12:42:21,	,无售后或售后取消,148.99	,168.99	
趣白全自动洗面奶打泡机感应泡沫机绵密泡沫礼品新品懒人洗脸神器,260521-538433297950204,已收货,1	,2026-05-21 12:34:20,	,无售后或售后取消,168.99	,168.99	
趣白全自动洗面奶打泡机感应泡沫机绵密泡沫礼品新品懒人洗脸神器,260521-481002832173962,已收货,1	,2026-05-21 12:21:01,	,无售后或售后取消,135.2	,168.99	
趣白全自动洗面奶打泡机感应泡沫机绵密泡沫礼品新品懒人洗脸神器,260521-683860355372040,已收货,1	,2026-05-21 12:10:36,	,无售后或售后取消,160.55	,168.99	
趣白全自动洗面奶打泡机感应泡沫机绵密泡沫礼品新品懒人洗脸神器,260521-497675221342287,已发货，退款成功,1	,2026-05-21 12:01:40,	,退款成功,135.2	,168.99	
趣白全自动洗面奶打泡机感应泡沫机绵密泡沫礼品新品懒人洗脸神器,260521-262238389853878,已取消,1	,	,	,无售后或售后取消,143.65	,168.99	
趣白全自动洗面奶打泡机感应泡沫机绵密泡沫礼品新品懒人洗脸神器,260521-645566338650623,已收货,1	,2026-05-21 11:53:57,	,无售后或售后取消,135.2	,168.99	
趣白全自动洗面奶打泡机感应泡沫机绵密泡沫礼品新品懒人洗脸神器,260521-603025641830827,未发货，退款成功,1	,2026-05-21 11:38:17,	,退款成功,152.1	,168.99	
趣白全自动洗面奶打泡机感应泡沫机绵密泡沫礼品新品懒人洗脸神器,260521-004456528254021,已收货,1	,2026-05-21 11:37:43,	,无售后或售后取消,152.1	,168.99	
趣白全自动洗面奶打泡机感应泡沫机绵密泡沫礼品新品懒人洗脸神器,260521-224940583222588,已收货,1	,2026-05-21 11:32:56,	,无售后或售后取消,168.99	,168.99	
趣白全自动洗面奶打泡机感应泡沫机绵密泡沫礼品新品懒人洗脸神器,260521-647233595781455,已收货，退款成功,1	,2026-05-21 11:26:05,(收)[QBPH004]*[1]#,退款成功,136.89	,168.99	
趣白全自动洗面奶打泡机感应泡沫机绵密泡沫礼品新品懒人洗脸神器,260521-453089759632406,已收货,1	,2026-05-21 11:24:40,	,无售后或售后取消,143.65	,168.99	
趣白全自动洗面奶打泡机感应泡沫机绵密泡沫礼品新品懒人洗脸神器,260521-660602939723158,已收货,1	,2026-05-21 11:13:53,	,无售后或售后取消,135.2	,168.99	
趣白全自动洗面奶打泡机感应泡沫机绵密泡沫礼品新品懒人洗脸神器,260521-423436009812111,已收货,1	,2026-05-21 10:43:17,	,无售后或售后取消,152.1	,168.99	
趣白全自动洗面奶打泡机感应泡沫机绵密泡沫礼品新品懒人洗脸神器,260521-286397612423537,已收货,1	,2026-05-21 10:20:00,	,无售后或售后取消,126.75	,168.99	
趣白全自动洗面奶打泡机感应泡沫机绵密泡沫礼品新品懒人洗脸神器,260521-096888502621778,已收货,1	,2026-05-21 10:13:56,	,无售后或售后取消,135.2	,168.99	
趣白全自动洗面奶打泡机感应泡沫机绵密泡沫礼品新品懒人洗脸神器,260521-128073080342320,已取消,1	,	,	,无售后或售后取消,119.99	,168.99	
趣白全自动洗面奶打泡机感应泡沫机绵密泡沫礼品新品懒人洗脸神器,260521-627845435830148,已收货,1	,2026-05-21 09:52:25,	,无售后或售后取消,155.48	,168.99	
趣白全自动洗面奶打泡机感应泡沫机绵密泡沫礼品新品懒人洗脸神器,260521-307295732080175,已发货，退款成功,1	,2026-05-21 09:28:52,	,退款成功,168.99	,168.99	
趣白全自动洗面奶打泡机感应泡沫机绵密泡沫礼品新品懒人洗脸神器,260521-566996518521267,未发货，退款成功,1	,2026-05-21 09:28:08,	,退款成功,168.99	,168.99	
趣白全自动洗面奶打泡机感应泡沫机绵密泡沫礼品新品懒人洗脸神器,260521-272315257151773,已发货，退款成功,1	,2026-05-21 09:11:53,	,退款成功,168.99	,168.99	
趣白全自动洗面奶打泡机感应泡沫机绵密泡沫礼品新品懒人洗脸神器,260521-247694661220782,已收货,1	,2026-05-21 09:13:39,	,无售后或售后取消,133.99	,168.99	
趣白全自动洗面奶打泡机感应泡沫机绵密泡沫礼品新品懒人洗脸神器,260521-395197816420782,未发货，退款成功,1	,2026-05-21 09:11:24,	,退款成功,168.99	,168.99	
趣白全自动洗面奶打泡机感应泡沫机绵密泡沫礼品新品懒人洗脸神器,260521-605972130093523,已收货,1	,2026-05-21 08:47:43,	,无售后或售后取消,133.51	,168.99	
趣白全自动洗面奶打泡机感应泡沫机绵密泡沫礼品新品懒人洗脸神器,260521-423498903041433,已发货，退款成功,1	,2026-05-21 08:59:02,	,退款成功,136.89	,168.99	
趣白全自动洗面奶打泡机感应泡沫机绵密泡沫礼品新品懒人洗脸神器,260521-396508546593288,已收货,1	,2026-05-21 08:33:25,	,无售后或售后取消,147.03	,168.99	
趣白全自动洗面奶打泡机感应泡沫机绵密泡沫礼品新品懒人洗脸神器,260521-631515420263980,已收货，退款成功,1	,2026-05-21 08:15:15,	,退款成功,118.3	,168.99	
趣白全自动洗面奶打泡机感应泡沫机绵密泡沫礼品新品懒人洗脸神器,260521-624458472962990,已收货,1	,2026-05-21 07:29:07,	,无售后或售后取消,118.3	,168.99	
趣白全自动洗面奶打泡机感应泡沫机绵密泡沫礼品新品懒人洗脸神器,260521-531890235703926,已收货,1	,2026-05-21 07:25:35,	,无售后或售后取消,168.99	,168.99	
趣白全自动洗面奶打泡机感应泡沫机绵密泡沫礼品新品懒人洗脸神器,260521-634619174473408,已收货,1	,2026-05-21 07:25:20,	,无售后或售后取消,168.99	,168.99	
趣白全自动洗面奶打泡机感应泡沫机绵密泡沫礼品新品懒人洗脸神器,260521-043453027991742,已收货,1	,2026-05-21 07:21:46,	,无售后或售后取消,126.75	,168.99	
趣白全自动洗面奶打泡机感应泡沫机绵密泡沫礼品新品懒人洗脸神器,260521-479167844740966,未发货，退款成功,1	,2026-05-21 07:20:27,	,退款成功,152.1	,168.99	
趣白全自动洗面奶打泡机感应泡沫机绵密泡沫礼品新品懒人洗脸神器,260521-096385175943776,已收货,1	,2026-05-21 06:58:10,	,无售后或售后取消,152.1	,168.99	
趣白全自动洗面奶打泡机感应泡沫机绵密泡沫礼品新品懒人洗脸神器,260521-276666805762763,已收货，退款成功,1	,2026-05-21 06:33:57,	,退款成功,147.03	,168.99	
趣白全自动洗面奶打泡机感应泡沫机绵密泡沫礼品新品懒人洗脸神器,260521-302335956481785,已收货,1	,2026-05-21 06:29:34,	,无售后或售后取消,126.75	,168.99	
趣白全自动洗面奶打泡机感应泡沫机绵密泡沫礼品新品懒人洗脸神器,260521-611445696823926,未发货，退款成功,1	,2026-05-21 06:23:44,	,退款成功,168.99	,168.99	
趣白全自动洗面奶打泡机感应泡沫机绵密泡沫礼品新品懒人洗脸神器,260521-342863418953920,已收货,1	,2026-05-21 06:17:48,	,无售后或售后取消,126.75	,168.99	
趣白全自动洗面奶打泡机感应泡沫机绵密泡沫礼品新品懒人洗脸神器,260521-564490442261077,未发货，退款成功,1	,2026-05-21 04:59:30,	,退款成功,168.99	,168.99	
趣白全自动洗面奶打泡机感应泡沫机绵密泡沫礼品新品懒人洗脸神器,260521-143571064431641,已收货,1	,2026-05-21 04:57:13,	,无售后或售后取消,118.3	,168.99	
趣白全自动洗面奶打泡机感应泡沫机绵密泡沫礼品新品懒人洗脸神器,260521-401541773703913,已取消,1	,	,	,无售后或售后取消,168.99	,168.99	
趣白全自动洗面奶打泡机感应泡沫机绵密泡沫礼品新品懒人洗脸神器,260521-456392773983770,已收货,1	,2026-05-21 02:47:31,	,无售后或售后取消,165.99	,168.99	
趣白全自动洗面奶打泡机感应泡沫机绵密泡沫礼品新品懒人洗脸神器,260521-167027689041385,已收货,1	,2026-05-21 02:20:44,	,无售后或售后取消,126.75	,168.99	
趣白全自动洗面奶打泡机感应泡沫机绵密泡沫礼品新品懒人洗脸神器,260521-082795599383779,已收货,1	,2026-05-21 01:41:46,	,无售后或售后取消,152.1	,168.99	
趣白全自动洗面奶打泡机感应泡沫机绵密泡沫礼品新品懒人洗脸神器,260521-438682325310297,已收货,1	,2026-05-21 01:33:57,	,无售后或售后取消,168.99	,168.99	
趣白全自动洗面奶打泡机感应泡沫机绵密泡沫礼品新品懒人洗脸神器,260521-519988866591230,未发货，退款成功,1	,2026-05-21 00:58:13,	,退款成功,135.2	,168.99	
趣白全自动洗面奶打泡机感应泡沫机绵密泡沫礼品新品懒人洗脸神器,260521-101061772881683,已发货，待收货,1	,2026-05-21 00:53:40,	,无售后或售后取消,143.65	,168.99	
趣白全自动洗面奶打泡机感应泡沫机绵密泡沫礼品新品懒人洗脸神器,260521-494309250602176,已发货，退款成功,1	,2026-05-21 00:33:35,	,退款成功,168.99	,168.99	
趣白全自动洗面奶打泡机感应泡沫机绵密泡沫礼品新品懒人洗脸神器,260521-379899134381702,已收货,1	,2026-05-21 00:33:16,	,无售后或售后取消,135.2	,168.99	
趣白全自动洗面奶打泡机感应泡沫机绵密泡沫礼品新品懒人洗脸神器,260521-677317209723772,已发货，退款成功,1	,2026-05-21 00:11:51,	,退款成功,126.75	,168.99	
趣白全自动洗面奶打泡机感应泡沫机绵密泡沫礼品新品懒人洗脸神器,260520-331638412933617,已收货,1	,2026-05-20 23:47:55,	,无售后或售后取消,148.99	,168.99	
趣白全自动洗面奶打泡机感应泡沫机绵密泡沫礼品新品懒人洗脸神器,260520-596335706400657,已收货,1	,2026-05-20 23:17:41,	,无售后或售后取消,143.65	,168.99	
趣白全自动洗面奶打泡机感应泡沫机绵密泡沫礼品新品懒人洗脸神器,260520-409337874070510,未发货，退款成功,1	,2026-05-20 22:38:35,	,退款成功,135.86	,168.99	
趣白全自动洗面奶打泡机感应泡沫机绵密泡沫礼品新品懒人洗脸神器,260520-099389294150476,已收货,1	,2026-05-20 22:23:06,	,无售后或售后取消,135.2	,168.99	
趣白全自动洗面奶打泡机感应泡沫机绵密泡沫礼品新品懒人洗脸神器,260520-492961820300861,未发货，退款成功,1	,2026-05-20 22:20:01,	,退款成功,168.99	,168.99	
趣白全自动洗面奶打泡机感应泡沫机绵密泡沫礼品新品懒人洗脸神器,260520-127438702182506,已取消,1	,	,	,无售后或售后取消,168.99	,168.99	
趣白全自动洗面奶打泡机感应泡沫机绵密泡沫礼品新品懒人洗脸神器,260520-640963131731471,已收货,1	,2026-05-20 21:55:38,	,无售后或售后取消,126.75	,168.99	
趣白全自动洗面奶打泡机感应泡沫机绵密泡沫礼品新品懒人洗脸神器,260520-161297241600647,已收货,1	,2026-05-20 21:50:17,	,无售后或售后取消,152.1	,168.99	
趣白全自动洗面奶打泡机感应泡沫机绵密泡沫礼品新品懒人洗脸神器,260520-082339510691069,已收货,1	,2026-05-20 21:41:48,	,无售后或售后取消,168.99	,168.99	
趣白全自动洗面奶打泡机感应泡沫机绵密泡沫礼品新品懒人洗脸神器,260520-390295723563375,已收货,1	,2026-05-20 21:40:58,	,无售后或售后取消,126.75	,168.99	
趣白全自动洗面奶打泡机感应泡沫机绵密泡沫礼品新品懒人洗脸神器,260520-216011979113083,已发货，退款成功,1	,2026-05-21 21:32:35,	,退款成功,133.51	,168.99	
趣白全自动洗面奶打泡机感应泡沫机绵密泡沫礼品新品懒人洗脸神器,260520-320817108610261,未发货，退款成功,1	,2026-05-20 21:30:11,	,退款成功,131.82	,168.99	
趣白全自动洗面奶打泡机感应泡沫机绵密泡沫礼品新品懒人洗脸神器,260520-297575442851781,已发货，退款成功,1	,2026-05-20 21:28:06,	,退款成功,135.2	,168.99	
趣白全自动洗面奶打泡机感应泡沫机绵密泡沫礼品新品懒人洗脸神器,260520-289160610193971,已收货,1	,2026-05-20 21:25:27,	,无售后或售后取消,168.99	,168.99	
趣白全自动洗面奶打泡机感应泡沫机绵密泡沫礼品新品懒人洗脸神器,260520-405867107950704,已收货,1	,2026-05-20 21:14:46,	,无售后或售后取消,143.65	,168.99	
趣白全自动洗面奶打泡机感应泡沫机绵密泡沫礼品新品懒人洗脸神器,260520-499567890793815,已收货,1	,2026-05-20 21:12:12,	,无售后或售后取消,160.55	,168.99	
趣白全自动洗面奶打泡机感应泡沫机绵密泡沫礼品新品懒人洗脸神器,260520-024007207231705,已收货,1	,2026-05-20 21:12:11,	,无售后或售后取消,168.99	,168.99	
趣白全自动洗面奶打泡机感应泡沫机绵密泡沫礼品新品懒人洗脸神器,260520-558917302681140,已收货,1	,2026-05-20 21:11:05,	,无售后或售后取消,168.99	,168.99	
趣白全自动洗面奶打泡机感应泡沫机绵密泡沫礼品新品懒人洗脸神器,260520-222313868811023,未发货，退款成功,1	,2026-05-20 21:09:47,	,退款成功,135.78	,168.99	
趣白全自动洗面奶打泡机感应泡沫机绵密泡沫礼品新品懒人洗脸神器,260520-568983590480719,已收货,1	,2026-05-20 21:03:37,	,无售后或售后取消,133.99	,168.99	
趣白全自动洗面奶打泡机感应泡沫机绵密泡沫礼品新品懒人洗脸神器,260520-403665129841149,已收货,1	,2026-05-20 20:45:00,	,无售后或售后取消,143.65	,168.99	
趣白全自动洗面奶打泡机感应泡沫机绵密泡沫礼品新品懒人洗脸神器,260520-464922908261745,已收货,1	,2026-05-20 20:40:35,	,无售后或售后取消,135.2	,168.99	
趣白全自动洗面奶打泡机感应泡沫机绵密泡沫礼品新品懒人洗脸神器,260520-330123262270724,已收货,1	,2026-05-20 20:27:43,	,无售后或售后取消,152.1	,168.99	
趣白全自动洗面奶打泡机感应泡沫机绵密泡沫礼品新品懒人洗脸神器,260520-192240709122005,已收货,1	,2026-05-20 20:25:35,	,无售后或售后取消,118.3	,168.99	
趣白全自动洗面奶打泡机感应泡沫机绵密泡沫礼品新品懒人洗脸神器,260520-242037614971830,已收货,1	,2026-05-20 20:20:43,	,无售后或售后取消,133.99	,168.99	
趣白全自动洗面奶打泡机感应泡沫机绵密泡沫礼品新品懒人洗脸神器,260520-211843869091139,已收货,1	,2026-05-20 20:02:40,	,无售后或售后取消,126.75	,168.99	
趣白全自动洗面奶打泡机感应泡沫机绵密泡沫礼品新品懒人洗脸神器,260520-644187440713198,已收货,1	,2026-05-20 20:01:10,	,无售后或售后取消,152.1	,168.99	
趣白全自动洗面奶打泡机感应泡沫机绵密泡沫礼品新品懒人洗脸神器,260520-274532963880613,已收货,1	,2026-05-20 19:55:40,	,无售后或售后取消,118.3	,168.99	
趣白全自动洗面奶打泡机感应泡沫机绵密泡沫礼品新品懒人洗脸神器,260520-137672814090035,已发货，退款成功,1	,2026-05-20 19:49:32,	,退款成功,152.1	,168.99	
趣白全自动洗面奶打泡机感应泡沫机绵密泡沫礼品新品懒人洗脸神器,260520-178499172722235,已收货,1	,2026-05-20 19:44:58,	,无售后或售后取消,126.75	,168.99	
趣白全自动洗面奶打泡机感应泡沫机绵密泡沫礼品新品懒人洗脸神器,260520-113471659523048,已收货,1	,2026-05-20 19:43:03,	,无售后或售后取消,168.99	,168.99	
趣白全自动洗面奶打泡机感应泡沫机绵密泡沫礼品新品懒人洗脸神器,260520-396031506820183,已发货，退款成功,1	,2026-05-20 19:34:51,	,退款成功,168.99	,168.99	
趣白全自动洗面奶打泡机感应泡沫机绵密泡沫礼品新品懒人洗脸神器,260520-110252541592436,已发货，退款成功,1	,2026-05-20 19:31:13,	,退款成功,143.65	,168.99	
趣白全自动洗面奶打泡机感应泡沫机绵密泡沫礼品新品懒人洗脸神器,260520-151335801170052,已收货,1	,2026-05-20 19:31:11,	,无售后或售后取消,143.65	,168.99	
趣白全自动洗面奶打泡机感应泡沫机绵密泡沫礼品新品懒人洗脸神器,260520-645257019781076,已发货，退款成功,1	,2026-05-20 18:58:54,	,退款成功,168.99	,168.99	
趣白全自动洗面奶打泡机感应泡沫机绵密泡沫礼品新品懒人洗脸神器,260520-267517980183112,已收货,1	,2026-05-20 18:55:44,	,无售后或售后取消,143.65	,168.99	
趣白全自动洗面奶打泡机感应泡沫机绵密泡沫礼品新品懒人洗脸神器,260520-425727148430530,已取消,1	,	,	,无售后或售后取消,168.99	,168.99	
趣白全自动洗面奶打泡机感应泡沫机绵密泡沫礼品新品懒人洗脸神器,260520-483713369680916,已收货,1	,2026-05-20 18:31:42,	,无售后或售后取消,168.99	,168.99	
趣白全自动洗面奶打泡机感应泡沫机绵密泡沫礼品新品懒人洗脸神器,260520-133132521843462,已发货，待收货,1	,2026-05-20 18:18:42,	,售后处理中,168.99	,168.99	
趣白全自动洗面奶打泡机感应泡沫机绵密泡沫礼品新品懒人洗脸神器,260520-655978740154092,已收货,1	,2026-05-20 18:07:30,	,无售后或售后取消,135.2	,168.99	
趣白全自动洗面奶打泡机感应泡沫机绵密泡沫礼品新品懒人洗脸神器,260520-240988997232107,已收货,1	,2026-05-20 17:59:55,	,无售后或售后取消,168.99	,168.99	
趣白全自动洗面奶打泡机感应泡沫机绵密泡沫礼品新品懒人洗脸神器,260520-373256436002234,已发货，退款成功,1	,2026-05-20 17:48:01,	,退款成功,168.99	,168.99	
趣白全自动洗面奶打泡机感应泡沫机绵密泡沫礼品新品懒人洗脸神器,260520-480955635292503,已收货,1	,2026-05-20 17:39:14,	,无售后或售后取消,143.65	,168.99	
趣白全自动洗面奶打泡机感应泡沫机绵密泡沫礼品新品懒人洗脸神器,260520-469494679042163,已收货，退款成功,1	,2026-05-20 17:32:38,(收)[QBPH004]*[1]#,退款成功,168.99	,168.99	
趣白全自动洗面奶打泡机感应泡沫机绵密泡沫礼品新品懒人洗脸神器,260520-048680200480646,已收货,1	,2026-05-20 17:28:48,	,无售后或售后取消,118.3	,168.99	
趣白全自动洗面奶打泡机感应泡沫机绵密泡沫礼品新品懒人洗脸神器,260520-558875328893203,已收货,1	,2026-05-20 17:11:50,	,无售后或售后取消,143.65	,168.99	
趣白全自动洗面奶打泡机感应泡沫机绵密泡沫礼品新品懒人洗脸神器,260520-249545397873687,已收货,1	,2026-05-20 17:11:25,	,无售后或售后取消,135.2	,168.99	
趣白全自动洗面奶打泡机感应泡沫机绵密泡沫礼品新品懒人洗脸神器,260520-213406225920872,已收货,1	,2026-05-20 16:55:52,先不要发货,无售后或售后取消,118.3	,168.99	
趣白全自动洗面奶打泡机感应泡沫机绵密泡沫礼品新品懒人洗脸神器,260520-339413603952931,未发货，退款成功,1	,2026-05-20 16:53:33,	,退款成功,168.99	,168.99	
趣白全自动洗面奶打泡机感应泡沫机绵密泡沫礼品新品懒人洗脸神器,260520-225842368902834,已收货,1	,2026-05-20 16:29:31,	,无售后或售后取消,143.65	,168.99	
趣白全自动洗面奶打泡机感应泡沫机绵密泡沫礼品新品懒人洗脸神器,260520-649970379122709,已取消,1	,	,	,无售后或售后取消,135.2	,168.99	
趣白全自动洗面奶打泡机感应泡沫机绵密泡沫礼品新品懒人洗脸神器,260520-647862751593083,已取消,1	,	,	,无售后或售后取消,135.2	,168.99	
趣白全自动洗面奶打泡机感应泡沫机绵密泡沫礼品新品懒人洗脸神器,260520-245261986221708,已收货,1	,2026-05-20 16:20:11,	,无售后或售后取消,168.99	,168.99	
趣白全自动洗面奶打泡机感应泡沫机绵密泡沫礼品新品懒人洗脸神器,260520-202674019973643,已收货,1	,2026-05-20 16:17:30,	,无售后或售后取消,143.65	,168.99	
趣白全自动洗面奶打泡机感应泡沫机绵密泡沫礼品新品懒人洗脸神器,260520-435494633911754,已收货,1	,2026-05-20 16:13:03,	,无售后或售后取消,126.75	,168.99	
趣白全自动洗面奶打泡机感应泡沫机绵密泡沫礼品新品懒人洗脸神器,260520-106891855421383,已发货，退款成功,1	,2026-05-20 16:04:11,	,退款成功,136.89	,168.99	
趣白全自动洗面奶打泡机感应泡沫机绵密泡沫礼品新品懒人洗脸神器,260520-217631956552887,已发货，退款成功,1	,2026-05-20 15:50:26,	,退款成功,168.99	,168.99	
趣白全自动洗面奶打泡机感应泡沫机绵密泡沫礼品新品懒人洗脸神器,260520-543718141552092,已收货,1	,2026-05-20 15:37:52,	,无售后或售后取消,160.55	,168.99	
趣白全自动洗面奶打泡机感应泡沫机绵密泡沫礼品新品懒人洗脸神器,260520-333321398641784,已发货，退款成功,1	,2026-05-20 15:30:13,	,退款成功,143.65	,168.99	
趣白全自动洗面奶打泡机感应泡沫机绵密泡沫礼品新品懒人洗脸神器,260520-421254960743266,已发货，退款成功,1	,2026-05-20 15:23:28,	,退款成功,135.2	,168.99	
趣白全自动洗面奶打泡机感应泡沫机绵密泡沫礼品新品懒人洗脸神器,260520-654332475751614,未发货，退款成功,1	,2026-05-20 15:17:30,	,退款成功,168.99	,168.99	
趣白全自动洗面奶打泡机感应泡沫机绵密泡沫礼品新品懒人洗脸神器,260520-560107436400345,已收货,1	,2026-05-20 15:16:53,	,无售后或售后取消,168.99	,168.99	
趣白全自动洗面奶打泡机感应泡沫机绵密泡沫礼品新品懒人洗脸神器,260520-419210258831630,已收货,1	,2026-05-20 15:11:02,	,无售后或售后取消,152.1	,168.99	
趣白全自动洗面奶打泡机感应泡沫机绵密泡沫礼品新品懒人洗脸神器,260520-109450380822116,已取消,1	,	,	,无售后或售后取消,160.55	,168.99	
趣白全自动洗面奶打泡机感应泡沫机绵密泡沫礼品新品懒人洗脸神器,260520-305544588822116,已取消,1	,	,	,无售后或售后取消,160.55	,168.99	
趣白全自动洗面奶打泡机感应泡沫机绵密泡沫礼品新品懒人洗脸神器,260520-361779741033947,已收货,1	,2026-05-20 14:53:43,	,无售后或售后取消,126.75	,168.99	
趣白全自动洗面奶打泡机感应泡沫机绵密泡沫礼品新品懒人洗脸神器,260520-486245742933213,未发货，退款成功,1	,2026-05-20 14:50:33,	,退款成功,147.03	,168.99	
趣白全自动洗面奶打泡机感应泡沫机绵密泡沫礼品新品懒人洗脸神器,260520-086192975370686,已收货,1	,2026-05-20 14:37:46,	,无售后或售后取消,168.99	,168.99	
趣白全自动洗面奶打泡机感应泡沫机绵密泡沫礼品新品懒人洗脸神器,260520-463523048961845,已收货,1	,2026-05-20 14:26:27,	,无售后或售后取消,148.72	,168.99	
趣白全自动洗面奶打泡机感应泡沫机绵密泡沫礼品新品懒人洗脸神器,260520-254531366470440,已收货,1	,2026-05-20 14:23:42,	,无售后或售后取消,118.3	,168.99	
趣白全自动洗面奶打泡机感应泡沫机绵密泡沫礼品新品懒人洗脸神器,260520-640816268953351,未发货，退款成功,1	,2026-05-20 14:20:31,	,退款成功,135.21	,168.99	
趣白全自动洗面奶打泡机感应泡沫机绵密泡沫礼品新品懒人洗脸神器,260520-109219694100505,已收货,1	,2026-05-20 14:11:49,	,无售后或售后取消,152.1	,168.99	
趣白全自动洗面奶打泡机感应泡沫机绵密泡沫礼品新品懒人洗脸神器,260520-007098877502311,已发货，退款成功,1	,2026-05-20 17:30:32,	,退款成功,168.99	,168.99	
趣白全自动洗面奶打泡机感应泡沫机绵密泡沫礼品新品懒人洗脸神器,260520-657100695963443,已收货,1	,2026-05-20 13:47:24,	,无售后或售后取消,126.75	,168.99	
趣白全自动洗面奶打泡机感应泡沫机绵密泡沫礼品新品懒人洗脸神器,260520-403806697872456,已收货,1	,2026-05-20 13:45:45,	,无售后或售后取消,168.99	,168.99	
趣白全自动洗面奶打泡机感应泡沫机绵密泡沫礼品新品懒人洗脸神器,260520-495399801202368,已收货,1	,2026-05-20 13:43:55,	,无售后或售后取消,133.99	,168.99	
趣白全自动洗面奶打泡机感应泡沫机绵密泡沫礼品新品懒人洗脸神器,260520-026361280953353,已发货，退款成功,1	,2026-05-20 13:43:15,	,退款成功,168.99	,168.99	
趣白全自动洗面奶打泡机感应泡沫机绵密泡沫礼品新品懒人洗脸神器,260520-335963758193931,已收货,1	,2026-05-20 13:36:13,	,无售后或售后取消,147.03	,168.99	
趣白全自动洗面奶打泡机感应泡沫机绵密泡沫礼品新品懒人洗脸神器,260520-433082867352740,已收货,1	,2026-05-20 13:29:14,	,无售后或售后取消,133.51	,168.99	
趣白全自动洗面奶打泡机感应泡沫机绵密泡沫礼品新品懒人洗脸神器,260520-110425618761291,已收货,1	,2026-05-20 13:23:09,	,无售后或售后取消,130.13	,168.99	
趣白全自动洗面奶打泡机感应泡沫机绵密泡沫礼品新品懒人洗脸神器,260520-652602304940327,已收货,1	,2026-05-20 13:21:09,	,无售后或售后取消,168.99	,168.99	
趣白全自动洗面奶打泡机感应泡沫机绵密泡沫礼品新品懒人洗脸神器,260520-673856960892517,已收货,1	,2026-05-20 13:16:51,	,无售后或售后取消,135.2	,168.99	
趣白全自动洗面奶打泡机感应泡沫机绵密泡沫礼品新品懒人洗脸神器,260520-249078760980474,已发货，退款成功,1	,2026-05-20 13:16:21,	,退款成功,143.65	,168.99	
趣白全自动洗面奶打泡机感应泡沫机绵密泡沫礼品新品懒人洗脸神器,260520-370640228663977,已收货,1	,2026-05-20 13:12:24,	,无售后或售后取消,168.99	,168.99	
趣白全自动洗面奶打泡机感应泡沫机绵密泡沫礼品新品懒人洗脸神器,260520-029664284990891,已发货，退款成功,1	,2026-05-20 13:06:24,	,退款成功,168.99	,168.99	
趣白全自动洗面奶打泡机感应泡沫机绵密泡沫礼品新品懒人洗脸神器,260520-200582110760482,已收货,1	,2026-05-20 12:37:30,	,无售后或售后取消,126.75	,168.99	
趣白全自动洗面奶打泡机感应泡沫机绵密泡沫礼品新品懒人洗脸神器,260520-429192670810940,已发货，退款成功,1	,2026-05-20 12:37:10,	,退款成功,160.55	,168.99	
趣白全自动洗面奶打泡机感应泡沫机绵密泡沫礼品新品懒人洗脸神器,260520-281710446211243,已取消,1	,	,	,无售后或售后取消,168.99	,168.99	
趣白全自动洗面奶打泡机感应泡沫机绵密泡沫礼品新品懒人洗脸神器,260520-500107897181197,已收货,1	,2026-05-20 12:28:33,	,无售后或售后取消,118.3	,168.99	
趣白全自动洗面奶打泡机感应泡沫机绵密泡沫礼品新品懒人洗脸神器,260520-475434903891815,已收货,1	,2026-05-20 12:30:01,	,无售后或售后取消,136.89	,168.99	
趣白全自动洗面奶打泡机感应泡沫机绵密泡沫礼品新品懒人洗脸神器,260520-303751575900579,已发货，退款成功,1	,2026-05-20 12:22:48,	,退款成功,160.55	,168.99	
趣白全自动洗面奶打泡机感应泡沫机绵密泡沫礼品新品懒人洗脸神器,260520-077982635663605,已收货,1	,2026-05-20 12:12:27,	,无售后或售后取消,160.55	,168.99	
趣白全自动洗面奶打泡机感应泡沫机绵密泡沫礼品新品懒人洗脸神器,260520-555996966421721,已收货,1	,2026-05-20 12:04:47,	,无售后或售后取消,135.2	,168.99	
趣白全自动洗面奶打泡机感应泡沫机绵密泡沫礼品新品懒人洗脸神器,260520-024662546031941,已收货,1	,2026-05-20 11:45:55,	,无售后或售后取消,133.99	,168.99	
趣白全自动洗面奶打泡机感应泡沫机绵密泡沫礼品新品懒人洗脸神器,260520-600823621922521,已收货,1	,2026-05-20 11:45:08,	,无售后或售后取消,118.3	,168.99	
趣白全自动洗面奶打泡机感应泡沫机绵密泡沫礼品新品懒人洗脸神器,260520-402957330873836,已取消,1	,	,	,无售后或售后取消,135.2	,168.99	
趣白全自动洗面奶打泡机感应泡沫机绵密泡沫礼品新品懒人洗脸神器,260520-563337008642714,已收货,1	,2026-05-20 11:34:51,	,无售后或售后取消,168.99	,168.99	
趣白全自动洗面奶打泡机感应泡沫机绵密泡沫礼品新品懒人洗脸神器,260520-090271915662779,已收货,1	,2026-05-20 10:38:48,	,无售后或售后取消,168.99	,168.99	
趣白全自动洗面奶打泡机感应泡沫机绵密泡沫礼品新品懒人洗脸神器,260520-124759600651104,已发货，退款成功,1	,2026-05-20 10:36:56,	,退款成功,143.65	,168.99	
趣白全自动洗面奶打泡机感应泡沫机绵密泡沫礼品新品懒人洗脸神器,260520-197478336030503,已收货,1	,2026-05-20 10:32:40,	,无售后或售后取消,168.99	,168.99	
趣白全自动洗面奶打泡机感应泡沫机绵密泡沫礼品新品懒人洗脸神器,260520-681910004020005,已收货,1	,2026-05-20 10:31:03,	,无售后或售后取消,168.99	,168.99	
趣白全自动洗面奶打泡机感应泡沫机绵密泡沫礼品新品懒人洗脸神器,260520-069331915193289,已收货,1	,2026-05-20 10:26:01,	,无售后或售后取消,168.99	,168.99	
趣白全自动洗面奶打泡机感应泡沫机绵密泡沫礼品新品懒人洗脸神器,260520-343964445001566,已发货，退款成功,1	,2026-05-20 10:10:13,	,退款成功,126.75	,168.99	
趣白全自动洗面奶打泡机感应泡沫机绵密泡沫礼品新品懒人洗脸神器,260520-149684304283482,已收货,1	,2026-05-20 10:03:13,	,无售后或售后取消,133.99	,168.99	
趣白全自动洗面奶打泡机感应泡沫机绵密泡沫礼品新品懒人洗脸神器,260520-088583708250766,已收货,1	,2026-05-20 09:36:14,	,无售后或售后取消,168.99	,168.99	
趣白全自动洗面奶打泡机感应泡沫机绵密泡沫礼品新品懒人洗脸神器,260520-513739363851636,已收货,1	,2026-05-20 09:35:38,	,无售后或售后取消,135.2	,168.99	
趣白全自动洗面奶打泡机感应泡沫机绵密泡沫礼品新品懒人洗脸神器,260520-472865850930941,已收货,1	,2026-05-20 09:24:46,	,无售后或售后取消,135.2	,168.99	
趣白全自动洗面奶打泡机感应泡沫机绵密泡沫礼品新品懒人洗脸神器,260520-073505237282438,已收货,1	,2026-05-20 09:08:39,	,无售后或售后取消,143.65	,168.99	
趣白全自动洗面奶打泡机感应泡沫机绵密泡沫礼品新品懒人洗脸神器,260520-508370696581724,已发货，退款成功,1	,2026-05-20 09:05:24,	,退款成功,148.72	,168.99	
趣白全自动洗面奶打泡机感应泡沫机绵密泡沫礼品新品懒人洗脸神器,260520-589918421423164,已收货,1	,2026-05-20 09:00:36,	,无售后或售后取消,118.3	,168.99	
趣白全自动洗面奶打泡机感应泡沫机绵密泡沫礼品新品懒人洗脸神器,260520-223399145063658,已收货,1	,2026-05-20 08:55:47,	,无售后或售后取消,168.99	,168.99	
趣白全自动洗面奶打泡机感应泡沫机绵密泡沫礼品新品懒人洗脸神器,260520-480761617921399,已收货,1	,2026-05-20 08:45:11,	,无售后或售后取消,126.75	,168.99	
趣白全自动洗面奶打泡机感应泡沫机绵密泡沫礼品新品懒人洗脸神器,260520-665468322201443,已收货,1	,2026-05-20 08:24:50,	,无售后或售后取消,148.72	,168.99	
趣白全自动洗面奶打泡机感应泡沫机绵密泡沫礼品新品懒人洗脸神器,260520-281909727543355,已收货,1	,2026-05-20 08:24:56,	,无售后或售后取消,143.65	,168.99	
趣白全自动洗面奶打泡机感应泡沫机绵密泡沫礼品新品懒人洗脸神器,260520-458898880831441,已收货,1	,2026-05-20 08:24:27,	,无售后或售后取消,135.2	,168.99	
趣白全自动洗面奶打泡机感应泡沫机绵密泡沫礼品新品懒人洗脸神器,260520-628055119411173,已收货,1	,2026-05-20 07:50:35,	,无售后或售后取消,160.55	,168.99	
趣白全自动洗面奶打泡机感应泡沫机绵密泡沫礼品新品懒人洗脸神器,260520-021275687283984,已收货,1	,2026-05-20 06:48:28,	,无售后或售后取消,126.75	,168.99	
趣白全自动洗面奶打泡机感应泡沫机绵密泡沫礼品新品懒人洗脸神器,260520-555839721871002,已收货,1	,2026-05-20 05:33:58,	,无售后或售后取消,153.99	,168.99	
趣白全自动洗面奶打泡机感应泡沫机绵密泡沫礼品新品懒人洗脸神器,260520-095693053580090,已收货,1	,2026-05-20 05:12:07,	,无售后或售后取消,118.99	,168.99	
趣白全自动洗面奶打泡机感应泡沫机绵密泡沫礼品新品懒人洗脸神器,260520-662731569442604,已取消,1	,	,	,无售后或售后取消,148.99	,168.99	
趣白全自动洗面奶打泡机感应泡沫机绵密泡沫礼品新品懒人洗脸神器,260520-477867548220809,已收货,1	,2026-05-20 04:08:51,	,无售后或售后取消,160.55	,168.99	
趣白全自动洗面奶打泡机感应泡沫机绵密泡沫礼品新品懒人洗脸神器,260520-387899737692847,已收货,1	,2026-05-20 02:51:24,	,无售后或售后取消,168.99	,168.99	
趣白全自动洗面奶打泡机感应泡沫机绵密泡沫礼品新品懒人洗脸神器,260520-375274914234003,已收货,1	,2026-05-20 01:51:52,	,无售后或售后取消,135.2	,168.99	
趣白全自动洗面奶打泡机感应泡沫机绵密泡沫礼品新品懒人洗脸神器,260520-111358799501405,已发货，退款成功,1	,2026-05-20 01:34:05,	,退款成功,133.51	,168.99	
趣白全自动洗面奶打泡机感应泡沫机绵密泡沫礼品新品懒人洗脸神器,260520-434613798460543,已收货,1	,2026-05-20 01:08:12,	,无售后或售后取消,126.75	,168.99	
趣白全自动洗面奶打泡机感应泡沫机绵密泡沫礼品新品懒人洗脸神器,260520-270826258852757,已收货,1	,2026-05-20 00:49:46,	,无售后或售后取消,126.75	,168.99	
趣白全自动洗面奶打泡机感应泡沫机绵密泡沫礼品新品懒人洗脸神器,260520-630183718492366,已收货,1	,2026-05-20 00:24:14,	,无售后或售后取消,145.34	,168.99	
趣白全自动洗面奶打泡机感应泡沫机绵密泡沫礼品新品懒人洗脸神器,260520-428595024221954,已取消,1	,	,	,无售后或售后取消,168.99	,168.99	
趣白全自动洗面奶打泡机感应泡沫机绵密泡沫礼品新品懒人洗脸神器,260520-090901091940353,已收货,1	,2026-05-20 00:21:23,	,无售后或售后取消,118.3	,168.99	
趣白全自动洗面奶打泡机感应泡沫机绵密泡沫礼品新品懒人洗脸神器,260519-411241091400522,已收货,2	,2026-05-19 23:40:23,	,无售后或售后取消,294.46	,334.61	
趣白全自动洗面奶打泡机感应泡沫机绵密泡沫礼品新品懒人洗脸神器,260519-172150024580755,已发货，退款成功,1	,2026-05-19 23:31:15,	,退款成功,152.1	,168.99	
趣白全自动洗面奶打泡机感应泡沫机绵密泡沫礼品新品懒人洗脸神器,260519-084688268893634,已发货，退款成功,1	,2026-05-19 23:27:39,	,退款成功,148.99	,168.99	
趣白全自动洗面奶打泡机感应泡沫机绵密泡沫礼品新品懒人洗脸神器,260519-630010755412023,已发货，待收货,1	,2026-05-19 23:19:37,	,无售后或售后取消,143.65	,168.99	
趣白全自动洗面奶打泡机感应泡沫机绵密泡沫礼品新品懒人洗脸神器,260519-186400182561956,已发货，退款成功,1	,2026-05-19 23:15:29,	,退款成功,147.03	,168.99	
趣白全自动洗面奶打泡机感应泡沫机绵密泡沫礼品新品懒人洗脸神器,260519-031556954552571,已收货,1	,2026-05-19 22:57:34,	,无售后或售后取消,168.97	,168.99	
趣白全自动洗面奶打泡机感应泡沫机绵密泡沫礼品新品懒人洗脸神器,260519-023493405041514,已收货,1	,2026-05-19 22:24:58,	,无售后或售后取消,118.3	,168.99	
趣白全自动洗面奶打泡机感应泡沫机绵密泡沫礼品新品懒人洗脸神器,260519-580538909030511,已收货,1	,2026-05-19 22:24:19,	,无售后或售后取消,168.99	,168.99	
趣白全自动洗面奶打泡机感应泡沫机绵密泡沫礼品新品懒人洗脸神器,260519-361900316223715,已取消,1	,	,	,无售后或售后取消,168.99	,168.99	
趣白全自动洗面奶打泡机感应泡沫机绵密泡沫礼品新品懒人洗脸神器,260519-581084178750925,已取消,1	,	,	,无售后或售后取消,135.2	,168.99	
趣白全自动洗面奶打泡机感应泡沫机绵密泡沫礼品新品懒人洗脸神器,260519-025632489892085,已收货,1	,2026-05-19 22:04:46,运途远包装好些，免快递暴力运输受损,无售后或售后取消,126.75	,168.99	
趣白全自动洗面奶打泡机感应泡沫机绵密泡沫礼品新品懒人洗脸神器,260519-282795732612495,已收货,1	,2026-05-19 21:31:04,	,无售后或售后取消,168.99	,168.99	
趣白全自动洗面奶打泡机感应泡沫机绵密泡沫礼品新品懒人洗脸神器,260519-242687721911756,已收货,1	,2026-05-19 21:22:22,	,无售后或售后取消,126.75	,168.99	
趣白全自动洗面奶打泡机感应泡沫机绵密泡沫礼品新品懒人洗脸神器,260519-445382736280726,已收货,1	,2026-05-19 20:45:33,	,无售后或售后取消,161.01	,168.99	
趣白全自动洗面奶打泡机感应泡沫机绵密泡沫礼品新品懒人洗脸神器,260519-448313485682539,已发货，待收货,1	,2026-05-19 20:10:24,	,无售后或售后取消,168.99	,168.99	
趣白全自动洗面奶打泡机感应泡沫机绵密泡沫礼品新品懒人洗脸神器,260519-406585382542291,已收货,1	,2026-05-19 19:39:01,	,无售后或售后取消,160.55	,168.99	
趣白全自动洗面奶打泡机感应泡沫机绵密泡沫礼品新品懒人洗脸神器,260519-469578596762291,已收货,1	,2026-05-19 19:15:13,	,无售后或售后取消,168.99	,168.99	
趣白全自动洗面奶打泡机感应泡沫机绵密泡沫礼品新品懒人洗脸神器,260519-002794514782660,已收货,1	,2026-05-19 19:10:26,	,无售后或售后取消,160.55	,168.99	
趣白全自动洗面奶打泡机感应泡沫机绵密泡沫礼品新品懒人洗脸神器,260519-112187174471904,已收货,1	,2026-05-19 19:01:06,	,无售后或售后取消,168.99	,168.99	
趣白全自动洗面奶打泡机感应泡沫机绵密泡沫礼品新品懒人洗脸神器,260519-579762983282245,已发货，退款成功,1	,2026-05-19 18:31:54,	,退款成功,168.99	,168.99	
趣白全自动洗面奶打泡机感应泡沫机绵密泡沫礼品新品懒人洗脸神器,260519-565439383161206,已取消,1	,	,	,无售后或售后取消,152.1	,168.99	
趣白全自动洗面奶打泡机感应泡沫机绵密泡沫礼品新品懒人洗脸神器,260519-359436162560416,已收货,1	,2026-05-19 18:19:10,	,无售后或售后取消,126.75	,168.99	
趣白全自动洗面奶打泡机感应泡沫机绵密泡沫礼品新品懒人洗脸神器,260519-666396342592720,已收货,1	,2026-05-19 18:16:11,	,无售后或售后取消,152.1	,168.99	
趣白全自动洗面奶打泡机感应泡沫机绵密泡沫礼品新品懒人洗脸神器,260519-043227615580103,已收货,1	,2026-05-19 17:54:34,	,无售后或售后取消,152.1	,168.99	
趣白全自动洗面奶打泡机感应泡沫机绵密泡沫礼品新品懒人洗脸神器,260519-469326938443230,已收货,1	,2026-05-19 17:33:30,	,无售后或售后取消,160.55	,168.99	
趣白全自动洗面奶打泡机感应泡沫机绵密泡沫礼品新品懒人洗脸神器,260519-287970444824083,已收货,1	,2026-05-19 17:30:50,	,无售后或售后取消,162.99	,168.99	
趣白全自动洗面奶打泡机感应泡沫机绵密泡沫礼品新品懒人洗脸神器,260519-353941593692321,已收货,1	,2026-05-19 16:59:26,	,无售后或售后取消,168.99	,168.99	
趣白全自动洗面奶打泡机感应泡沫机绵密泡沫礼品新品懒人洗脸神器,260519-244826805912462,已收货,1	,2026-05-19 16:58:35,	,无售后或售后取消,133.51	,168.99	
趣白全自动洗面奶打泡机感应泡沫机绵密泡沫礼品新品懒人洗脸神器,260519-597693580803175,已收货,1	,2026-05-19 16:59:03,	,无售后或售后取消,135.2	,168.99	
趣白全自动洗面奶打泡机感应泡沫机绵密泡沫礼品新品懒人洗脸神器,260519-161889676881241,已收货,1	,2026-05-19 16:31:57,	,无售后或售后取消,168.99	,168.99	
趣白全自动洗面奶打泡机感应泡沫机绵密泡沫礼品新品懒人洗脸神器,260519-276530512182577,已收货,1	,2026-05-19 16:31:58,	,无售后或售后取消,168.99	,168.99	
趣白全自动洗面奶打泡机感应泡沫机绵密泡沫礼品新品懒人洗脸神器,260519-474575050311686,已收货,1	,2026-05-19 16:17:32,	,无售后或售后取消,143.65	,168.99	
趣白全自动洗面奶打泡机感应泡沫机绵密泡沫礼品新品懒人洗脸神器,260519-490366636393083,已取消,1	,	,	,无售后或售后取消,141.96	,168.99	
趣白全自动洗面奶打泡机感应泡沫机绵密泡沫礼品新品懒人洗脸神器,260519-536126441092385,已收货,1	,2026-05-19 16:12:05,	,无售后或售后取消,168.99	,168.99	
趣白全自动洗面奶打泡机感应泡沫机绵密泡沫礼品新品懒人洗脸神器,260519-064277726743613,已收货,1	,2026-05-19 16:02:30,	,无售后或售后取消,126.75	,168.99	
趣白全自动洗面奶打泡机感应泡沫机绵密泡沫礼品新品懒人洗脸神器,260519-563148276090946,未发货，退款成功,1	,2026-05-19 16:01:49,	,退款成功,166.99	,168.99	
趣白全自动洗面奶打泡机感应泡沫机绵密泡沫礼品新品懒人洗脸神器,260519-360720668271278,已收货,1	,2026-05-19 15:51:56,	,无售后或售后取消,133.99	,168.99	
趣白全自动洗面奶打泡机感应泡沫机绵密泡沫礼品新品懒人洗脸神器,260519-622025849232657,已收货,1	,2026-05-19 15:26:26,	,无售后或售后取消,168.99	,168.99	
趣白全自动洗面奶打泡机感应泡沫机绵密泡沫礼品新品懒人洗脸神器,260519-257719027220925,已收货，退款成功,1	,2026-05-19 15:23:50,(收)[QBPH004]*[1]#,退款成功,168.99	,168.99	
趣白全自动洗面奶打泡机感应泡沫机绵密泡沫礼品新品懒人洗脸神器,260519-665080369513368,已收货,1	,2026-05-19 15:13:43,	,无售后或售后取消,168.99	,168.99	
趣白全自动洗面奶打泡机感应泡沫机绵密泡沫礼品新品懒人洗脸神器,260519-451265185310457,已收货,1	,2026-05-19 15:09:32,	,无售后或售后取消,152.1	,168.99	
趣白全自动洗面奶打泡机感应泡沫机绵密泡沫礼品新品懒人洗脸神器,260519-367483973241001,已收货,1	,2026-05-19 15:06:29,	,无售后或售后取消,118.99	,168.99	
趣白全自动洗面奶打泡机感应泡沫机绵密泡沫礼品新品懒人洗脸神器,260519-330993549680683,已取消,1	,	,	,无售后或售后取消,168.99	,168.99	
趣白全自动洗面奶打泡机感应泡沫机绵密泡沫礼品新品懒人洗脸神器,260519-225171259693616,已收货,1	,2026-05-19 14:54:03,	,无售后或售后取消,168.99	,168.99	
趣白全自动洗面奶打泡机感应泡沫机绵密泡沫礼品新品懒人洗脸神器,260519-243269691803041,已收货，退款成功,1	,2026-05-19 14:42:46,	,退款成功,152.1	,168.99	
趣白全自动洗面奶打泡机感应泡沫机绵密泡沫礼品新品懒人洗脸神器,260519-116863823432331,已发货，退款成功,1	,2026-05-19 14:23:17,	,退款成功,160.55	,168.99	
趣白全自动洗面奶打泡机感应泡沫机绵密泡沫礼品新品懒人洗脸神器,260519-267691047320476,已收货,1	,2026-05-19 14:18:05,	,无售后或售后取消,150.41	,168.99	
趣白全自动洗面奶打泡机感应泡沫机绵密泡沫礼品新品懒人洗脸神器,260519-592036565291643,已收货，退款成功,1	,2026-05-19 14:17:57,	,退款成功,148.72	,168.99	
趣白全自动洗面奶打泡机感应泡沫机绵密泡沫礼品新品懒人洗脸神器,260519-279802079590034,已收货,1	,2026-05-19 14:14:48,	,无售后或售后取消,126.75	,168.99	
趣白全自动洗面奶打泡机感应泡沫机绵密泡沫礼品新品懒人洗脸神器,260519-051820706131238,已收货,1	,2026-05-19 14:02:59,	,无售后或售后取消,143.65	,168.99	
趣白全自动洗面奶打泡机感应泡沫机绵密泡沫礼品新品懒人洗脸神器,260519-297816615211796,未发货，退款成功,1	,2026-05-19 14:00:27,	,退款成功,143.65	,168.99	
趣白全自动洗面奶打泡机感应泡沫机绵密泡沫礼品新品懒人洗脸神器,260519-174420212011502,已收货,1	,2026-05-19 13:59:37,	,无售后或售后取消,152.1	,168.99	
趣白全自动洗面奶打泡机感应泡沫机绵密泡沫礼品新品懒人洗脸神器,260519-590516067960465,已收货,1	,2026-05-19 13:54:45,	,无售后或售后取消,139.73	,179.14	
趣白全自动洗面奶打泡机感应泡沫机绵密泡沫礼品新品懒人洗脸神器,260519-221270535723695,已发货，退款成功,1	,2026-05-19 13:41:29,	,退款成功,168.99	,168.99	
趣白全自动洗面奶打泡机感应泡沫机绵密泡沫礼品新品懒人洗脸神器,260519-545175662192943,已收货，退款成功,1	,2026-05-19 13:23:04,(收)[QBPH004]*[1]#,退款成功,168.99	,168.99	
趣白全自动洗面奶打泡机感应泡沫机绵密泡沫礼品新品懒人洗脸神器,260519-543560865422200,已收货,1	,2026-05-19 13:21:33,	,无售后或售后取消,141.96	,168.99	
趣白全自动洗面奶打泡机感应泡沫机绵密泡沫礼品新品懒人洗脸神器,260519-330595121553194,已收货,1	,2026-05-19 12:58:55,	,无售后或售后取消,143.65	,168.99	
趣白全自动洗面奶打泡机感应泡沫机绵密泡沫礼品新品懒人洗脸神器,260519-335313703253124,已收货,1	,2026-05-19 12:56:21,	,无售后或售后取消,168.99	,168.99	
趣白全自动洗面奶打泡机感应泡沫机绵密泡沫礼品新品懒人洗脸神器,260519-511799529884032,已收货,1	,2026-05-19 12:56:04,	,无售后或售后取消,168.99	,168.99	
趣白全自动洗面奶打泡机感应泡沫机绵密泡沫礼品新品懒人洗脸神器,260519-683860334221716,已取消,1	,	,	,无售后或售后取消,168.99	,168.99	
趣白全自动洗面奶打泡机感应泡沫机绵密泡沫礼品新品懒人洗脸神器,260519-579610898072876,已取消,1	,	,	,无售后或售后取消,165.99	,168.99	
趣白全自动洗面奶打泡机感应泡沫机绵密泡沫礼品新品懒人洗脸神器,260519-399905995172681,未发货，退款成功,1	,2026-05-19 12:34:53,	,退款成功,152.1	,168.99	
趣白全自动洗面奶打泡机感应泡沫机绵密泡沫礼品新品懒人洗脸神器,260519-347665876570193,已发货，退款成功,1	,2026-05-19 12:34:21,	,退款成功,152.1	,168.99	
趣白全自动洗面奶打泡机感应泡沫机绵密泡沫礼品新品懒人洗脸神器,260519-662721053042286,已收货,1	,2026-05-19 12:32:10,	,无售后或售后取消,143.65	,168.99	
趣白全自动洗面奶打泡机感应泡沫机绵密泡沫礼品新品懒人洗脸神器,260519-541600049561554,已收货,1	,2026-05-19 12:22:51,	,无售后或售后取消,135.2	,168.99	
趣白全自动洗面奶打泡机感应泡沫机绵密泡沫礼品新品懒人洗脸神器,260519-399224348183285,已收货,1	,2026-05-19 12:21:39,	,无售后或售后取消,152.1	,168.99	
趣白全自动洗面奶打泡机感应泡沫机绵密泡沫礼品新品懒人洗脸神器,260519-381996306872325,已发货，退款成功,1	,2026-05-19 12:19:52,	,退款成功,133.51	,168.99	
趣白全自动洗面奶打泡机感应泡沫机绵密泡沫礼品新品懒人洗脸神器,260519-686733432372621,已发货，待收货,1	,2026-05-19 12:09:56,	,无售后或售后取消,136.89	,168.99	
趣白全自动洗面奶打泡机感应泡沫机绵密泡沫礼品新品懒人洗脸神器,260519-638729592401384,未发货，退款成功,1	,2026-05-19 12:06:38,	,退款成功,143.65	,168.99	
趣白全自动洗面奶打泡机感应泡沫机绵密泡沫礼品新品懒人洗脸神器,260519-143791265282246,已取消,1	,	,	,无售后或售后取消,133.51	,168.99	
趣白全自动洗面奶打泡机感应泡沫机绵密泡沫礼品新品懒人洗脸神器,260519-410140024440204,已收货,1	,2026-05-19 11:50:56,	,无售后或售后取消,168.99	,168.99	
趣白全自动洗面奶打泡机感应泡沫机绵密泡沫礼品新品懒人洗脸神器,260519-201012099493899,已收货,1	,2026-05-19 11:45:55,	,无售后或售后取消,131.82	,168.99	
趣白全自动洗面奶打泡机感应泡沫机绵密泡沫礼品新品懒人洗脸神器,260519-613186281100636,已收货,1	,2026-05-19 11:45:40,	,无售后或售后取消,168.99	,168.99	
趣白全自动洗面奶打泡机感应泡沫机绵密泡沫礼品新品懒人洗脸神器,260519-447637102183472,已发货，退款成功,1	,2026-05-19 11:39:48,	,退款成功,168.99	,168.99	
趣白全自动洗面奶打泡机感应泡沫机绵密泡沫礼品新品懒人洗脸神器,260519-356536850040051,已收货,1	,2026-05-19 11:30:47,	,无售后或售后取消,126.75	,168.99	
趣白全自动洗面奶打泡机感应泡沫机绵密泡沫礼品新品懒人洗脸神器,260519-509031278950420,已收货,1	,2026-05-19 11:16:20,	,无售后或售后取消,168.99	,168.99	
趣白全自动洗面奶打泡机感应泡沫机绵密泡沫礼品新品懒人洗脸神器,260519-491624885843807,已取消,1	,	,	,无售后或售后取消,168.99	,168.99	
趣白全自动洗面奶打泡机感应泡沫机绵密泡沫礼品新品懒人洗脸神器,260519-072435668502359,已收货,1	,2026-05-19 11:00:36,	,无售后或售后取消,156.76	,168.99	
趣白全自动洗面奶打泡机感应泡沫机绵密泡沫礼品新品懒人洗脸神器,260519-125954998623782,已发货，退款成功,1	,2026-05-19 10:55:07,	,退款成功,168.99	,168.99	
趣白全自动洗面奶打泡机感应泡沫机绵密泡沫礼品新品懒人洗脸神器,260519-605500229142359,未发货，退款成功,1	,2026-05-19 10:54:30,	,退款成功,156.94	,168.99	
趣白全自动洗面奶打泡机感应泡沫机绵密泡沫礼品新品懒人洗脸神器,260519-558387741081440,已收货,1	,2026-05-19 10:48:55,	,无售后或售后取消,147.03	,168.99	
趣白全自动洗面奶打泡机感应泡沫机绵密泡沫礼品新品懒人洗脸神器,260519-385917929000438,已发货，退款成功,1	,2026-05-19 10:39:43,	,退款成功,168.99	,168.99	
趣白全自动洗面奶打泡机感应泡沫机绵密泡沫礼品新品懒人洗脸神器,260519-394222640721427,已发货，退款成功,1	,2026-05-19 10:33:08,	,退款成功,133.51	,168.99	
趣白全自动洗面奶打泡机感应泡沫机绵密泡沫礼品新品懒人洗脸神器,260519-608268521852141,已收货,1	,2026-05-19 10:31:02,	,无售后或售后取消,135.2	,168.99	
趣白全自动洗面奶打泡机感应泡沫机绵密泡沫礼品新品懒人洗脸神器,260519-492725922222724,已收货,1	,2026-05-19 10:19:11,	,无售后或售后取消,168.99	,168.99	
趣白全自动洗面奶打泡机感应泡沫机绵密泡沫礼品新品懒人洗脸神器,260519-132477109901426,已收货,1	,2026-05-19 10:18:17,	,无售后或售后取消,143.65	,168.99	
趣白全自动洗面奶打泡机感应泡沫机绵密泡沫礼品新品懒人洗脸神器,260519-282800996721926,已收货,1	,2026-05-19 10:12:38,	,无售后或售后取消,143.65	,168.99	
趣白全自动洗面奶打泡机感应泡沫机绵密泡沫礼品新品懒人洗脸神器,260519-435767284051815,已取消,1	,	,	,无售后或售后取消,168.99	,168.99	
趣白全自动洗面奶打泡机感应泡沫机绵密泡沫礼品新品懒人洗脸神器,260519-560715558513979,已收货,1	,2026-05-19 10:11:39,	,无售后或售后取消,168.99	,168.99	
趣白全自动洗面奶打泡机感应泡沫机绵密泡沫礼品新品懒人洗脸神器,260519-137290063441779,已收货，退款成功,1	,2026-05-19 09:59:26,	,退款成功,148.72	,168.99	
趣白全自动洗面奶打泡机感应泡沫机绵密泡沫礼品新品懒人洗脸神器,260519-153228470582469,已收货,1	,2026-05-19 09:57:29,	,无售后或售后取消,143.65	,168.99	
趣白全自动洗面奶打泡机感应泡沫机绵密泡沫礼品新品懒人洗脸神器,260519-426267165040756,已收货,1	,2026-05-19 09:54:08,	,无售后或售后取消,130.13	,168.99	
趣白全自动洗面奶打泡机感应泡沫机绵密泡沫礼品新品懒人洗脸神器,260519-353705674353873,已收货,1	,2026-05-19 09:50:20,	,无售后或售后取消,160.55	,168.99	
趣白全自动洗面奶打泡机感应泡沫机绵密泡沫礼品新品懒人洗脸神器,260519-207890727333617,已收货，退款成功,1	,2026-05-19 09:44:09,(收)[QBPH004]*[1]#,退款成功,133.51	,168.99	
趣白全自动洗面奶打泡机感应泡沫机绵密泡沫礼品新品懒人洗脸神器,260519-009248510391522,已收货,1	,2026-05-19 09:40:12,	,无售后或售后取消,133.51	,168.99	
趣白全自动洗面奶打泡机感应泡沫机绵密泡沫礼品新品懒人洗脸神器,260519-252329336322763,未发货，退款成功,1	,2026-05-19 09:31:30,	,退款成功,162.99	,168.99	
趣白全自动洗面奶打泡机感应泡沫机绵密泡沫礼品新品懒人洗脸神器,260519-681364744513511,已发货，待收货,1	,2026-05-19 09:31:47,	,无售后或售后取消,168.99	,168.99	
趣白全自动洗面奶打泡机感应泡沫机绵密泡沫礼品新品懒人洗脸神器,260519-429528204851641,已收货,1	,2026-05-19 09:26:51,	,无售后或售后取消,168.99	,168.99	
趣白全自动洗面奶打泡机感应泡沫机绵密泡沫礼品新品懒人洗脸神器,260519-540331220621474,已收货,1	,2026-05-19 09:24:02,	,无售后或售后取消,160.55	,168.99	
趣白全自动洗面奶打泡机感应泡沫机绵密泡沫礼品新品懒人洗脸神器,260519-128429668790098,未发货，退款成功,1	,2026-05-19 09:24:03,	,退款成功,152.1	,168.99	
趣白全自动洗面奶打泡机感应泡沫机绵密泡沫礼品新品懒人洗脸神器,260519-598705519030111,已收货,1	,2026-05-19 09:08:02,	,无售后或售后取消,118.99	,168.99	
趣白全自动洗面奶打泡机感应泡沫机绵密泡沫礼品新品懒人洗脸神器,260519-406365171273817,已收货,1	,2026-05-19 08:58:42,	,无售后或售后取消,118.3	,168.99	
趣白全自动洗面奶打泡机感应泡沫机绵密泡沫礼品新品懒人洗脸神器,260519-123815872083041,已发货，退款成功,1	,2026-05-19 08:47:20,	,退款成功,168.99	,168.99	
趣白全自动洗面奶打泡机感应泡沫机绵密泡沫礼品新品懒人洗脸神器,260519-457692987753488,已收货,1	,2026-05-19 09:04:01,	,无售后或售后取消,143.65	,168.99	
趣白全自动洗面奶打泡机感应泡沫机绵密泡沫礼品新品懒人洗脸神器,260519-363415519531255,已取消,1	,	,	,无售后或售后取消,168.99	,168.99	
趣白全自动洗面奶打泡机感应泡沫机绵密泡沫礼品新品懒人洗脸神器,260519-436385923382689,已收货,1	,2026-05-19 08:35:53,	,无售后或售后取消,143.65	,168.99	
趣白全自动洗面奶打泡机感应泡沫机绵密泡沫礼品新品懒人洗脸神器,260519-208960285033488,已取消,1	,	,	,无售后或售后取消,158.99	,168.99	
趣白全自动洗面奶打泡机感应泡沫机绵密泡沫礼品新品懒人洗脸神器,260519-555367842153488,已收货,1	,2026-05-19 09:03:45,	,无售后或售后取消,135.2	,168.99	
趣白全自动洗面奶打泡机感应泡沫机绵密泡沫礼品新品懒人洗脸神器,260519-215482438033458,已收货,1	,2026-05-19 07:59:56,不发货,无售后或售后取消,126.75	,168.99	
趣白全自动洗面奶打泡机感应泡沫机绵密泡沫礼品新品懒人洗脸神器,260519-472750528002862,已收货,1	,2026-05-19 07:58:56,	,无售后或售后取消,168.99	,168.99	
趣白全自动洗面奶打泡机感应泡沫机绵密泡沫礼品新品懒人洗脸神器,260519-085700165993488,已取消,2	,	,	,无售后或售后取消,309.61	,334.61	
趣白全自动洗面奶打泡机感应泡沫机绵密泡沫礼品新品懒人洗脸神器,260519-018098481513488,已取消,2	,	,	,无售后或售后取消,317.88	,334.61	
趣白全自动洗面奶打泡机感应泡沫机绵密泡沫礼品新品懒人洗脸神器,260519-468273108573925,已收货,1	,2026-05-19 07:46:56,	,无售后或售后取消,160.55	,168.99	
趣白全自动洗面奶打泡机感应泡沫机绵密泡沫礼品新品懒人洗脸神器,260519-286533905921502,已收货,1	,2026-05-19 07:19:54,	,无售后或售后取消,126.75	,168.99	
趣白全自动洗面奶打泡机感应泡沫机绵密泡沫礼品新品懒人洗脸神器,260519-312328896920747,已收货,1	,2026-05-19 07:11:39,	,无售后或售后取消,133.51	,168.99	
趣白全自动洗面奶打泡机感应泡沫机绵密泡沫礼品新品懒人洗脸神器,260519-087419840873488,已取消,2	,	,	,无售后或售后取消,317.88	,334.61	
趣白全自动洗面奶打泡机感应泡沫机绵密泡沫礼品新品懒人洗脸神器,260519-601767330230198,已发货，退款成功,1	,2026-05-19 06:28:20,	,退款成功,168.99	,168.99	
趣白全自动洗面奶打泡机感应泡沫机绵密泡沫礼品新品懒人洗脸神器,260519-011073001092955,已收货,1	,2026-05-19 06:14:07,	,无售后或售后取消,133.51	,168.99	
趣白全自动洗面奶打泡机感应泡沫机绵密泡沫礼品新品懒人洗脸神器,260519-175080815013181,已收货,1	,2026-05-19 05:31:05,	,无售后或售后取消,126.75	,168.99	
趣白全自动洗面奶打泡机感应泡沫机绵密泡沫礼品新品懒人洗脸神器,260519-146444142213199,已收货,1	,2026-05-19 02:29:26,	,无售后或售后取消,143.65	,168.99	
趣白全自动洗面奶打泡机感应泡沫机绵密泡沫礼品新品懒人洗脸神器,260519-159173865012009,未发货，退款成功,1	,2026-05-19 01:53:54,	,退款成功,143.65	,168.99	
趣白全自动洗面奶打泡机感应泡沫机绵密泡沫礼品新品懒人洗脸神器,260519-391664145971412,已收货,1	,2026-05-19 01:28:55,	,无售后或售后取消,160.55	,168.99	
趣白全自动洗面奶打泡机感应泡沫机绵密泡沫礼品新品懒人洗脸神器,260519-157181602161509,已收货,1	,2026-05-19 01:04:19,	,无售后或售后取消,141.96	,168.99	
趣白全自动洗面奶打泡机感应泡沫机绵密泡沫礼品新品懒人洗脸神器,260519-500317622601749,已收货,1	,2026-05-19 00:44:06,	,无售后或售后取消,147.03	,168.99	
趣白全自动洗面奶打泡机感应泡沫机绵密泡沫礼品新品懒人洗脸神器,260519-365072269683867,已发货，退款成功,1	,2026-05-19 00:40:31,	,退款成功,168.99	,168.99	
趣白全自动洗面奶打泡机感应泡沫机绵密泡沫礼品新品懒人洗脸神器,260519-150323863111777,已收货,1	,2026-05-19 00:31:25,	,无售后或售后取消,143.65	,168.99	
趣白全自动洗面奶打泡机感应泡沫机绵密泡沫礼品新品懒人洗脸神器,260519-192203998853743,已收货,1	,2026-05-19 00:28:23,	,无售后或售后取消,133.51	,168.99	
趣白全自动洗面奶打泡机感应泡沫机绵密泡沫礼品新品懒人洗脸神器,260519-558345766533199,已取消,1	,	,	,无售后或售后取消,168.99	,168.99	
趣白全自动洗面奶打泡机感应泡沫机绵密泡沫礼品新品懒人洗脸神器,260519-119936203101642,已收货,1	,2026-05-19 00:09:43,	,无售后或售后取消,118.99	,168.99	
趣白全自动洗面奶打泡机感应泡沫机绵密泡沫礼品新品懒人洗脸神器,260519-361968473633592,已收货,1	,2026-05-19 00:05:53,	,无售后或售后取消,168.99	,168.99	
趣白全自动洗面奶打泡机感应泡沫机绵密泡沫礼品新品懒人洗脸神器,260518-007979691623823,已收货,1	,2026-05-18 23:51:39,	,无售后或售后取消,133.51	,168.99	
趣白全自动洗面奶打泡机感应泡沫机绵密泡沫礼品新品懒人洗脸神器,260518-073620570520142,已收货,1	,2026-05-18 23:22:53,	,无售后或售后取消,168.99	,168.99	
趣白全自动洗面奶打泡机感应泡沫机绵密泡沫礼品新品懒人洗脸神器,260518-086696313212210,已收货,1	,2026-05-18 22:53:11,	,无售后或售后取消,133.51	,168.99	
趣白全自动洗面奶打泡机感应泡沫机绵密泡沫礼品新品懒人洗脸神器,260518-357165985351827,未发货，退款成功,1	,2026-05-18 22:46:00,	,退款成功,143.65	,168.99	
趣白全自动皂液器感应皂液器凝胶机洗洁精沐浴露卫生间厨房,260518-669578740103293,已收货,1	,2026-05-18 22:20:53,	,无售后或售后取消,85.0	,85.0	
趣白全自动洗面奶打泡机感应泡沫机绵密泡沫礼品新品懒人洗脸神器,260518-190652168623071,已发货，退款成功,1	,2026-05-18 22:15:10,	,退款成功,168.99	,168.99	
趣白全自动洗面奶打泡机感应泡沫机绵密泡沫礼品新品懒人洗脸神器,260518-600938975621329,已收货,1	,2026-05-18 22:03:11,	,无售后或售后取消,126.75	,168.99	
【购买前须联系客服确认】补收差价专用商品,260518-223808141613083,已收货,1200	,2026-05-18 22:00:33,	,无售后或售后取消,12.0	,12.0	
趣白全自动洗面奶打泡机感应泡沫机绵密泡沫礼品新品懒人洗脸神器,260518-637660117302821,已收货,1	,2026-05-18 21:34:48,	,无售后或售后取消,143.65	,168.99	
趣白全自动洗面奶打泡机感应泡沫机绵密泡沫礼品新品懒人洗脸神器,260518-323821258262639,已收货,1	,2026-05-18 21:34:05,	,无售后或售后取消,138.99	,168.99	
趣白全自动洗面奶打泡机感应泡沫机绵密泡沫礼品新品懒人洗脸神器,260518-384565286441192,已收货,1	,2026-05-18 20:50:25,	,无售后或售后取消,126.75	,168.99	
趣白全自动洗面奶打泡机感应泡沫机绵密泡沫礼品新品懒人洗脸神器,260518-189970521603574,已收货,1	,2026-05-18 20:45:12,	,无售后或售后取消,118.3	,168.99	
趣白全自动洗面奶打泡机感应泡沫机绵密泡沫礼品新品懒人洗脸神器,260518-191973353800532,已收货,1	,2026-05-18 20:16:14,	,无售后或售后取消,126.75	,168.99	
趣白全自动洗面奶打泡机感应泡沫机绵密泡沫礼品新品懒人洗脸神器,260518-008252373360855,已发货，退款成功,1	,2026-05-18 20:16:09,	,退款成功,118.3	,168.99	
趣白全自动洗面奶打泡机感应泡沫机绵密泡沫礼品新品懒人洗脸神器,260518-682224566702170,未发货，退款成功,1	,2026-05-18 20:00:12,	,退款成功,168.99	,168.99	
趣白全自动洗面奶打泡机感应泡沫机绵密泡沫礼品新品懒人洗脸神器,260518-374058576230038,已收货,1	,2026-05-18 19:23:02,	,无售后或售后取消,135.2	,168.99	
趣白全自动洗面奶打泡机感应泡沫机绵密泡沫礼品新品懒人洗脸神器,260518-033271344752970,已收货,1	,2026-05-18 19:09:24,	,无售后或售后取消,168.99	,168.99	
趣白全自动洗面奶打泡机感应泡沫机绵密泡沫礼品新品懒人洗脸神器,260518-322059650603861,未发货，退款成功,1	,2026-05-18 18:53:29,	,退款成功,140.27	,168.99	
趣白全自动洗面奶打泡机感应泡沫机绵密泡沫礼品新品懒人洗脸神器,260518-138412070510412,未发货，退款成功,1	,2026-05-18 18:27:50,	,退款成功,160.55	,168.99	
趣白全自动洗面奶打泡机感应泡沫机绵密泡沫礼品新品懒人洗脸神器,260518-106975783321739,已收货,1	,2026-05-18 17:53:55,	,无售后或售后取消,143.65	,168.99	
趣白全自动洗面奶打泡机感应泡沫机绵密泡沫礼品新品懒人洗脸神器,260518-269704292752380,已收货,1	,2026-05-18 17:40:32,	,无售后或售后取消,143.65	,168.99	
趣白全自动洗面奶打泡机感应泡沫机绵密泡沫礼品新品懒人洗脸神器,260518-447196730883143,已收货,1	,2026-05-18 17:24:11,	,无售后或售后取消,118.3	,168.99	
趣白全自动洗面奶打泡机感应泡沫机绵密泡沫礼品新品懒人洗脸神器,260518-299358000653319,已收货,1	,2026-05-18 17:21:33,	,无售后或售后取消,160.55	,168.99	
趣白全自动洗面奶打泡机感应泡沫机绵密泡沫礼品新品懒人洗脸神器,260518-485679501682105,已收货,1	,2026-05-18 16:59:27,	,无售后或售后取消,168.99	,168.99	
趣白全自动洗面奶打泡机感应泡沫机绵密泡沫礼品新品懒人洗脸神器,260518-403838092880221,已发货，退款成功,1	,2026-05-18 16:48:21,	,退款成功,168.99	,168.99	
趣白全自动洗面奶打泡机感应泡沫机绵密泡沫礼品新品懒人洗脸神器,260518-504092464661047,已收货,1	,2026-05-18 16:34:52,	,无售后或售后取消,135.2	,168.99	
趣白全自动洗面奶打泡机感应泡沫机绵密泡沫礼品新品懒人洗脸神器,260518-361129582113421,已发货，退款成功,1	,2026-05-18 16:27:30,	,退款成功,118.99	,168.99	
趣白全自动洗面奶打泡机感应泡沫机绵密泡沫礼品新品懒人洗脸神器,260518-515920413112902,已收货,1	,2026-05-18 16:17:34,	,无售后或售后取消,168.99	,168.99	
趣白全自动洗面奶打泡机感应泡沫机绵密泡沫礼品新品懒人洗脸神器,260518-102854827621037,已收货，退款成功,1	,2026-05-18 15:39:08,(收)[QBPH004]*[1]#,退款成功,160.55	,168.99	
趣白全自动洗面奶打泡机感应泡沫机绵密泡沫礼品新品懒人洗脸神器,260518-513529628263825,未发货，退款成功,1	,2026-05-18 15:32:20,	,退款成功,168.99	,168.99	
趣白全自动洗面奶打泡机感应泡沫机绵密泡沫礼品新品懒人洗脸神器,260518-135769648793840,已收货,1	,2026-05-18 15:28:47,	,无售后或售后取消,126.75	,168.99	
趣白全自动洗面奶打泡机感应泡沫机绵密泡沫礼品新品懒人洗脸神器,260518-676478390683366,已发货，退款成功,1	,2026-05-18 15:12:18,	,退款成功,168.99	,168.99	
趣白全自动洗面奶打泡机感应泡沫机绵密泡沫礼品新品懒人洗脸神器,260518-322730749592876,已取消,1	,	,	,无售后或售后取消,168.99	,168.99	
趣白全自动洗面奶打泡机感应泡沫机绵密泡沫礼品新品懒人洗脸神器,260518-383464251032876,已取消,1	,	,	,无售后或售后取消,168.99	,168.99	
趣白全自动洗面奶打泡机感应泡沫机绵密泡沫礼品新品懒人洗脸神器,260518-609642114711170,已收货,1	,2026-05-18 15:00:28,	,售后处理中,136.89	,168.99	
趣白全自动洗面奶打泡机感应泡沫机绵密泡沫礼品新品懒人洗脸神器,260518-675209551472235,已收货,1	,2026-05-18 14:41:21,	,无售后或售后取消,126.75	,168.99	
趣白全自动洗面奶打泡机感应泡沫机绵密泡沫礼品新品懒人洗脸神器,260518-487105554870986,已发货，退款成功,1	,2026-05-18 14:29:03,	,退款成功,133.99	,168.99	
趣白全自动洗面奶打泡机感应泡沫机绵密泡沫礼品新品懒人洗脸神器,260518-446148186433052,已收货,1	,2026-05-18 14:11:35,	,无售后或售后取消,133.51	,168.99	
趣白全自动洗面奶打泡机感应泡沫机绵密泡沫礼品新品懒人洗脸神器,260518-578572807783916,未发货，退款成功,1	,2026-05-18 14:10:03,	,退款成功,163.39	,168.99	
趣白全自动洗面奶打泡机感应泡沫机绵密泡沫礼品新品懒人洗脸神器,260518-031562187193753,已收货,1	,2026-05-18 14:05:25,	,无售后或售后取消,135.2	,168.99	
趣白全自动洗面奶打泡机感应泡沫机绵密泡沫礼品新品懒人洗脸神器,260518-161742855713811,未发货，退款成功,1	,2026-05-18 14:04:46,	,退款成功,135.2	,168.99	
趣白全自动洗面奶打泡机感应泡沫机绵密泡沫礼品新品懒人洗脸神器,260518-599680674163867,已收货,1	,2026-05-18 13:56:57,	,无售后或售后取消,168.99	,168.99	
趣白全自动洗面奶打泡机感应泡沫机绵密泡沫礼品新品懒人洗脸神器,260518-229407517063497,已收货,1	,2026-05-18 13:36:26,	,无售后或售后取消,168.99	,168.99	
趣白全自动洗面奶打泡机感应泡沫机绵密泡沫礼品新品懒人洗脸神器,260518-448759120290184,已收货,1	,2026-05-18 13:31:30,	,无售后或售后取消,152.1	,168.99	
趣白全自动洗面奶打泡机感应泡沫机绵密泡沫礼品新品懒人洗脸神器,260518-313062920592056,已收货,1	,2026-05-18 13:28:05,	,无售后或售后取消,133.99	,168.99	
趣白全自动洗面奶打泡机感应泡沫机绵密泡沫礼品新品懒人洗脸神器,260518-442687865182465,已收货,1	,2026-05-18 13:26:53,	,无售后或售后取消,168.99	,168.99	
趣白全自动洗面奶打泡机感应泡沫机绵密泡沫礼品新品懒人洗脸神器,260518-416714637663695,已收货,1	,2026-05-18 13:24:18,	,无售后或售后取消,143.65	,168.99	
趣白全自动洗面奶打泡机感应泡沫机绵密泡沫礼品新品懒人洗脸神器,260518-636496125483693,已发货，退款成功,1	,2026-05-18 12:59:08,	,退款成功,131.82	,168.99	
趣白全自动洗面奶打泡机感应泡沫机绵密泡沫礼品新品懒人洗脸神器,260518-376019423573146,已收货,1	,2026-05-18 12:55:30,	,无售后或售后取消,168.99	,168.99	
趣白全自动洗面奶打泡机感应泡沫机绵密泡沫礼品新品懒人洗脸神器,260518-563672574373042,已发货，退款成功,1	,2026-05-18 12:28:51,	,退款成功,143.65	,168.99	
趣白全自动洗面奶打泡机感应泡沫机绵密泡沫礼品新品懒人洗脸神器,260518-316711975210126,已发货，退款成功,1	,2026-05-18 12:24:57,	,退款成功,168.99	,168.99	
趣白全自动洗面奶打泡机感应泡沫机绵密泡沫礼品新品懒人洗脸神器,260518-454725517713924,已收货,1	,2026-05-18 11:48:44,	,无售后或售后取消,165.99	,168.99	
趣白全自动洗面奶打泡机感应泡沫机绵密泡沫礼品新品懒人洗脸神器,260518-566954575470509,已收货,1	,2026-05-18 11:46:12,	,无售后或售后取消,133.51	,168.99	
趣白全自动洗面奶打泡机感应泡沫机绵密泡沫礼品新品懒人洗脸神器,260518-043411054131949,已发货，退款成功,2	,2026-05-18 11:39:32,	,退款成功,334.61	,334.61	
趣白全自动洗面奶打泡机感应泡沫机绵密泡沫礼品新品懒人洗脸神器,260518-577136258670509,未发货，退款成功,1	,2026-05-18 11:33:24,	,退款成功,140.27	,168.99	
趣白全自动洗面奶打泡机感应泡沫机绵密泡沫礼品新品懒人洗脸神器,260518-346134997391477,已取消,1	,	,	,无售后或售后取消,118.3	,168.99	
趣白全自动洗面奶打泡机感应泡沫机绵密泡沫礼品新品懒人洗脸神器,260518-199879575143317,已收货,1	,2026-05-18 11:04:58,	,无售后或售后取消,168.99	,168.99	
趣白全自动洗面奶打泡机感应泡沫机绵密泡沫礼品新品懒人洗脸神器,260518-121267852833160,未发货，退款成功,1	,2026-05-18 10:58:49,	,退款成功,152.1	,168.99	
趣白全自动洗面奶打泡机感应泡沫机绵密泡沫礼品新品懒人洗脸神器,260518-073673030013470,未发货，退款成功,1	,2026-05-19 08:29:12,	,退款成功,118.3	,168.99	
趣白全自动洗面奶打泡机感应泡沫机绵密泡沫礼品新品懒人洗脸神器,260518-486088425793366,已收货,1	,2026-05-18 10:02:32,	,无售后或售后取消,143.65	,168.99	
趣白全自动洗面奶打泡机感应泡沫机绵密泡沫礼品新品懒人洗脸神器,260518-324806919801726,已收货,1	,2026-05-18 09:58:33,	,无售后或售后取消,143.65	,168.99	
趣白全自动洗面奶打泡机感应泡沫机绵密泡沫礼品新品懒人洗脸神器,260518-128880525611854,已收货,1	,2026-05-18 09:56:31,	,无售后或售后取消,168.99	,168.99	
趣白全自动洗面奶打泡机感应泡沫机绵密泡沫礼品新品懒人洗脸神器,260518-683178791221203,已收货,1	,2026-05-18 09:55:33,	,无售后或售后取消,168.99	,168.99	
趣白全自动洗面奶打泡机感应泡沫机绵密泡沫礼品新品懒人洗脸神器,260518-654353395221634,已收货,1	,2026-05-18 09:54:20,	,无售后或售后取消,143.65	,168.99	
趣白全自动洗面奶打泡机感应泡沫机绵密泡沫礼品新品懒人洗脸神器,260518-586133061970359,已收货,1	,2026-05-18 09:29:55,	,无售后或售后取消,126.75	,168.99	
趣白全自动洗面奶打泡机感应泡沫机绵密泡沫礼品新品懒人洗脸神器,260518-030125648182261,已发货，退款成功,1	,2026-05-18 09:25:10,	,退款成功,152.1	,168.99	
趣白全自动洗面奶打泡机感应泡沫机绵密泡沫礼品新品懒人洗脸神器,260518-022114548001956,已取消,1	,	,	,无售后或售后取消,168.99	,168.99	
趣白全自动洗面奶打泡机感应泡沫机绵密泡沫礼品新品懒人洗脸神器,260518-499457748543891,已收货,1	,2026-05-18 09:18:27,	,无售后或售后取消,126.75	,168.99	
趣白全自动洗面奶打泡机感应泡沫机绵密泡沫礼品新品懒人洗脸神器,260518-092788550044085,已取消,1	,	,	,无售后或售后取消,168.99	,168.99	
趣白全自动洗面奶打泡机感应泡沫机绵密泡沫礼品新品懒人洗脸神器,260518-409091490150661,已收货，退款成功,1	,2026-05-18 08:35:07,	,退款成功,157.17	,168.99	
趣白全自动洗面奶打泡机感应泡沫机绵密泡沫礼品新品懒人洗脸神器,260518-306572172932632,已取消,1	,	,	,无售后或售后取消,168.99	,168.99	
趣白全自动洗面奶打泡机感应泡沫机绵密泡沫礼品新品懒人洗脸神器,260518-297669824952495,已收货,1	,2026-05-18 07:58:34,	,无售后或售后取消,152.1	,168.99	
趣白全自动洗面奶打泡机感应泡沫机绵密泡沫礼品新品懒人洗脸神器,260518-476787545650046,已收货,1	,2026-05-18 07:57:34,	,无售后或售后取消,126.75	,168.99	
趣白全自动洗面奶打泡机感应泡沫机绵密泡沫礼品新品懒人洗脸神器,260518-497465485673150,已取消,1	,	,	,无售后或售后取消,135.2	,168.99	
趣白全自动洗面奶打泡机感应泡沫机绵密泡沫礼品新品懒人洗脸神器,260518-443778384290427,已发货，退款成功,1	,2026-05-18 07:40:26,	,退款成功,145.34	,168.99	
趣白全自动洗面奶打泡机感应泡沫机绵密泡沫礼品新品懒人洗脸神器,260518-124675766710908,已收货，退款成功,1	,2026-05-18 07:35:13,(收)[QBPH004]*[1]#,退款成功,133.51	,168.99	
趣白全自动洗面奶打泡机感应泡沫机绵密泡沫礼品新品懒人洗脸神器,260518-146947510711961,已收货,1	,2026-05-18 07:22:13,	,无售后或售后取消,135.2	,168.99	
趣白全自动洗面奶打泡机感应泡沫机绵密泡沫礼品新品懒人洗脸神器,260518-678449671681746,已收货,1	,2026-05-18 05:26:01,	,无售后或售后取消,168.99	,168.99	
趣白全自动洗面奶打泡机感应泡沫机绵密泡沫礼品新品懒人洗脸神器,260518-090492116583691,已收货,1	,2026-05-18 01:42:23,	,无售后或售后取消,135.2	,168.99	
趣白全自动洗面奶打泡机感应泡沫机绵密泡沫礼品新品懒人洗脸神器,260518-074658649623884,已收货,1	,2026-05-18 01:15:15,	,无售后或售后取消,153.99	,168.99	
趣白全自动洗面奶打泡机感应泡沫机绵密泡沫礼品新品懒人洗脸神器,260518-488814681752876,已取消,1	,	,	,无售后或售后取消,143.65	,168.99	
趣白全自动洗面奶打泡机感应泡沫机绵密泡沫礼品新品懒人洗脸神器,260518-064424558941647,已收货,1	,2026-05-18 00:49:46,	,无售后或售后取消,118.99	,168.99	
趣白全自动洗面奶打泡机感应泡沫机绵密泡沫礼品新品懒人洗脸神器,260518-643343326822210,已收货,1	,2026-05-18 00:28:48,	,无售后或售后取消,140.27	,168.99	
趣白全自动洗面奶打泡机感应泡沫机绵密泡沫礼品新品懒人洗脸神器,260518-512460112192691,已收货，退款成功,1	,2026-05-18 00:28:13,	,退款成功,152.1	,168.99	
趣白全自动洗面奶打泡机感应泡沫机绵密泡沫礼品新品懒人洗脸神器,260518-613689618022210,未发货，退款成功,1	,2026-05-18 00:18:18,	,退款成功,140.27	,168.99	
趣白全自动洗面奶打泡机感应泡沫机绵密泡沫礼品新品懒人洗脸神器,260518-141641674301797,已收货,1	,2026-05-18 00:14:02,	,无售后或售后取消,143.65	,168.99	
趣白全自动洗面奶打泡机感应泡沫机绵密泡沫礼品新品懒人洗脸神器,260518-405306119793912,已收货,1	,2026-05-18 00:11:48,	,无售后或售后取消,143.65	,168.99	
趣白全自动洗面奶打泡机感应泡沫机绵密泡沫礼品新品懒人洗脸神器,260518-569135675712941,已收货,1	,2026-05-18 00:11:12,	,无售后或售后取消,152.1	,168.99	
趣白全自动洗面奶打泡机感应泡沫机绵密泡沫礼品新品懒人洗脸神器,260517-618282432872372,已发货，退款成功,1	,2026-05-17 23:27:59,	,退款成功,126.75	,168.99	
趣白全自动洗面奶打泡机感应泡沫机绵密泡沫礼品新品懒人洗脸神器,260517-432747333273611,已收货,1	,2026-05-17 23:11:24,	,无售后或售后取消,168.99	,168.99	
趣白全自动洗面奶打泡机感应泡沫机绵密泡沫礼品新品懒人洗脸神器,260517-639222443560595,已取消,1	,	,	,无售后或售后取消,168.99	,168.99	
趣白全自动洗面奶打泡机感应泡沫机绵密泡沫礼品新品懒人洗脸神器,260517-136493155874047,已取消,1	,	,	,无售后或售后取消,118.3	,168.99	
趣白全自动洗面奶打泡机感应泡沫机绵密泡沫礼品新品懒人洗脸神器,260517-196712865352323,已收货，退款成功,2	,2026-05-17 22:38:35,	,退款成功,334.61	,334.61	
趣白全自动洗面奶打泡机感应泡沫机绵密泡沫礼品新品懒人洗脸神器,260517-158985111182500,已发货，退款成功,1	,2026-05-17 22:29:16,	,退款成功,118.3	,168.99	
趣白全自动洗面奶打泡机感应泡沫机绵密泡沫礼品新品懒人洗脸神器,260517-322101625233535,已收货,1	,2026-05-17 22:24:25,	,无售后或售后取消,168.99	,168.99	
趣白全自动洗面奶打泡机感应泡沫机绵密泡沫礼品新品懒人洗脸神器,260517-036364685630614,未发货，退款成功,1	,2026-05-17 22:19:41,	,退款成功,168.99	,168.99	
趣白全自动洗面奶打泡机感应泡沫机绵密泡沫礼品新品懒人洗脸神器,260517-324733529660863,已收货,1	,2026-05-17 22:10:14,	,无售后或售后取消,126.75	,168.99	
趣白全自动洗面奶打泡机感应泡沫机绵密泡沫礼品新品懒人洗脸神器,260517-357826567781142,已收货,1	,2026-05-17 21:47:59,	,无售后或售后取消,135.2	,168.99	
趣白全自动洗面奶打泡机感应泡沫机绵密泡沫礼品新品懒人洗脸神器,260517-444942313892703,已收货,1	,2026-05-17 21:43:44,	,无售后或售后取消,126.75	,168.99	
趣白全自动洗面奶打泡机感应泡沫机绵密泡沫礼品新品懒人洗脸神器,260517-398207250010219,已取消,1	,	,	,无售后或售后取消,118.3	,168.99	
趣白全自动洗面奶打泡机感应泡沫机绵密泡沫礼品新品懒人洗脸神器,260517-548835213711979,已取消,1	,	,	,无售后或售后取消,118.99	,168.99	
趣白全自动洗面奶打泡机感应泡沫机绵密泡沫礼品新品懒人洗脸神器,260517-592749586810852,已收货,1	,2026-05-17 21:31:28,	,无售后或售后取消,126.75	,168.99	
趣白全自动洗面奶打泡机感应泡沫机绵密泡沫礼品新品懒人洗脸神器,260517-478213630263335,已收货,1	,2026-05-17 21:16:21,	,无售后或售后取消,143.65	,168.99	
趣白全自动洗面奶打泡机感应泡沫机绵密泡沫礼品新品懒人洗脸神器,260517-046074457753159,已收货,1	,2026-05-17 21:11:28,	,无售后或售后取消,160.55	,168.99	
趣白全自动洗面奶打泡机感应泡沫机绵密泡沫礼品新品懒人洗脸神器,260517-325247331890149,已收货,1	,2026-05-17 21:05:38,	,无售后或售后取消,168.99	,168.99	
趣白全自动洗面奶打泡机感应泡沫机绵密泡沫礼品新品懒人洗脸神器,260517-051610970523501,已收货,1	,2026-05-17 21:03:24,	,无售后或售后取消,145.34	,168.99	
趣白全自动洗面奶打泡机感应泡沫机绵密泡沫礼品新品懒人洗脸神器,260517-117409104240102,已收货,1	,2026-05-17 20:46:20,	,无售后或售后取消,160.55	,168.99	
趣白全自动洗面奶打泡机感应泡沫机绵密泡沫礼品新品懒人洗脸神器,260517-672619578891729,已收货,1	,2026-05-17 20:31:09,	,无售后或售后取消,130.13	,168.99	
趣白全自动洗面奶打泡机感应泡沫机绵密泡沫礼品新品懒人洗脸神器,260517-512386722162290,已发货，退款成功,1	,2026-05-17 20:17:59,	,退款成功,168.99	,168.99	
趣白全自动洗面奶打泡机感应泡沫机绵密泡沫礼品新品懒人洗脸神器,260517-259008838063126,已收货,1	,2026-05-17 20:05:43,	,无售后或售后取消,168.99	,168.99	
趣白全自动洗面奶打泡机感应泡沫机绵密泡沫礼品新品懒人洗脸神器,260517-312853184810794,已收货,1	,2026-05-17 19:50:30,	,无售后或售后取消,133.51	,168.99	
趣白全自动洗面奶打泡机感应泡沫机绵密泡沫礼品新品懒人洗脸神器,260517-476766563950676,已收货,1	,2026-05-17 19:49:34,	,无售后或售后取消,153.99	,168.99	
趣白全自动洗面奶打泡机感应泡沫机绵密泡沫礼品新品懒人洗脸神器,260517-143634000163947,未发货，退款成功,1	,2026-05-17 19:44:39,	,退款成功,168.99	,168.99	
趣白全自动洗面奶打泡机感应泡沫机绵密泡沫礼品新品懒人洗脸神器,260517-606087421450820,已收货,1	,2026-05-17 19:35:37,	,无售后或售后取消,168.99	,168.99	
趣白全自动洗面奶打泡机感应泡沫机绵密泡沫礼品新品懒人洗脸神器,260517-045822799382220,已收货,1	,2026-05-18 17:22:32,	,无售后或售后取消,126.75	,168.99	
趣白全自动洗面奶打泡机感应泡沫机绵密泡沫礼品新品懒人洗脸神器,260517-573036357931104,已收货,1	,2026-05-17 19:28:03,	,无售后或售后取消,168.99	,168.99	
趣白全自动洗面奶打泡机感应泡沫机绵密泡沫礼品新品懒人洗脸神器,260517-635395131034068,已收货,1	,2026-05-17 18:17:56,	,无售后或售后取消,135.2	,168.99	
趣白全自动洗面奶打泡机感应泡沫机绵密泡沫礼品新品懒人洗脸神器,260517-001174454653465,已收货,1	,2026-05-17 18:15:45,	,无售后或售后取消,143.65	,168.99	
趣白全自动洗面奶打泡机感应泡沫机绵密泡沫礼品新品懒人洗脸神器,260517-600320284303529,已收货,1	,2026-05-17 18:14:54,	,无售后或售后取消,168.99	,168.99	
趣白全自动洗面奶打泡机感应泡沫机绵密泡沫礼品新品懒人洗脸神器,260517-423089958493402,已收货,1	,2026-05-17 17:52:18,	,无售后或售后取消,168.99	,168.99	
趣白全自动洗面奶打泡机感应泡沫机绵密泡沫礼品新品懒人洗脸神器,260517-008902428210610,已收货,1	,2026-05-17 17:44:46,	,无售后或售后取消,128.44	,168.99	
趣白全自动洗面奶打泡机感应泡沫机绵密泡沫礼品新品懒人洗脸神器,260517-409909347870151,已收货，退款成功,1	,2026-05-17 17:41:53,	,退款成功,133.51	,168.99	
趣白全自动洗面奶打泡机感应泡沫机绵密泡沫礼品新品懒人洗脸神器,260517-634566818163087,已收货,1	,2026-05-17 17:37:02,	,无售后或售后取消,141.96	,168.99	
趣白全自动洗面奶打泡机感应泡沫机绵密泡沫礼品新品懒人洗脸神器,260517-528293640511519,已收货,1	,2026-05-17 17:27:14,	,无售后或售后取消,152.1	,168.99	
趣白全自动洗面奶打泡机感应泡沫机绵密泡沫礼品新品懒人洗脸神器,260517-602847373712204,已发货，退款成功,1	,2026-05-17 17:17:25,	,退款成功,158.86	,168.99	
趣白全自动洗面奶打泡机感应泡沫机绵密泡沫礼品新品懒人洗脸神器,260517-420468528760437,已收货,1	,2026-05-17 17:14:54,	,无售后或售后取消,168.99	,168.99	
趣白全自动洗面奶打泡机感应泡沫机绵密泡沫礼品新品懒人洗脸神器,260517-405148844441832,已收货,1	,2026-05-17 17:14:50,	,无售后或售后取消,152.1	,168.99	
趣白全自动洗面奶打泡机感应泡沫机绵密泡沫礼品新品懒人洗脸神器,260517-550974287474056,已发货，退款成功,1	,2026-05-17 16:54:54,	,退款成功,143.65	,168.99	
趣白全自动洗面奶打泡机感应泡沫机绵密泡沫礼品新品懒人洗脸神器,260517-511841462560693,已取消,1	,	,	,无售后或售后取消,168.99	,168.99	
趣白全自动洗面奶打泡机感应泡沫机绵密泡沫礼品新品懒人洗脸神器,260517-214433830522887,已收货,1	,2026-05-17 16:21:53,	,无售后或售后取消,168.99	,168.99	
趣白全自动洗面奶打泡机感应泡沫机绵密泡沫礼品新品懒人洗脸神器,260517-385100050022789,已发货，退款成功,1	,2026-05-17 16:15:05,	,退款成功,135.2	,168.99	
趣白全自动洗面奶打泡机感应泡沫机绵密泡沫礼品新品懒人洗脸神器,260517-367232346533136,已发货，退款成功,1	,2026-05-17 16:09:08,	,退款成功,143.65	,168.99	
趣白全自动洗面奶打泡机感应泡沫机绵密泡沫礼品新品懒人洗脸神器,260517-080048341433019,已收货，退款成功,1	,2026-05-17 15:59:53,	,退款成功,152.1	,168.99	
趣白全自动洗面奶打泡机感应泡沫机绵密泡沫礼品新品懒人洗脸神器,260517-066920200501950,已取消,1	,	,	,无售后或售后取消,148.72	,168.99	
趣白全自动洗面奶打泡机感应泡沫机绵密泡沫礼品新品懒人洗脸神器,260517-432076254871283,已取消,1	,	,	,无售后或售后取消,168.99	,168.99	
趣白全自动洗面奶打泡机感应泡沫机绵密泡沫礼品新品懒人洗脸神器,260517-361517586042546,已收货,1	,2026-05-17 15:32:21,	,无售后或售后取消,160.55	,168.99	
趣白全自动洗面奶打泡机感应泡沫机绵密泡沫礼品新品懒人洗脸神器,260517-574221259070711,已收货,1	,2026-05-17 15:02:36,	,无售后或售后取消,141.96	,168.99	
趣白全自动洗面奶打泡机感应泡沫机绵密泡沫礼品新品懒人洗脸神器,260517-409867425294031,已发货，退款成功,1	,2026-05-17 15:01:44,	,退款成功,145.34	,168.99	
趣白全自动洗面奶打泡机感应泡沫机绵密泡沫礼品新品懒人洗脸神器,260517-075455609170431,已收货,1	,2026-05-17 14:43:52,	,无售后或售后取消,153.99	,168.99	
趣白全自动洗面奶打泡机感应泡沫机绵密泡沫礼品新品懒人洗脸神器,260517-183962211852485,已收货,1	,2026-05-17 14:32:36,	,无售后或售后取消,135.2	,168.99	
趣白全自动洗面奶打泡机感应泡沫机绵密泡沫礼品新品懒人洗脸神器,260517-454033415760649,已发货，退款成功,1	,2026-05-17 14:24:19,	,退款成功,118.3	,168.99	
趣白全自动洗面奶打泡机感应泡沫机绵密泡沫礼品新品懒人洗脸神器,260517-491540989531152,已收货,1	,2026-05-17 14:20:23,	,售后处理中,118.3	,168.99	
趣白全自动洗面奶打泡机感应泡沫机绵密泡沫礼品新品懒人洗脸神器,260517-276530470510786,已收货,1	,2026-05-17 14:08:57,	,无售后或售后取消,152.1	,168.99	
趣白全自动洗面奶打泡机感应泡沫机绵密泡沫礼品新品懒人洗脸神器,260517-237408110132842,已收货,1	,2026-05-17 13:52:39,	,无售后或售后取消,143.65	,168.99	
趣白全自动洗面奶打泡机感应泡沫机绵密泡沫礼品新品懒人洗脸神器,260517-539324597911214,已收货,1	,2026-05-17 13:36:08,	,无售后或售后取消,168.99	,168.99	
趣白全自动洗面奶打泡机感应泡沫机绵密泡沫礼品新品懒人洗脸神器,260517-627058941471130,已发货，退款成功,1	,2026-05-17 13:34:05,	,退款成功,130.13	,168.99	
趣白全自动洗面奶打泡机感应泡沫机绵密泡沫礼品新品懒人洗脸神器,260517-148058939020177,已收货,1	,2026-05-17 13:33:26,	,无售后或售后取消,160.55	,168.99	
趣白全自动洗面奶打泡机感应泡沫机绵密泡沫礼品新品懒人洗脸神器,260517-173874900620881,已收货,1	,2026-05-17 13:30:49,	,无售后或售后取消,135.2	,168.99	
趣白全自动洗面奶打泡机感应泡沫机绵密泡沫礼品新品懒人洗脸神器,260517-538684986952498,已收货,1	,2026-05-17 13:33:10,	,无售后或售后取消,168.99	,168.99	
趣白全自动洗面奶打泡机感应泡沫机绵密泡沫礼品新品懒人洗脸神器,260517-060450476381957,已收货,1	,2026-05-17 13:27:07,	,无售后或售后取消,143.65	,168.99	
趣白全自动洗面奶打泡机感应泡沫机绵密泡沫礼品新品懒人洗脸神器,260517-607345712720944,已收货,1	,2026-05-17 13:24:36,	,无售后或售后取消,152.1	,168.99	
趣白全自动洗面奶打泡机感应泡沫机绵密泡沫礼品新品懒人洗脸神器,260517-469447555513834,已收货,1	,2026-05-17 13:08:26,	,无售后或售后取消,168.99	,168.99	
趣白全自动洗面奶打泡机感应泡沫机绵密泡沫礼品新品懒人洗脸神器,260517-568170985831777,已收货,1	,2026-05-17 13:11:28,	,无售后或售后取消,168.99	,168.99	
趣白全自动洗面奶打泡机感应泡沫机绵密泡沫礼品新品懒人洗脸神器,260517-357606376990781,已发货，退款成功,1	,2026-05-17 12:52:18,	,退款成功,168.99	,168.99	
趣白全自动洗面奶打泡机感应泡沫机绵密泡沫礼品新品懒人洗脸神器,260517-205164429713274,已收货,3	,2026-05-17 12:30:15,	,无售后或售后取消,461.91	,501.91	
趣白全自动洗面奶打泡机感应泡沫机绵密泡沫礼品新品懒人洗脸神器,260517-014858391880570,已收货,1	,2026-05-17 12:17:22,	,无售后或售后取消,168.99	,168.99	
趣白全自动洗面奶打泡机感应泡沫机绵密泡沫礼品新品懒人洗脸神器,260517-671906567804029,已收货,1	,2026-05-17 12:10:22,	,无售后或售后取消,168.99	,168.99	
趣白全自动洗面奶打泡机感应泡沫机绵密泡沫礼品新品懒人洗脸神器,260517-674716793171799,已收货,1	,2026-05-17 11:47:37,	,无售后或售后取消,168.99	,168.99	
趣白全自动洗面奶打泡机感应泡沫机绵密泡沫礼品新品懒人洗脸神器,260517-233161419091799,未发货，退款成功,1	,2026-05-17 11:15:41,	,退款成功,168.99	,168.99	
趣白全自动洗面奶打泡机感应泡沫机绵密泡沫礼品新品懒人洗脸神器,260517-576758781593963,已收货,1	,2026-05-17 11:02:43,	,无售后或售后取消,141.96	,168.99	
趣白全自动洗面奶打泡机感应泡沫机绵密泡沫礼品新品懒人洗脸神器,260517-040223455671965,已发货，退款成功,1	,2026-05-17 10:55:41,	,退款成功,147.81	,168.99	
趣白全自动洗面奶打泡机感应泡沫机绵密泡沫礼品新品懒人洗脸神器,260517-526007682710532,已收货,1	,2026-05-17 10:40:28,	,无售后或售后取消,168.99	,168.99	
趣白全自动洗面奶打泡机感应泡沫机绵密泡沫礼品新品懒人洗脸神器,260517-641822943580933,已发货，待收货,1	,2026-05-17 10:39:09,	,无售后或售后取消,131.82	,168.99	
趣白全自动洗面奶打泡机感应泡沫机绵密泡沫礼品新品懒人洗脸神器,260517-454935263540888,已取消,1	,	,	,无售后或售后取消,135.2	,168.99	
趣白全自动洗面奶打泡机感应泡沫机绵密泡沫礼品新品懒人洗脸神器,260517-228505751891380,已收货,1	,2026-05-17 10:28:53,	,无售后或售后取消,133.51	,168.99	
趣白全自动洗面奶打泡机感应泡沫机绵密泡沫礼品新品懒人洗脸神器,260517-179474275850490,已取消,1	,	,	,无售后或售后取消,135.2	,168.99	
趣白全自动洗面奶打泡机感应泡沫机绵密泡沫礼品新品懒人洗脸神器,260517-601211543101232,已发货，退款成功,1	,2026-05-17 10:11:03,	,退款成功,136.89	,168.99	
趣白全自动洗面奶打泡机感应泡沫机绵密泡沫礼品新品懒人洗脸神器,260517-050793059903643,已收货,1	,2026-05-17 09:50:43,	,无售后或售后取消,168.99	,168.99	
趣白全自动洗面奶打泡机感应泡沫机绵密泡沫礼品新品懒人洗脸神器,260517-330228119951477,已取消,1	,	,	,无售后或售后取消,126.75	,168.99	
趣白全自动洗面奶打泡机感应泡沫机绵密泡沫礼品新品懒人洗脸神器,260517-220201040171424,已收货,1	,2026-05-17 09:47:47,	,无售后或售后取消,152.1	,168.99	
趣白全自动洗面奶打泡机感应泡沫机绵密泡沫礼品新品懒人洗脸神器,260517-127192286872289,未发货，退款成功,1	,2026-05-17 09:29:42,	,退款成功,168.99	,168.99	
趣白全自动洗面奶打泡机感应泡沫机绵密泡沫礼品新品懒人洗脸神器,260517-622738808392347,已收货，退款成功,1	,2026-05-17 09:09:01,(收)[QBPH004]*[1]#,退款成功,143.65	,168.99	
趣白全自动洗面奶打泡机感应泡沫机绵密泡沫礼品新品懒人洗脸神器,260517-353915431330591,已收货,1	,2026-05-17 08:42:53,	,无售后或售后取消,168.99	,168.99	
趣白全自动洗面奶打泡机感应泡沫机绵密泡沫礼品新品懒人洗脸神器,260517-116727550371450,已收货,1	,2026-05-17 08:02:00,	,无售后或售后取消,143.65	,168.99	
趣白全自动洗面奶打泡机感应泡沫机绵密泡沫礼品新品懒人洗脸神器,260517-262437609013110,已收货,1	,2026-05-17 07:45:04,	,无售后或售后取消,135.2	,168.99	
趣白全自动洗面奶打泡机感应泡沫机绵密泡沫礼品新品懒人洗脸神器,260517-136210050652171,已收货,1	,2026-05-17 07:42:03,	,无售后或售后取消,133.51	,168.99	
趣白全自动洗面奶打泡机感应泡沫机绵密泡沫礼品新品懒人洗脸神器,260517-150365816330240,已收货,1	,2026-05-17 07:38:22,	,无售后或售后取消,126.75	,168.99	
趣白全自动洗面奶打泡机感应泡沫机绵密泡沫礼品新品懒人洗脸神器,260517-442373292341159,已发货，退款成功,1	,2026-05-17 07:34:12,	,退款成功,133.51	,168.99	
趣白全自动洗面奶打泡机感应泡沫机绵密泡沫礼品新品懒人洗脸神器,260517-234052698460255,已收货,1	,2026-05-17 06:46:27,	,无售后或售后取消,153.99	,168.99	
趣白全自动洗面奶打泡机感应泡沫机绵密泡沫礼品新品懒人洗脸神器,260517-437644214682985,已收货,1	,2026-05-17 05:59:19,	,无售后或售后取消,152.1	,168.99	
趣白全自动洗面奶打泡机感应泡沫机绵密泡沫礼品新品懒人洗脸神器,260517-363792995920096,已收货,1	,2026-05-17 04:53:39,	,无售后或售后取消,126.75	,168.99	
趣白全自动洗面奶打泡机感应泡沫机绵密泡沫礼品新品懒人洗脸神器,260517-565371215460956,已收货,1	,2026-05-17 04:44:56,	,无售后或售后取消,168.99	,168.99	
趣白全自动洗面奶打泡机感应泡沫机绵密泡沫礼品新品懒人洗脸神器,260517-439290478882322,已取消,1	,	,	,无售后或售后取消,135.2	,168.99	
趣白全自动洗面奶打泡机感应泡沫机绵密泡沫礼品新品懒人洗脸神器,260517-005756700252155,已收货,1	,2026-05-17 04:33:16,	,无售后或售后取消,126.75	,168.99	
趣白全自动洗面奶打泡机感应泡沫机绵密泡沫礼品新品懒人洗脸神器,260517-233119476132037,已收货,1	,2026-05-17 00:43:01,	,无售后或售后取消,168.99	,168.99	
趣白全自动洗面奶打泡机感应泡沫机绵密泡沫礼品新品懒人洗脸神器,260517-343314348473849,已收货,1	,2026-05-17 00:10:56,	,无售后或售后取消,126.75	,168.99	
趣白全自动洗面奶打泡机感应泡沫机绵密泡沫礼品新品懒人洗脸神器,260516-056602170880099,已收货,1	,2026-05-16 23:35:15,	,无售后或售后取消,168.99	,168.99	
趣白全自动洗面奶打泡机感应泡沫机绵密泡沫礼品新品懒人洗脸神器,260516-435903536701254,已收货，退款成功,1	,2026-05-16 23:21:16,(收)[QBPH004]*[1]#,退款成功,145.34	,168.99	
趣白全自动洗面奶打泡机感应泡沫机绵密泡沫礼品新品懒人洗脸神器,260516-667250869811486,已收货,1	,2026-05-16 23:20:08,	,无售后或售后取消,135.2	,168.99	
趣白全自动洗面奶打泡机感应泡沫机绵密泡沫礼品新品懒人洗脸神器,260516-222864402732255,已发货，退款成功,1	,2026-05-16 23:19:48,发配件,退款成功,135.2	,168.99	
趣白全自动洗面奶打泡机感应泡沫机绵密泡沫礼品新品懒人洗脸神器,260516-475046920532984,未发货，退款成功,1	,2026-05-16 23:05:12,	,退款成功,168.99	,168.99	
趣白全自动洗面奶打泡机感应泡沫机绵密泡沫礼品新品懒人洗脸神器,260516-506871191182611,已收货,1	,2026-05-16 23:03:24,	,无售后或售后取消,168.99	,168.99	
趣白全自动洗面奶打泡机感应泡沫机绵密泡沫礼品新品懒人洗脸神器,260516-550900908473570,已收货,1	,2026-05-16 22:53:57,	,无售后或售后取消,135.2	,168.99	
趣白全自动洗面奶打泡机感应泡沫机绵密泡沫礼品新品懒人洗脸神器,260516-121404147233530,已收货,1	,2026-05-16 22:47:27,	,无售后或售后取消,140.27	,168.99	
趣白全自动洗面奶打泡机感应泡沫机绵密泡沫礼品新品懒人洗脸神器,260516-550900866681379,已发货，退款成功,1	,2026-05-16 22:45:01,	,退款成功,168.99	,168.99	
趣白全自动洗面奶打泡机感应泡沫机绵密泡沫礼品新品懒人洗脸神器,260516-179054917932600,已收货,1	,2026-05-16 20:33:40,	,无售后或售后取消,168.99	,168.99	
趣白全自动洗面奶打泡机感应泡沫机绵密泡沫礼品新品懒人洗脸神器,260516-152683169381625,已发货，退款成功,1	,2026-05-16 19:51:15,	,退款成功,118.3	,168.99	
趣白全自动洗面奶打泡机感应泡沫机绵密泡沫礼品新品懒人洗脸神器,260516-124413580892048,已收货,1	,2026-05-16 19:40:02,	,无售后或售后取消,126.75	,168.99	
趣白全自动洗面奶打泡机感应泡沫机绵密泡沫礼品新品懒人洗脸神器,260516-245125619312182,已收货,1	,2026-05-16 19:33:11,	,无售后或售后取消,126.75	,168.99	
趣白全自动洗面奶打泡机感应泡沫机绵密泡沫礼品新品懒人洗脸神器,260516-168590109100253,已收货,1	,2026-05-16 18:39:01,	,无售后或售后取消,160.55	,168.99	
趣白全自动洗面奶打泡机感应泡沫机绵密泡沫礼品新品懒人洗脸神器,260516-614360748320466,已收货,1	,2026-05-16 18:37:25,	,无售后或售后取消,135.2	,168.99	
趣白全自动洗面奶打泡机感应泡沫机绵密泡沫礼品新品懒人洗脸神器,260516-665321500172459,已收货,1	,2026-05-16 18:30:02,	,无售后或售后取消,160.55	,168.99	
趣白全自动洗面奶打泡机感应泡沫机绵密泡沫礼品新品懒人洗脸神器,260516-639232908883072,已收货,1	,2026-05-16 17:56:22,	,无售后或售后取消,135.2	,168.99	
趣白全自动洗面奶打泡机感应泡沫机绵密泡沫礼品新品懒人洗脸神器,260516-549936228753815,已收货,1	,2026-05-16 17:47:21,	,无售后或售后取消,168.99	,168.99	
趣白全自动洗面奶打泡机感应泡沫机绵密泡沫礼品新品懒人洗脸神器,260516-145143959952960,已收货,1	,2026-05-16 17:27:15,	,无售后或售后取消,147.03	,168.99	
趣白全自动洗面奶打泡机感应泡沫机绵密泡沫礼品新品懒人洗脸神器,260516-314834951781404,已收货,1	,2026-05-16 17:26:17,	,无售后或售后取消,143.65	,168.99	
趣白全自动洗面奶打泡机感应泡沫机绵密泡沫礼品新品懒人洗脸神器,260516-397473257050536,已收货,1	,2026-05-16 17:13:01,	,无售后或售后取消,140.27	,168.99	
趣白全自动洗面奶打泡机感应泡沫机绵密泡沫礼品新品懒人洗脸神器,260516-033145525871512,已发货，退款成功,1	,2026-05-16 16:59:42,	,退款成功,152.1	,168.99	
趣白全自动洗面奶打泡机感应泡沫机绵密泡沫礼品新品懒人洗脸神器,260516-012331334061851,已发货，退款成功,1	,2026-05-16 16:51:21,	,退款成功,168.99	,168.99	
趣白全自动洗面奶打泡机感应泡沫机绵密泡沫礼品新品懒人洗脸神器,260516-419283648811388,已收货,1	,2026-05-16 16:34:34,	,无售后或售后取消,143.65	,168.99	
趣白全自动洗面奶打泡机感应泡沫机绵密泡沫礼品新品懒人洗脸神器,260516-411387850351929,已收货,1	,2026-05-16 16:32:20,	,无售后或售后取消,168.99	,168.99	
趣白全自动洗面奶打泡机感应泡沫机绵密泡沫礼品新品懒人洗脸神器,260516-072205013302716,已发货，退款成功,1	,2026-05-16 16:09:36,	,退款成功,152.1	,168.99	
趣白全自动洗面奶打泡机感应泡沫机绵密泡沫礼品新品懒人洗脸神器,260516-076588029533389,已收货,1	,2026-05-16 16:02:41,	,无售后或售后取消,136.89	,168.99	
趣白全自动洗面奶打泡机感应泡沫机绵密泡沫礼品新品懒人洗脸神器,260516-520701929822369,已收货,1	,2026-05-16 15:50:07,	,无售后或售后取消,143.65	,168.99	
趣白全自动洗面奶打泡机感应泡沫机绵密泡沫礼品新品懒人洗脸神器,260516-483477450332216,已收货,1	,2026-05-16 15:29:54,	,无售后或售后取消,160.55	,168.99	
趣白全自动洗面奶打泡机感应泡沫机绵密泡沫礼品新品懒人洗脸神器,260516-319805212241097,已收货,1	,2026-05-16 15:27:44,	,无售后或售后取消,126.75	,168.99	
趣白全自动洗面奶打泡机感应泡沫机绵密泡沫礼品新品懒人洗脸神器,260516-466595386962345,已收货,1	,2026-05-16 15:22:30,	,无售后或售后取消,135.2	,168.99	
趣白全自动洗面奶打泡机感应泡沫机绵密泡沫礼品新品懒人洗脸神器,260516-419388474932841,已收货,1	,2026-05-16 15:20:44,	,无售后或售后取消,148.72	,168.99	
趣白全自动洗面奶打泡机感应泡沫机绵密泡沫礼品新品懒人洗脸神器,260516-268959782412413,已收货,1	,2026-05-16 15:19:08,	,无售后或售后取消,168.99	,168.99	
趣白全自动洗面奶打泡机感应泡沫机绵密泡沫礼品新品懒人洗脸神器,260516-596388155831719,已收货,1	,2026-05-16 15:12:54,	,无售后或售后取消,168.99	,168.99	
趣白全自动洗面奶打泡机感应泡沫机绵密泡沫礼品新品懒人洗脸神器,260516-137541752440948,已发货，退款成功,1	,2026-05-16 15:08:35,	,退款成功,152.1	,168.99	
【购买前须联系客服确认】补收差价专用商品,260516-014816428411531,已收货,1800	,2026-05-16 14:11:23,	,无售后或售后取消,18.0	,18.0	
趣白全自动洗面奶打泡机感应泡沫机绵密泡沫礼品新品懒人洗脸神器,260516-686198669702485,已收货,1	,2026-05-16 14:06:44,	,无售后或售后取消,168.99	,168.99	
趣白全自动洗面奶打泡机感应泡沫机绵密泡沫礼品新品懒人洗脸神器,260516-485637516912957,已收货,1	,2026-05-16 14:10:13,	,无售后或售后取消,143.65	,168.99	
趣白全自动洗面奶打泡机感应泡沫机绵密泡沫礼品新品懒人洗脸神器,260516-101260992033448,已收货,1	,2026-05-16 13:51:40,	,无售后或售后取消,168.99	,168.99	
趣白全自动洗面奶打泡机感应泡沫机绵密泡沫礼品新品懒人洗脸神器,260516-087409323593146,已发货，退款成功,1	,2026-05-16 13:50:05,	,退款成功,168.99	,168.99	
趣白全自动洗面奶打泡机感应泡沫机绵密泡沫礼品新品懒人洗脸神器,260516-098534736251531,已收货,1	,2026-05-16 14:03:51,发顺丰,无售后或售后取消,168.99	,168.99	
趣白全自动洗面奶打泡机感应泡沫机绵密泡沫礼品新品懒人洗脸神器,260516-533442086420732,已收货,1	,2026-05-16 13:33:38,	,无售后或售后取消,140.27	,168.99	
趣白全自动洗面奶打泡机感应泡沫机绵密泡沫礼品新品懒人洗脸神器,260516-211319581021089,已发货，退款成功,1	,2026-05-16 13:28:15,	,退款成功,161.99	,168.99	
趣白全自动洗面奶打泡机感应泡沫机绵密泡沫礼品新品懒人洗脸神器,260516-034330448182446,已发货，退款成功,1	,2026-05-16 13:26:50,	,退款成功,168.99	,168.99	
趣白全自动洗面奶打泡机感应泡沫机绵密泡沫礼品新品懒人洗脸神器,260516-495483697552398,已发货，退款成功,1	,2026-05-16 13:15:20,	,退款成功,168.99	,168.99	
趣白全自动洗面奶打泡机感应泡沫机绵密泡沫礼品新品懒人洗脸神器,260516-576653903492964,已取消,1	,	,	,无售后或售后取消,135.2	,168.99	
趣白全自动洗面奶打泡机感应泡沫机绵密泡沫礼品新品懒人洗脸神器,260516-413768097400533,已发货，退款成功,1	,2026-05-16 13:14:18,	,退款成功,148.72	,168.99	
趣白全自动洗面奶打泡机感应泡沫机绵密泡沫礼品新品懒人洗脸神器,260516-159320665623375,已收货,1	,2026-05-16 13:09:01,	,无售后或售后取消,135.2	,168.99	
趣白全自动洗面奶打泡机感应泡沫机绵密泡沫礼品新品懒人洗脸神器,260516-009951045921151,已收货,1	,2026-05-16 12:58:31,	,无售后或售后取消,143.65	,168.99	
趣白全自动洗面奶打泡机感应泡沫机绵密泡沫礼品新品懒人洗脸神器,260516-677443080530031,已取消,1	,	,	,无售后或售后取消,135.2	,168.99	
趣白全自动洗面奶打泡机感应泡沫机绵密泡沫礼品新品懒人洗脸神器,260516-315139080591501,已收货,1	,2026-05-16 12:48:05,	,无售后或售后取消,168.99	,168.99	
趣白全自动洗面奶打泡机感应泡沫机绵密泡沫礼品新品懒人洗脸神器,260516-094424307351927,已收货,1	,2026-05-16 12:33:52,	,无售后或售后取消,145.34	,168.99	
趣白全自动洗面奶打泡机感应泡沫机绵密泡沫礼品新品懒人洗脸神器,260516-505812108810559,已取消,1	,	,	,无售后或售后取消,168.99	,168.99	
趣白全自动洗面奶打泡机感应泡沫机绵密泡沫礼品新品懒人洗脸神器,260516-672242091560538,已收货,1	,2026-05-16 12:23:39,	,无售后或售后取消,160.55	,168.99	
趣白全自动洗面奶打泡机感应泡沫机绵密泡沫礼品新品懒人洗脸神器,260516-251784097400970,已收货,1	,2026-05-16 11:50:16,	,无售后或售后取消,118.3	,168.99	
趣白全自动洗面奶打泡机感应泡沫机绵密泡沫礼品新品懒人洗脸神器,260516-377204262491312,已收货,1	,2026-05-16 11:42:55,物流是否更新,售后处理中,141.96	,168.99	
趣白全自动洗面奶打泡机感应泡沫机绵密泡沫礼品新品懒人洗脸神器,260516-393520115323605,已收货,1	,2026-05-16 11:25:48,	,无售后或售后取消,143.65	,168.99	
趣白全自动洗面奶打泡机感应泡沫机绵密泡沫礼品新品懒人洗脸神器,260516-392502976020349,已发货，退款成功,1	,2026-05-16 11:20:40,	,退款成功,135.2	,168.99	
趣白全自动洗面奶打泡机感应泡沫机绵密泡沫礼品新品懒人洗脸神器,260516-146727267860349,未发货，退款成功,2	,2026-05-16 11:19:34,	,退款成功,267.69	,334.61	
趣白全自动洗面奶打泡机感应泡沫机绵密泡沫礼品新品懒人洗脸神器,260516-301801152020349,已取消,1	,	,	,无售后或售后取消,135.2	,168.99	
趣白全自动洗面奶打泡机感应泡沫机绵密泡沫礼品新品懒人洗脸神器,260516-532404038052128,已收货,1	,2026-05-16 11:13:03,	,无售后或售后取消,118.3	,168.99	
趣白全自动洗面奶打泡机感应泡沫机绵密泡沫礼品新品懒人洗脸神器,260516-389734807910158,已收货,1	,2026-05-16 11:13:37,	,无售后或售后取消,168.99	,168.99	
趣白全自动洗面奶打泡机感应泡沫机绵密泡沫礼品新品懒人洗脸神器,260516-192245952091717,已收货,1	,2026-05-16 11:11:41,	,无售后或售后取消,126.75	,168.99	
趣白全自动洗面奶打泡机感应泡沫机绵密泡沫礼品新品懒人洗脸神器,260516-374813550882575,已发货，退款成功,1	,2026-05-16 11:06:18,	,退款成功,168.99	,168.99	
趣白全自动洗面奶打泡机感应泡沫机绵密泡沫礼品新品懒人洗脸神器,260516-457776842283079,已取消,1	,	,	,无售后或售后取消,168.99	,168.99	
趣白全自动洗面奶打泡机感应泡沫机绵密泡沫礼品新品懒人洗脸神器,260516-534239024661634,未发货，退款成功,1	,2026-05-16 10:55:19,	,退款成功,154.99	,168.99	
趣白全自动洗面奶打泡机感应泡沫机绵密泡沫礼品新品懒人洗脸神器,260516-433124830844040,已收货,1	,2026-05-16 10:51:57,	,无售后或售后取消,168.99	,168.99	
趣白全自动洗面奶打泡机感应泡沫机绵密泡沫礼品新品懒人洗脸神器,260516-058363810081618,已取消,1	,	,	,无售后或售后取消,168.99	,168.99	
趣白全自动洗面奶打泡机感应泡沫机绵密泡沫礼品新品懒人洗脸神器,260516-527286987081187,已发货，退款成功,1	,2026-05-16 10:40:08,	,退款成功,138.99	,168.99	
趣白全自动洗面奶打泡机感应泡沫机绵密泡沫礼品新品懒人洗脸神器,260516-272472523150811,已收货，退款成功,1	,2026-05-16 10:16:21,	,退款成功,135.2	,168.99	
趣白全自动洗面奶打泡机感应泡沫机绵密泡沫礼品新品懒人洗脸神器,260516-457074348322798,已收货,1	,2026-05-16 10:01:57,	,无售后或售后取消,143.65	,168.99	
趣白全自动洗面奶打泡机感应泡沫机绵密泡沫礼品新品懒人洗脸神器,260516-349469427322144,已收货,1	,2026-05-16 10:00:27,	,无售后或售后取消,118.3	,168.99	
趣白全自动洗面奶打泡机感应泡沫机绵密泡沫礼品新品懒人洗脸神器,260516-545521713470925,已取消,1	,	,	,无售后或售后取消,168.99	,168.99	
趣白全自动洗面奶打泡机感应泡沫机绵密泡沫礼品新品懒人洗脸神器,260516-433124872521783,已发货，退款成功,1	,2026-05-16 09:43:11,	,退款成功,168.99	,168.99	
趣白全自动洗面奶打泡机感应泡沫机绵密泡沫礼品新品懒人洗脸神器,260516-152966295110599,已收货,1	,2026-05-16 09:34:16,	,无售后或售后取消,140.27	,168.99	
趣白全自动洗面奶打泡机感应泡沫机绵密泡沫礼品新品懒人洗脸神器,260516-046189842753278,已收货,1	,2026-05-16 09:30:53,	,无售后或售后取消,140.27	,168.99	
趣白全自动洗面奶打泡机感应泡沫机绵密泡沫礼品新品懒人洗脸神器,260516-416337181062341,已收货,1	,2026-05-16 09:26:20,	,无售后或售后取消,140.27	,168.99	
趣白全自动洗面奶打泡机感应泡沫机绵密泡沫礼品新品懒人洗脸神器,260516-457284011571081,未发货，退款成功,1	,2026-05-16 09:25:22,	,退款成功,133.51	,168.99	
趣白全自动洗面奶打泡机感应泡沫机绵密泡沫礼品新品懒人洗脸神器,260516-644276559443394,已收货,1	,2026-05-16 09:24:14,	,无售后或售后取消,118.3	,168.99	
趣白全自动洗面奶打泡机感应泡沫机绵密泡沫礼品新品懒人洗脸神器,260516-364652828211109,已收货,1	,2026-05-16 09:20:46,	,无售后或售后取消,126.75	,168.99	
趣白全自动洗面奶打泡机感应泡沫机绵密泡沫礼品新品懒人洗脸神器,260516-137499809360272,已收货,1	,2026-05-16 09:09:21,	,无售后或售后取消,135.2	,168.99	
趣白全自动洗面奶打泡机感应泡沫机绵密泡沫礼品新品懒人洗脸神器,260516-225569718673072,已收货,1	,2026-05-16 09:03:34,	,无售后或售后取消,168.99	,168.99	
趣白全自动洗面奶打泡机感应泡沫机绵密泡沫礼品新品懒人洗脸神器,260516-088541806992004,已收货,1	,2026-05-16 08:52:02,	,无售后或售后取消,141.96	,168.99	
趣白全自动洗面奶打泡机感应泡沫机绵密泡沫礼品新品懒人洗脸神器,260516-358214613402858,已收货，退款成功,1	,2026-05-16 08:39:12,(收)[QBPH004]*[1]#,退款成功,126.75	,168.99	
趣白全自动洗面奶打泡机感应泡沫机绵密泡沫礼品新品懒人洗脸神器,260516-510803340802379,已取消,1	,	,	,无售后或售后取消,160.99	,168.99	
趣白全自动洗面奶打泡机感应泡沫机绵密泡沫礼品新品懒人洗脸神器,260516-104228482610454,已取消,1	,	,	,无售后或售后取消,148.99	,168.99	
趣白全自动洗面奶打泡机感应泡沫机绵密泡沫礼品新品懒人洗脸神器,260516-658694499993255,已收货,1	,2026-05-16 07:52:13,	,无售后或售后取消,152.1	,168.99	
趣白全自动洗面奶打泡机感应泡沫机绵密泡沫礼品新品懒人洗脸神器,260516-671864646013997,已收货,1	,2026-05-16 07:50:27,	,无售后或售后取消,126.75	,168.99	
趣白全自动洗面奶打泡机感应泡沫机绵密泡沫礼品新品懒人洗脸神器,260516-648974210650255,已收货,1	,2026-05-16 07:36:16,	,无售后或售后取消,143.65	,168.99	
趣白全自动洗面奶打泡机感应泡沫机绵密泡沫礼品新品懒人洗脸神器,260516-275460923033883,未发货，退款成功,1	,2026-05-16 06:58:27,	,退款成功,143.65	,168.99	
趣白全自动洗面奶打泡机感应泡沫机绵密泡沫礼品新品懒人洗脸神器,260516-029622352243758,已收货,1	,2026-05-16 06:53:00,	,无售后或售后取消,143.65	,168.99	
趣白全自动洗面奶打泡机感应泡沫机绵密泡沫礼品新品懒人洗脸神器,260516-568884017572864,未发货，退款成功,1	,2026-05-16 06:10:33,	,退款成功,148.72	,168.99	
趣白全自动洗面奶打泡机感应泡沫机绵密泡沫礼品新品懒人洗脸神器,260516-649666250320282,已收货,1	,2026-05-16 02:13:35,	,无售后或售后取消,135.2	,168.99	
趣白全自动洗面奶打泡机感应泡沫机绵密泡沫礼品新品懒人洗脸神器,260516-616814374482831,已发货，退款成功,1	,2026-05-16 01:44:41,	,退款成功,147.03	,168.99	
趣白全自动洗面奶打泡机感应泡沫机绵密泡沫礼品新品懒人洗脸神器,260516-058112110082582,已取消,1	,	,	,无售后或售后取消,135.2	,168.99	
趣白全自动洗面奶打泡机感应泡沫机绵密泡沫礼品新品懒人洗脸神器,260516-125388767610059,已收货,1	,2026-05-16 01:00:11,	,无售后或售后取消,138.99	,168.99	
趣白全自动洗面奶打泡机感应泡沫机绵密泡沫礼品新品懒人洗脸神器,260516-342129457453283,已收货,1	,2026-05-16 00:54:01,	,无售后或售后取消,147.03	,168.99	
趣白全自动洗面奶打泡机感应泡沫机绵密泡沫礼品新品懒人洗脸神器,260516-461593700730059,已取消,1	,	,	,无售后或售后取消,152.1	,168.99	
趣白全自动洗面奶打泡机感应泡沫机绵密泡沫礼品新品懒人洗脸神器,260516-197258166653773,已收货,1	,2026-05-16 00:43:14,	,无售后或售后取消,133.51	,168.99	
趣白全自动洗面奶打泡机感应泡沫机绵密泡沫礼品新品懒人洗脸神器,260516-035410439702260,已取消,1	,	,	,无售后或售后取消,168.99	,168.99	
趣白全自动洗面奶打泡机感应泡沫机绵密泡沫礼品新品懒人洗脸神器,260516-607261899130940,已收货,1	,2026-05-16 00:30:36,	,无售后或售后取消,118.3	,168.99	
趣白全自动洗面奶打泡机感应泡沫机绵密泡沫礼品新品懒人洗脸神器,260516-484379235932337,已收货,1	,2026-05-16 00:26:09,	,无售后或售后取消,135.2	,168.99	
趣白全自动洗面奶打泡机感应泡沫机绵密泡沫礼品新品懒人洗脸神器,260516-669368993341439,已收货,1	,2026-05-16 00:19:42,	,无售后或售后取消,135.2	,168.99	
趣白全自动洗面奶打泡机感应泡沫机绵密泡沫礼品新品懒人洗脸神器,260516-625161060712023,已发货，退款成功,1	,2026-05-16 00:17:11,	,退款成功,138.99	,168.99	
趣白全自动洗面奶打泡机感应泡沫机绵密泡沫礼品新品懒人洗脸神器,260515-625119106581425,已发货，退款成功,1	,2026-05-15 23:38:27,	,退款成功,168.99	,168.99	
趣白全自动洗面奶打泡机感应泡沫机绵密泡沫礼品新品懒人洗脸神器,260515-398249203212843,已收货，退款成功,1	,2026-05-15 23:28:08,(收)[1877214163146]*[1]#,退款成功,143.65	,168.99	
趣白全自动洗面奶打泡机感应泡沫机绵密泡沫礼品新品懒人洗脸神器,260515-343073113702730,已收货,1	,2026-05-15 23:23:50,	,无售后或售后取消,118.3	,168.99	
趣白全自动洗面奶打泡机感应泡沫机绵密泡沫礼品新品懒人洗脸神器,260515-240050531991388,已收货,1	,2026-05-15 23:15:09,	,无售后或售后取消,143.65	,168.99	
趣白全自动洗面奶打泡机感应泡沫机绵密泡沫礼品新品懒人洗脸神器,260515-045350992290516,已收货,1	,2026-05-15 23:10:16,	,无售后或售后取消,168.99	,168.99	
趣白全自动洗面奶打泡机感应泡沫机绵密泡沫礼品新品懒人洗脸神器,260515-648638708110208,已发货，退款成功,1	,2026-05-15 22:47:42,	,退款成功,168.99	,168.99	
趣白全自动洗面奶打泡机感应泡沫机绵密泡沫礼品新品懒人洗脸神器,260515-645985758781435,已收货,1	,2026-05-15 22:21:08,	,无售后或售后取消,145.34	,168.99	
趣白全自动洗面奶打泡机感应泡沫机绵密泡沫礼品新品懒人洗脸神器,260515-358822745741291,已收货,1	,2026-05-15 22:19:01,	,无售后或售后取消,126.75	,168.99	
趣白全自动洗面奶打泡机感应泡沫机绵密泡沫礼品新品懒人洗脸神器,260515-553040013611237,已收货,1	,2026-05-15 22:11:22,	,无售后或售后取消,135.2	,168.99	
趣白全自动洗面奶打泡机感应泡沫机绵密泡沫礼品新品懒人洗脸神器,260515-157580019250338,已收货,1	,2026-05-15 21:38:23,	,无售后或售后取消,118.3	,168.99	
趣白全自动洗面奶打泡机感应泡沫机绵密泡沫礼品新品懒人洗脸神器,260515-151959672411444,已收货,1	,2026-05-15 21:01:32,	,无售后或售后取消,125.06	,168.99	
趣白全自动洗面奶打泡机感应泡沫机绵密泡沫礼品新品懒人洗脸神器,260515-645555832323815,已收货,1	,2026-05-15 20:48:47,	,无售后或售后取消,135.2	,168.99	
趣白全自动洗面奶打泡机感应泡沫机绵密泡沫礼品新品懒人洗脸神器,260515-385938910740247,已收货,1	,2026-05-15 20:18:16,	,无售后或售后取消,126.75	,168.99	
趣白全自动洗面奶打泡机感应泡沫机绵密泡沫礼品新品懒人洗脸神器,260515-493040515421924,未发货，退款成功,1	,2026-05-15 19:55:29,	,退款成功,168.99	,168.99	
趣白全自动洗面奶打泡机感应泡沫机绵密泡沫礼品新品懒人洗脸神器,260515-636003325450490,已取消,1	,	,	,无售后或售后取消,168.99	,168.99	
趣白全自动洗面奶打泡机感应泡沫机绵密泡沫礼品新品懒人洗脸神器,260515-642902935072656,已发货，退款成功,1	,2026-05-15 19:05:27,	,退款成功,168.99	,168.99	
趣白全自动洗面奶打泡机感应泡沫机绵密泡沫礼品新品懒人洗脸神器,260515-649718710600379,已收货,1	,2026-05-15 18:03:02,	,无售后或售后取消,168.99	,168.99	
趣白全自动洗面奶打泡机感应泡沫机绵密泡沫礼品新品懒人洗脸神器,260515-098188726643376,已发货，退款成功,1	,2026-05-15 18:00:44,	,退款成功,153.59	,168.99	
趣白全自动洗面奶打泡机感应泡沫机绵密泡沫礼品新品懒人洗脸神器,260515-680515366450057,未发货，退款成功,1	,2026-05-15 17:54:49,	,退款成功,118.3	,168.99	
趣白全自动洗面奶打泡机感应泡沫机绵密泡沫礼品新品懒人洗脸神器,260515-013883184732990,已收货，退款成功,1	,2026-05-15 17:28:35,	,退款成功,141.96	,168.99	
趣白全自动洗面奶打泡机感应泡沫机绵密泡沫礼品新品懒人洗脸神器,260515-619383375370490,已取消,1	,	,	,无售后或售后取消,141.96	,168.99	
趣白全自动洗面奶打泡机感应泡沫机绵密泡沫礼品新品懒人洗脸神器,260515-515836547413442,已收货,1	,2026-05-15 16:50:09,	,无售后或售后取消,135.2	,168.99	
趣白全自动洗面奶打泡机感应泡沫机绵密泡沫礼品新品懒人洗脸神器,260515-103190413701179,已收货,1	,2026-05-15 16:48:15,	,无售后或售后取消,126.75	,168.99	
趣白全自动洗面奶打泡机感应泡沫机绵密泡沫礼品新品懒人洗脸神器,260515-405715064443582,已发货，退款成功,1	,2026-05-15 16:33:14,	,退款成功,141.96	,168.99	
趣白全自动洗面奶打泡机感应泡沫机绵密泡沫礼品新品懒人洗脸神器,260515-396969982321413,已收货,1	,2026-05-15 15:50:59,	,无售后或售后取消,135.2	,168.99	
趣白全自动洗面奶打泡机感应泡沫机绵密泡沫礼品新品懒人洗脸神器,260515-049335539330898,已收货,1	,2026-05-15 15:37:18,	,无售后或售后取消,133.51	,168.99	
趣白全自动洗面奶打泡机感应泡沫机绵密泡沫礼品新品懒人洗脸神器,260515-623535788320831,已收货,1	,2026-05-15 15:25:19,	,无售后或售后取消,168.99	,168.99	
趣白全自动洗面奶打泡机感应泡沫机绵密泡沫礼品新品懒人洗脸神器,260515-415676547392480,已收货,1	,2026-05-15 15:13:43,	,无售后或售后取消,130.13	,168.99	
趣白全自动洗面奶打泡机感应泡沫机绵密泡沫礼品新品懒人洗脸神器,260515-526594885150838,已收货，退款成功,1	,2026-05-15 15:19:53,	,退款成功,135.2	,168.99	
趣白全自动洗面奶打泡机感应泡沫机绵密泡沫礼品新品懒人洗脸神器,260515-209065121351941,已收货,1	,2026-05-15 14:53:11,	,无售后或售后取消,168.99	,168.99	
趣白全自动洗面奶打泡机感应泡沫机绵密泡沫礼品新品懒人洗脸神器,260515-436763379330641,已收货,1	,2026-05-15 14:18:46,	,无售后或售后取消,143.65	,168.99	
趣白全自动洗面奶打泡机感应泡沫机绵密泡沫礼品新品懒人洗脸神器,260515-045676040593929,已收货,1	,2026-05-15 14:04:17,	,无售后或售后取消,153.99	,168.99	
趣白全自动洗面奶打泡机感应泡沫机绵密泡沫礼品新品懒人洗脸神器,260515-608425766470223,已收货,1	,2026-05-15 14:03:56,	,无售后或售后取消,163.99	,168.99	
趣白全自动洗面奶打泡机感应泡沫机绵密泡沫礼品新品懒人洗脸神器,260515-051422174720224,已发货，退款成功,1	,2026-05-15 14:02:11,	,退款成功,126.75	,168.99	
趣白全自动洗面奶打泡机感应泡沫机绵密泡沫礼品新品懒人洗脸神器,260515-030597486083470,未发货，退款成功,1	,2026-05-15 14:01:56,	,退款成功,165.99	,168.99	
趣白全自动洗面奶打泡机感应泡沫机绵密泡沫礼品新品懒人洗脸神器,260515-512439150924030,已收货,1	,2026-05-15 13:42:39,	,无售后或售后取消,160.55	,168.99	
趣白全自动洗面奶打泡机感应泡沫机绵密泡沫礼品新品懒人洗脸神器,260515-377372066140919,已收货,1	,2026-05-15 13:24:40,	,无售后或售后取消,168.99	,168.99	
趣白全自动洗面奶打泡机感应泡沫机绵密泡沫礼品新品懒人洗脸神器,260515-362115264000813,已收货,1	,2026-05-15 13:11:43,	,无售后或售后取消,118.99	,168.99	
趣白全自动洗面奶打泡机感应泡沫机绵密泡沫礼品新品懒人洗脸神器,260515-647516721520610,已收货,1	,2026-05-15 12:49:41,	,无售后或售后取消,152.1	,168.99	
趣白全自动洗面奶打泡机感应泡沫机绵密泡沫礼品新品懒人洗脸神器,260515-579275353661507,已收货,1	,2026-05-15 12:31:35,	,无售后或售后取消,162.99	,168.99	
趣白全自动洗面奶打泡机感应泡沫机绵密泡沫礼品新品懒人洗脸神器,260515-667062178150365,已发货，退款成功,1	,2026-05-15 12:28:40,	,退款成功,143.65	,168.99	
趣白全自动洗面奶打泡机感应泡沫机绵密泡沫礼品新品懒人洗脸神器,260515-601840730433972,已发货，退款成功,1	,2026-05-15 12:25:35,	,退款成功,143.65	,168.99	
趣白全自动洗面奶打泡机感应泡沫机绵密泡沫礼品新品懒人洗脸神器,260515-347267449151366,已发货，退款成功,1	,2026-05-15 12:22:56,	,退款成功,138.99	,168.99	
趣白全自动洗面奶打泡机感应泡沫机绵密泡沫礼品新品懒人洗脸神器,260515-674328789422456,已收货,1	,2026-05-15 12:14:31,	,无售后或售后取消,135.2	,168.99	
趣白全自动洗面奶打泡机感应泡沫机绵密泡沫礼品新品懒人洗脸神器,260515-175919623791120,已收货,1	,2026-05-15 12:14:28,	,无售后或售后取消,168.99	,168.99	
趣白全自动洗面奶打泡机感应泡沫机绵密泡沫礼品新品懒人洗脸神器,260515-318525959731798,已取消,1	,	,	,无售后或售后取消,126.75	,168.99	
趣白全自动洗面奶打泡机感应泡沫机绵密泡沫礼品新品懒人洗脸神器,260515-037832671531755,已取消,1	,	,	,无售后或售后取消,118.3	,168.99	
趣白全自动洗面奶打泡机感应泡沫机绵密泡沫礼品新品懒人洗脸神器,260515-197027500323295,已收货,1	,2026-05-15 11:50:49,	,无售后或售后取消,143.65	,168.99	
趣白全自动洗面奶打泡机感应泡沫机绵密泡沫礼品新品懒人洗脸神器,260515-539691661623889,已收货,1	,2026-05-15 11:21:33,	,无售后或售后取消,147.03	,168.99	
趣白全自动洗面奶打泡机感应泡沫机绵密泡沫礼品新品懒人洗脸神器,260515-504690122293502,未发货，退款成功,1	,2026-05-15 11:08:22,	,退款成功,160.54	,168.99	
趣白全自动洗面奶打泡机感应泡沫机绵密泡沫礼品新品懒人洗脸神器,260515-474386338081039,已发货，退款成功,1	,2026-05-15 10:55:07,	,退款成功,168.99	,168.99	
趣白全自动洗面奶打泡机感应泡沫机绵密泡沫礼品新品懒人洗脸神器,260515-153343782411201,已收货,1	,2026-05-15 10:53:28,	,无售后或售后取消,118.3	,168.99	
趣白全自动洗面奶打泡机感应泡沫机绵密泡沫礼品新品懒人洗脸神器,260515-191449055641354,已收货,1	,2026-05-15 10:38:14,	,无售后或售后取消,126.75	,168.99	
趣白全自动洗面奶打泡机感应泡沫机绵密泡沫礼品新品懒人洗脸神器,260515-229522850193220,已收货,1	,2026-05-15 10:37:24,	,无售后或售后取消,143.65	,168.99	
趣白全自动洗面奶打泡机感应泡沫机绵密泡沫礼品新品懒人洗脸神器,260515-677893958061186,已取消,1	,	,	,无售后或售后取消,168.99	,168.99	
趣白全自动洗面奶打泡机感应泡沫机绵密泡沫礼品新品懒人洗脸神器,260515-211518810401109,已收货,1	,2026-05-15 10:35:29,	,无售后或售后取消,126.75	,168.99	
趣白全自动洗面奶打泡机感应泡沫机绵密泡沫礼品新品懒人洗脸神器,260515-131669748021896,已收货,1	,2026-05-15 10:27:45,	,无售后或售后取消,126.75	,168.99	
趣白全自动洗面奶打泡机感应泡沫机绵密泡沫礼品新品懒人洗脸神器,260515-018958334303434,已收货,1	,2026-05-15 10:22:32,	,无售后或售后取消,135.2	,168.99	
趣白全自动洗面奶打泡机感应泡沫机绵密泡沫礼品新品懒人洗脸神器,260515-639044237703387,已收货,1	,2026-05-15 09:52:04,	,无售后或售后取消,152.1	,168.99	
趣白全自动洗面奶打泡机感应泡沫机绵密泡沫礼品新品懒人洗脸神器,260515-663297790380689,未发货，退款成功,1	,2026-05-15 09:17:40,	,退款成功,168.99	,168.99	
趣白全自动洗面奶打泡机感应泡沫机绵密泡沫礼品新品懒人洗脸神器,260515-096217403703557,未发货，退款成功,1	,2026-05-15 08:57:35,	,退款成功,158.86	,168.99	
趣白全自动洗面奶打泡机感应泡沫机绵密泡沫礼品新品懒人洗脸神器,260515-067706570293508,已取消,1	,	,	,无售后或售后取消,158.99	,168.99	
趣白全自动洗面奶打泡机感应泡沫机绵密泡沫礼品新品懒人洗脸神器,260515-191889436192186,已收货，退款成功,1	,2026-05-15 08:22:48,(收)[1877214163146]*[1]#,退款成功,118.3	,168.99	
趣白全自动洗面奶打泡机感应泡沫机绵密泡沫礼品新品懒人洗脸神器,260515-621658775152279,已发货，退款成功,1	,2026-05-15 08:21:00,	,退款成功,126.75	,168.99	
趣白全自动洗面奶打泡机感应泡沫机绵密泡沫礼品新品懒人洗脸神器,260515-139722780243962,已收货,1	,2026-05-15 08:20:26,	,无售后或售后取消,160.55	,168.99	
趣白全自动洗面奶打泡机感应泡沫机绵密泡沫礼品新品懒人洗脸神器,260515-137594181263608,已收货,1	,2026-05-15 08:03:32,	,无售后或售后取消,118.3	,168.99	
趣白全自动洗面奶打泡机感应泡沫机绵密泡沫礼品新品懒人洗脸神器,260515-662008000050138,已收货,1	,2026-05-15 07:59:33,	,无售后或售后取消,118.3	,168.99	
趣白全自动洗面奶打泡机感应泡沫机绵密泡沫礼品新品懒人洗脸神器,260515-309130760633472,已收货,1	,2026-05-15 07:41:19,	,无售后或售后取消,126.75	,168.99	
趣白全自动洗面奶打泡机感应泡沫机绵密泡沫礼品新品懒人洗脸神器,260515-455144968523335,已取消,1	,	,	,无售后或售后取消,168.99	,168.99	
趣白全自动洗面奶打泡机感应泡沫机绵密泡沫礼品新品懒人洗脸神器,260515-053320159533331,已收货,1	,2026-05-15 07:04:52,	,无售后或售后取消,147.03	,168.99	
趣白全自动洗面奶打泡机感应泡沫机绵密泡沫礼品新品懒人洗脸神器,260515-097192569243338,已收货,1	,2026-05-15 07:02:40,	,无售后或售后取消,118.99	,168.99	
趣白全自动洗面奶打泡机感应泡沫机绵密泡沫礼品新品懒人洗脸神器,260515-014910820730335,已发货，退款成功,1	,2026-05-15 06:53:24,	,退款成功,168.99	,168.99	
趣白全自动洗面奶打泡机感应泡沫机绵密泡沫礼品新品懒人洗脸神器,260515-241340322153150,已取消,1	,	,	,无售后或售后取消,135.2	,168.99	
趣白全自动洗面奶打泡机感应泡沫机绵密泡沫礼品新品懒人洗脸神器,260515-579705311552852,未发货，退款成功,1	,2026-05-15 04:08:40,	,退款成功,152.1	,168.99	
趣白全自动洗面奶打泡机感应泡沫机绵密泡沫礼品新品懒人洗脸神器,260515-568883975780353,未发货，退款成功,1	,2026-05-15 04:05:19,	,退款成功,135.2	,168.99	
趣白全自动洗面奶打泡机感应泡沫机绵密泡沫礼品新品懒人洗脸神器,260515-020971579750661,已收货，退款成功,1	,2026-05-15 03:55:23,	,退款成功,143.65	,168.99	
趣白全自动洗面奶打泡机感应泡沫机绵密泡沫礼品新品懒人洗脸神器,260515-280525586790934,已收货,1	,2026-05-15 02:20:39,	,无售后或售后取消,143.65	,168.99	
趣白全自动洗面奶打泡机感应泡沫机绵密泡沫礼品新品懒人洗脸神器,260515-672577667451751,已取消,1	,	,	,无售后或售后取消,168.99	,168.99	
趣白全自动洗面奶打泡机感应泡沫机绵密泡沫礼品新品懒人洗脸神器,260515-684258814353307,已收货,1	,2026-05-15 01:14:06,	,无售后或售后取消,126.75	,168.99	
趣白全自动洗面奶打泡机感应泡沫机绵密泡沫礼品新品懒人洗脸神器,260515-472446482771552,已收货,1	,2026-05-15 00:24:52,	,无售后或售后取消,135.2	,168.99	
趣白全自动洗面奶打泡机感应泡沫机绵密泡沫礼品新品懒人洗脸神器,260515-340661440853271,已收货,1	,2026-05-15 00:20:56,	,无售后或售后取消,135.2	,168.99	
趣白全自动洗面奶打泡机感应泡沫机绵密泡沫礼品新品懒人洗脸神器,260515-246625113732577,已发货，退款成功,1	,2026-05-15 00:11:36,	,退款成功,147.03	,168.99	
趣白全自动洗面奶打泡机感应泡沫机绵密泡沫礼品新品懒人洗脸神器,260515-399339743650253,已收货,1	,2026-05-15 00:01:01,	,无售后或售后取消,133.51	,168.99	
趣白全自动洗面奶打泡机感应泡沫机绵密泡沫礼品新品懒人洗脸神器,260514-562288464273081,已收货,1	,2026-05-14 23:49:03,	,无售后或售后取消,143.65	,168.99	
趣白全自动洗面奶打泡机感应泡沫机绵密泡沫礼品新品懒人洗脸神器,260514-012687829302760,未发货，退款成功,1	,2026-05-14 23:40:46,	,退款成功,165.99	,168.99	
趣白全自动洗面奶打泡机感应泡沫机绵密泡沫礼品新品懒人洗脸神器,260514-586112048680886,已收货,1	,2026-05-14 23:27:22,	,无售后或售后取消,135.2	,168.99	
趣白全自动洗面奶打泡机感应泡沫机绵密泡沫礼品新品懒人洗脸神器,260514-430293685882072,已收货,1	,2026-05-14 23:21:36,	,无售后或售后取消,143.65	,168.99	
趣白全自动洗面奶打泡机感应泡沫机绵密泡沫礼品新品懒人洗脸神器,260514-370032023152997,已发货，待收货,1	,2026-05-14 23:18:25,	,无售后或售后取消,133.51	,168.99	
趣白全自动洗面奶打泡机感应泡沫机绵密泡沫礼品新品懒人洗脸神器,260514-667166994030378,未发货，退款成功,1	,2026-05-14 22:59:49,	,退款成功,143.65	,168.99	
趣白全自动洗面奶打泡机感应泡沫机绵密泡沫礼品新品懒人洗脸神器,260514-573917182313829,已收货,2	,2026-05-14 22:45:07,	,无售后或售后取消,267.69	,334.61	
趣白全自动洗面奶打泡机感应泡沫机绵密泡沫礼品新品懒人洗脸神器,260514-350371223061083,已收货,1	,2026-05-14 22:38:27,	,无售后或售后取消,168.99	,168.99	
趣白全自动洗面奶打泡机感应泡沫机绵密泡沫礼品新品懒人洗脸神器,260514-506357420321577,已收货,1	,2026-05-14 22:36:56,	,无售后或售后取消,152.1	,168.99	
趣白全自动洗面奶打泡机感应泡沫机绵密泡沫礼品新品懒人洗脸神器,260514-535738478110103,已收货,1	,2026-05-14 22:13:24,	,无售后或售后取消,143.65	,168.99	
趣白全自动洗面奶打泡机感应泡沫机绵密泡沫礼品新品懒人洗脸神器,260514-014176755251459,已发货，退款成功,1	,2026-05-14 22:12:25,	,退款成功,143.65	,168.99	
趣白全自动洗面奶打泡机感应泡沫机绵密泡沫礼品新品懒人洗脸神器,260514-468713531721411,已收货,1	,2026-05-14 21:40:59,	,无售后或售后取消,126.75	,168.99	
趣白全自动洗面奶打泡机感应泡沫机绵密泡沫礼品新品懒人洗脸神器,260514-561596341762628,已收货,1	,2026-05-14 21:09:06,	,无售后或售后取消,126.75	,168.99	
趣白全自动洗面奶打泡机感应泡沫机绵密泡沫礼品新品懒人洗脸神器,260514-221291497031277,已收货,1	,2026-05-14 20:28:49,	,无售后或售后取消,135.2	,168.99	
趣白全自动洗面奶打泡机感应泡沫机绵密泡沫礼品新品懒人洗脸神器,260514-011135895131169,已取消,1	,	,	,无售后或售后取消,118.3	,168.99	
趣白全自动洗面奶打泡机感应泡沫机绵密泡沫礼品新品懒人洗脸神器,260514-472341552742852,已收货,1	,2026-05-14 20:25:26,	,无售后或售后取消,133.99	,168.99	
趣白全自动洗面奶打泡机感应泡沫机绵密泡沫礼品新品懒人洗脸神器,260514-095546325373228,已收货,1	,2026-05-14 20:17:02,	,无售后或售后取消,147.03	,168.99	
趣白全自动洗面奶打泡机感应泡沫机绵密泡沫礼品新品懒人洗脸神器,260514-537437150811169,已取消,1	,	,	,无售后或售后取消,118.3	,168.99	
趣白全自动洗面奶打泡机感应泡沫机绵密泡沫礼品新品懒人洗脸神器,260514-228694453833998,已收货,1	,2026-05-14 19:59:38,	,无售后或售后取消,165.99	,168.99	
趣白全自动洗面奶打泡机感应泡沫机绵密泡沫礼品新品懒人洗脸神器,260514-494592335473995,已收货,1	,2026-05-14 19:55:45,	,无售后或售后取消,168.99	,168.99	
趣白全自动洗面奶打泡机感应泡沫机绵密泡沫礼品新品懒人洗脸神器,260514-604084672002619,已收货,1	,2026-05-14 19:31:34,	,无售后或售后取消,126.75	,168.99	
趣白全自动洗面奶打泡机感应泡沫机绵密泡沫礼品新品懒人洗脸神器,260514-204902243990363,已收货,1	,2026-05-14 19:07:28,	,无售后或售后取消,168.99	,168.99	
趣白全自动洗面奶打泡机感应泡沫机绵密泡沫礼品新品懒人洗脸神器,260514-539911842111819,已收货,1	,2026-05-14 18:38:12,	,无售后或售后取消,162.99	,168.99	
趣白全自动洗面奶打泡机感应泡沫机绵密泡沫礼品新品懒人洗脸神器,260514-015015657890773,已收货,1	,2026-05-14 18:35:38,	,无售后或售后取消,168.99	,168.99	
趣白全自动洗面奶打泡机感应泡沫机绵密泡沫礼品新品懒人洗脸神器,260514-667502538302414,已收货,1	,2026-05-14 18:29:53,	,无售后或售后取消,126.75	,168.99	
趣白全自动洗面奶打泡机感应泡沫机绵密泡沫礼品新品懒人洗脸神器,260514-308900053340855,已发货，退款成功,1	,2026-05-14 18:24:33,	,退款成功,135.2	,168.99	
趣白全自动洗面奶打泡机感应泡沫机绵密泡沫礼品新品懒人洗脸神器,260514-013065316713471,已收货,1	,2026-05-14 18:53:38,	,无售后或售后取消,135.2	,168.99	
趣白全自动洗面奶打泡机感应泡沫机绵密泡沫礼品新品懒人洗脸神器,260514-465819409940628,已收货,1	,2026-05-14 18:06:18,	,无售后或售后取消,126.75	,168.99	
趣白全自动洗面奶打泡机感应泡沫机绵密泡沫礼品新品懒人洗脸神器,260514-569806722581598,已收货，退款成功,1	,2026-05-14 17:54:06,(收)[QBPH004]*[1]#,退款成功,138.58	,168.99	
趣白全自动洗面奶打泡机感应泡沫机绵密泡沫礼品新品懒人洗脸神器,260514-619215593032887,已收货,1	,2026-05-14 17:59:42,	,无售后或售后取消,126.75	,168.99	
趣白全自动洗面奶打泡机感应泡沫机绵密泡沫礼品新品懒人洗脸神器,260514-172469850433776,已收货,1	,2026-05-14 17:35:48,	,无售后或售后取消,126.75	,168.99	
趣白全自动洗面奶打泡机感应泡沫机绵密泡沫礼品新品懒人洗脸神器,260514-204944239012088,已收货,1	,2026-05-14 17:18:53,换单只发配件,无售后或售后取消,143.65	,168.99	
趣白全自动洗面奶打泡机感应泡沫机绵密泡沫礼品新品懒人洗脸神器,260514-664021307821964,已收货,1	,2026-05-14 17:12:20,	,无售后或售后取消,140.27	,168.99	
趣白全自动洗面奶打泡机感应泡沫机绵密泡沫礼品新品懒人洗脸神器,260514-197467870793859,已收货，退款成功,1	,2026-05-14 17:11:10,(收)[QBPH004]*[1]#,退款成功,148.99	,168.99	
趣白全自动洗面奶打泡机感应泡沫机绵密泡沫礼品新品懒人洗脸神器,260514-539534365092835,已收货,1	,2026-05-14 16:47:27,	,无售后或售后取消,143.65	,168.99	
趣白全自动洗面奶打泡机感应泡沫机绵密泡沫礼品新品懒人洗脸神器,260514-093595932310227,已收货,1	,2026-05-14 16:46:15,	,无售后或售后取消,130.13	,168.99	
趣白全自动洗面奶打泡机感应泡沫机绵密泡沫礼品新品懒人洗脸神器,260514-086832617063862,已收货,1	,2026-05-14 16:24:25,	,无售后或售后取消,168.99	,168.99	
趣白全自动洗面奶打泡机感应泡沫机绵密泡沫礼品新品懒人洗脸神器,260514-683472392513293,已发货，退款成功,1	,2026-05-14 16:10:28,	,退款成功,138.58	,168.99	
趣白全自动洗面奶打泡机感应泡沫机绵密泡沫礼品新品懒人洗脸神器,260514-280546547353437,已收货,1	,2026-05-14 16:09:22,	,无售后或售后取消,143.65	,168.99	
趣白全自动洗面奶打泡机感应泡沫机绵密泡沫礼品新品懒人洗脸神器,260514-406186903100956,已取消,1	,	,	,无售后或售后取消,143.65	,168.99	
趣白全自动洗面奶打泡机感应泡沫机绵密泡沫礼品新品懒人洗脸神器,260514-619813312060956,已取消,1	,	,	,无售后或售后取消,152.1	,168.99	
趣白全自动洗面奶打泡机感应泡沫机绵密泡沫礼品新品懒人洗脸神器,260514-513529670041327,已取消,1	,	,	,无售后或售后取消,135.2	,168.99	
趣白全自动洗面奶打泡机感应泡沫机绵密泡沫礼品新品懒人洗脸神器,260514-586290379151348,已收货,1	,2026-05-14 15:35:58,	,无售后或售后取消,148.99	,168.99	
趣白全自动洗面奶打泡机感应泡沫机绵密泡沫礼品新品懒人洗脸神器,260514-477332816203467,已取消,1	,	,	,无售后或售后取消,118.3	,168.99	
趣白全自动洗面奶打泡机感应泡沫机绵密泡沫礼品新品懒人洗脸神器,260514-462977831232135,已发货，退款成功,1	,2026-05-14 15:12:45,	,退款成功,153.99	,168.99	
趣白全自动洗面奶打泡机感应泡沫机绵密泡沫礼品新品懒人洗脸神器,260514-350150991483867,已收货,1	,2026-05-14 15:09:06,	,无售后或售后取消,160.55	,168.99	
趣白全自动洗面奶打泡机感应泡沫机绵密泡沫礼品新品懒人洗脸神器,260514-118405230083874,已收货,1	,2026-05-14 14:58:27,	,无售后或售后取消,148.72	,168.99	
趣白全自动洗面奶打泡机感应泡沫机绵密泡沫礼品新品懒人洗脸神器,260514-554874969692116,已取消,1	,	,	,无售后或售后取消,168.99	,168.99	
趣白全自动洗面奶打泡机感应泡沫机绵密泡沫礼品新品懒人洗脸神器,260514-151749988733476,已收货，退款成功,1	,2026-05-14 14:48:22,	,退款成功,135.2	,168.99	
趣白全自动洗面奶打泡机感应泡沫机绵密泡沫礼品新品懒人洗脸神器,260514-060901353852405,已收货，退款成功,1	,2026-05-14 14:33:45,	,退款成功,165.99	,168.99	
趣白全自动洗面奶打泡机感应泡沫机绵密泡沫礼品新品懒人洗脸神器,260514-071691221401152,已收货，退款成功,1	,2026-05-14 14:27:38,	,退款成功,135.2	,168.99	
趣白全自动洗面奶打泡机感应泡沫机绵密泡沫礼品新品懒人洗脸神器,260514-021768476253445,已收货,1	,2026-05-14 14:14:03,	,无售后或售后取消,118.3	,168.99	
趣白全自动洗面奶打泡机感应泡沫机绵密泡沫礼品新品懒人洗脸神器,260514-489538271563335,已取消,1	,	,	,无售后或售后取消,168.99	,168.99	
趣白全自动洗面奶打泡机感应泡沫机绵密泡沫礼品新品懒人洗脸神器,260514-450143229510909,已收货,1	,2026-05-14 13:57:09,	,无售后或售后取消,118.3	,168.99	
趣白全自动洗面奶打泡机感应泡沫机绵密泡沫礼品新品懒人洗脸神器,260514-165182237091341,已收货,1	,2026-05-14 13:27:55,	,无售后或售后取消,126.75	,168.99	
趣白全自动洗面奶打泡机感应泡沫机绵密泡沫礼品新品懒人洗脸神器,260514-456885542491598,已收货,1	,2026-05-14 13:19:33,	,无售后或售后取消,168.99	,168.99	
趣白全自动洗面奶打泡机感应泡沫机绵密泡沫礼品新品懒人洗脸神器,260514-277558116713777,已收货,1	,2026-05-14 13:17:29,	,无售后或售后取消,168.99	,168.99	
趣白全自动洗面奶打泡机感应泡沫机绵密泡沫礼品新品懒人洗脸神器,260514-648533808690032,已发货，待收货,1	,2026-05-14 13:03:07,	,无售后或售后取消,168.99	,168.99	
趣白全自动洗面奶打泡机感应泡沫机绵密泡沫礼品新品懒人洗脸神器,260514-087577105921012,已取消,1	,	,	,无售后或售后取消,168.99	,168.99	
趣白全自动洗面奶打泡机感应泡沫机绵密泡沫礼品新品懒人洗脸神器,260514-265834995313496,已收货,1	,2026-05-14 12:52:03,	,无售后或售后取消,168.99	,168.99	
趣白全自动洗面奶打泡机感应泡沫机绵密泡沫礼品新品懒人洗脸神器,260514-156059604542371,已发货，退款成功,1	,2026-05-14 12:47:12,	,退款成功,143.65	,168.99	
趣白全自动洗面奶打泡机感应泡沫机绵密泡沫礼品新品懒人洗脸神器,260514-321126449553774,未发货，退款成功,1	,2026-05-14 12:43:50,	,退款成功,168.99	,168.99	
趣白全自动洗面奶打泡机感应泡沫机绵密泡沫礼品新品懒人洗脸神器,260514-550932354653879,已收货,1	,2026-05-14 12:41:21,	,无售后或售后取消,118.3	,168.99	
趣白全自动洗面奶打泡机感应泡沫机绵密泡沫礼品新品懒人洗脸神器,260514-435851180380279,已收货,1	,2026-05-14 12:31:54,	,无售后或售后取消,135.2	,168.99	
趣白全自动洗面奶打泡机感应泡沫机绵密泡沫礼品新品懒人洗脸神器,260514-397494228581850,已发货，退款成功,1	,2026-05-14 12:30:51,	,退款成功,168.99	,168.99	
趣白全自动洗面奶打泡机感应泡沫机绵密泡沫礼品新品懒人洗脸神器,260514-205741135492049,已收货,1	,2026-05-14 12:14:50,	,无售后或售后取消,143.65	,168.99	
趣白全自动洗面奶打泡机感应泡沫机绵密泡沫礼品新品懒人洗脸神器,260514-054504998472068,已发货，退款成功,1	,2026-05-14 12:05:28,	,退款成功,168.99	,168.99	
趣白全自动洗面奶打泡机感应泡沫机绵密泡沫礼品新品懒人洗脸神器,260514-390133194381462,已收货,1	,2026-05-14 11:58:49,	,无售后或售后取消,126.75	,168.99	
趣白全自动洗面奶打泡机感应泡沫机绵密泡沫礼品新品懒人洗脸神器,260514-255789667920160,已收货,1	,2026-05-14 11:55:12,	,无售后或售后取消,135.2	,168.99	
趣白全自动洗面奶打泡机感应泡沫机绵密泡沫礼品新品懒人洗脸神器,260514-409961797141411,已发货，退款成功,1	,2026-05-14 11:41:18,	,退款成功,135.2	,168.99	
趣白全自动洗面奶打泡机感应泡沫机绵密泡沫礼品新品懒人洗脸神器,260514-228673461813065,未发货，退款成功,1	,2026-05-14 11:09:02,	,退款成功,168.99	,168.99	
趣白全自动洗面奶打泡机感应泡沫机绵密泡沫礼品新品懒人洗脸神器,260514-578793019013079,已发货，退款成功,1	,2026-05-14 11:03:57,	,退款成功,168.99	,168.99	
趣白全自动洗面奶打泡机感应泡沫机绵密泡沫礼品新品懒人洗脸神器,260514-476651262263758,已收货,1	,2026-05-14 11:02:56,	,无售后或售后取消,118.3	,168.99	
趣白全自动洗面奶打泡机感应泡沫机绵密泡沫礼品新品懒人洗脸神器,260514-606915869060457,已收货,1	,2026-05-14 11:02:40,	,无售后或售后取消,168.99	,168.99	
趣白全自动洗面奶打泡机感应泡沫机绵密泡沫礼品新品懒人洗脸神器,260514-656754613902952,已发货，退款成功,1	,2026-05-14 11:02:28,	,退款成功,168.99	,168.99	
趣白全自动洗面奶打泡机感应泡沫机绵密泡沫礼品新品懒人洗脸神器,260514-554046667151908,已取消,1	,	,	,无售后或售后取消,141.96	,168.99	
趣白全自动洗面奶打泡机感应泡沫机绵密泡沫礼品新品懒人洗脸神器,260514-022324221590278,已发货，退款成功,1	,2026-05-14 10:55:13,	,退款成功,168.99	,168.99	
趣白全自动洗面奶打泡机感应泡沫机绵密泡沫礼品新品懒人洗脸神器,260514-593242438053983,已收货,1	,2026-05-14 10:48:28,	,无售后或售后取消,135.2	,168.99	
趣白全自动洗面奶打泡机感应泡沫机绵密泡沫礼品新品懒人洗脸神器,260514-344415353270969,已收货,1	,2026-05-14 10:36:36,	,无售后或售后取消,118.3	,168.99	
趣白全自动洗面奶打泡机感应泡沫机绵密泡沫礼品新品懒人洗脸神器,260514-596010647872090,已取消,1	,	,	,无售后或售后取消,126.75	,168.99	
趣白全自动洗面奶打泡机感应泡沫机绵密泡沫礼品新品懒人洗脸神器,260514-407938066782794,已取消,1	,	,	,无售后或售后取消,168.99	,168.99	
趣白全自动洗面奶打泡机感应泡沫机绵密泡沫礼品新品懒人洗脸神器,260514-411041851801595,已发货，退款成功,1	,2026-05-14 10:17:44,	,退款成功,168.99	,168.99	
趣白全自动洗面奶打泡机感应泡沫机绵密泡沫礼品新品懒人洗脸神器,260514-462610767462859,已收货,1	,2026-05-14 10:14:39,	,无售后或售后取消,135.2	,168.99	
趣白全自动洗面奶打泡机感应泡沫机绵密泡沫礼品新品懒人洗脸神器,260514-544976422410428,未发货，退款成功,1	,2026-05-14 10:08:26,	,退款成功,168.99	,168.99	
趣白全自动洗面奶打泡机感应泡沫机绵密泡沫礼品新品懒人洗脸神器,260514-480195459483110,未发货，退款成功,2	,2026-05-14 10:07:13,	,退款成功,308.68	,334.61	
趣白全自动洗面奶打泡机感应泡沫机绵密泡沫礼品新品懒人洗脸神器,260514-636192110910069,已收货,1	,2026-05-14 10:06:24,	,无售后或售后取消,143.65	,168.99	
趣白全自动洗面奶打泡机感应泡沫机绵密泡沫礼品新品懒人洗脸神器,260514-513309427290098,已收货,1	,2026-05-14 10:02:33,	,无售后或售后取消,126.75	,168.99	
趣白全自动洗面奶打泡机感应泡沫机绵密泡沫礼品新品懒人洗脸神器,260514-641434970532761,已收货,1	,2026-05-14 09:55:48,	,无售后或售后取消,135.2	,168.99	
趣白全自动洗面奶打泡机感应泡沫机绵密泡沫礼品新品懒人洗脸神器,260514-176706107791908,已取消,1	,	,	,无售后或售后取消,140.27	,168.99	
趣白全自动洗面奶打泡机感应泡沫机绵密泡沫礼品新品懒人洗脸神器,260514-373985186201162,已收货,1	,2026-05-14 09:17:43,	,无售后或售后取消,135.2	,168.99	
趣白全自动洗面奶打泡机感应泡沫机绵密泡沫礼品新品懒人洗脸神器,260514-175038871940574,已收货,1	,2026-05-14 09:09:41,	,无售后或售后取消,168.99	,168.99	
趣白全自动洗面奶打泡机感应泡沫机绵密泡沫礼品新品懒人洗脸神器,260514-539177838910638,已取消,1	,	,	,无售后或售后取消,165.99	,168.99	
趣白全自动洗面奶打泡机感应泡沫机绵密泡沫礼品新品懒人洗脸神器,260514-042918233602209,已收货,1	,2026-05-14 08:54:48,	,无售后或售后取消,118.99	,168.99	
趣白全自动洗面奶打泡机感应泡沫机绵密泡沫礼品新品懒人洗脸神器,260514-660686846271560,已收货,1	,2026-05-14 08:47:52,	,无售后或售后取消,168.99	,168.99	
趣白全自动洗面奶打泡机感应泡沫机绵密泡沫礼品新品懒人洗脸神器,260514-096217372181644,已收货,1	,2026-05-14 08:39:05,	,无售后或售后取消,168.99	,168.99	
趣白全自动洗面奶打泡机感应泡沫机绵密泡沫礼品新品懒人洗脸神器,260514-264010493441516,已收货,1	,2026-05-14 08:17:35,	,无售后或售后取消,140.27	,168.99	
趣白全自动洗面奶打泡机感应泡沫机绵密泡沫礼品新品懒人洗脸神器,260514-193745405442582,已取消,1	,	,	,无售后或售后取消,140.27	,168.99	
趣白全自动洗面奶打泡机感应泡沫机绵密泡沫礼品新品懒人洗脸神器,260514-047689286070292,已收货,1	,2026-05-14 08:14:42,	,无售后或售后取消,158.99	,168.99	
趣白全自动洗面奶打泡机感应泡沫机绵密泡沫礼品新品懒人洗脸神器,260514-077720533401893,已收货,1	,2026-05-14 07:52:57,	,无售后或售后取消,136.89	,168.99	
趣白全自动洗面奶打泡机感应泡沫机绵密泡沫礼品新品懒人洗脸神器,260514-478150715691356,已收货,1	,2026-05-14 07:51:41,	,无售后或售后取消,126.75	,168.99	
趣白全自动洗面奶打泡机感应泡沫机绵密泡沫礼品新品懒人洗脸神器,260514-515899472212561,已收货,1	,2026-05-14 07:12:38,	,无售后或售后取消,168.99	,168.99	
趣白全自动洗面奶打泡机感应泡沫机绵密泡沫礼品新品懒人洗脸神器,260514-671476672913227,已发货，退款成功,1	,2026-05-14 07:12:17,	,退款成功,126.75	,168.99	
趣白全自动洗面奶打泡机感应泡沫机绵密泡沫礼品新品懒人洗脸神器,260514-198862487892561,已取消,1	,	,	,无售后或售后取消,168.99	,168.99	
趣白全自动洗面奶打泡机感应泡沫机绵密泡沫礼品新品懒人洗脸神器,260514-209432112731397,已收货，退款成功,1	,2026-05-14 07:09:40,	,退款成功,168.99	,168.99	
趣白全自动洗面奶打泡机感应泡沫机绵密泡沫礼品新品懒人洗脸神器,260514-406302308752464,已收货,1	,2026-05-14 06:54:33,	,无售后或售后取消,133.51	,168.99	
趣白全自动洗面奶打泡机感应泡沫机绵密泡沫礼品新品懒人洗脸神器,260514-645597785702298,已收货,1	,2026-05-14 04:25:24,	,无售后或售后取消,135.2	,168.99	
趣白全自动洗面奶打泡机感应泡沫机绵密泡沫礼品新品懒人洗脸神器,260514-082795599512338,已收货,1	,2026-05-14 01:47:59,	,无售后或售后取消,159.99	,168.99	
趣白全自动洗面奶打泡机感应泡沫机绵密泡沫礼品新品懒人洗脸神器,260514-620431941140335,已收货,1	,2026-05-14 01:15:00,	,无售后或售后取消,168.99	,168.99	
趣白全自动洗面奶打泡机感应泡沫机绵密泡沫礼品新品懒人洗脸神器,260513-292741497180518,已收货,1	,2026-05-13 23:52:10,	,无售后或售后取消,168.99	,168.99	
趣白全自动洗面奶打泡机感应泡沫机绵密泡沫礼品新品懒人洗脸神器,260513-290864524911776,已发货，退款成功,1	,2026-05-13 23:37:57,	,退款成功,165.99	,168.99	
趣白全自动洗面奶打泡机感应泡沫机绵密泡沫礼品新品懒人洗脸神器,260513-294555522683518,已收货,1	,2026-05-13 23:35:19,	,无售后或售后取消,135.2	,168.99	
趣白全自动洗面奶打泡机感应泡沫机绵密泡沫礼品新品懒人洗脸神器,260513-468713510490455,未发货，退款成功,1	,2026-05-13 23:19:48,	,退款成功,133.51	,168.99	
趣白全自动洗面奶打泡机感应泡沫机绵密泡沫礼品新品懒人洗脸神器,260513-261095494060007,已收货,1	,2026-05-13 23:08:18,	,无售后或售后取消,133.51	,168.99	
趣白全自动洗面奶打泡机感应泡沫机绵密泡沫礼品新品懒人洗脸神器,260513-112029867633166,已收货,1	,2026-05-13 23:02:04,	,无售后或售后取消,135.2	,168.99	
趣白全自动洗面奶打泡机感应泡沫机绵密泡沫礼品新品懒人洗脸神器,260513-562990978711734,已发货，退款成功,1	,2026-05-13 22:43:56,	,退款成功,148.72	,168.99	
趣白全自动洗面奶打泡机感应泡沫机绵密泡沫礼品新品懒人洗脸神器,260513-294618478962302,已收货,1	,2026-05-13 22:42:33,	,无售后或售后取消,135.2	,168.99	
趣白全自动洗面奶打泡机感应泡沫机绵密泡沫礼品新品懒人洗脸神器,260513-444543802962556,已收货,1	,2026-05-13 22:24:40,	,无售后或售后取消,126.75	,168.99	
趣白全自动洗面奶打泡机感应泡沫机绵密泡沫礼品新品懒人洗脸神器,260513-480342187552723,已收货,1	,2026-05-13 22:11:39,	,无售后或售后取消,126.75	,168.99	
趣白全自动洗面奶打泡机感应泡沫机绵密泡沫礼品新品懒人洗脸神器,260513-530453707180118,已收货,1	,2026-05-13 21:53:59,	,无售后或售后取消,163.76	,168.99	
趣白全自动洗面奶打泡机感应泡沫机绵密泡沫礼品新品懒人洗脸神器,260513-460744343973568,已发货，待收货,1	,2026-05-13 21:48:38,	,无售后或售后取消,168.99	,168.99	
趣白全自动洗面奶打泡机感应泡沫机绵密泡沫礼品新品懒人洗脸神器,260513-201599291721995,已发货，退款成功,1	,2026-05-13 21:36:57,	,退款成功,168.99	,168.99	
趣白全自动洗面奶打泡机感应泡沫机绵密泡沫礼品新品懒人洗脸神器,260513-373848850824068,已收货,1	,2026-05-13 21:21:11,	,无售后或售后取消,133.51	,168.99	
趣白全自动洗面奶打泡机感应泡沫机绵密泡沫礼品新品懒人洗脸神器,260513-022838013491798,已取消,1	,	,	,无售后或售后取消,131.82	,168.99	
趣白全自动洗面奶打泡机感应泡沫机绵密泡沫礼品新品懒人洗脸神器,260513-051527042673072,已收货,1	,2026-05-13 20:47:29,	,无售后或售后取消,168.99	,168.99	
趣白全自动洗面奶打泡机感应泡沫机绵密泡沫礼品新品懒人洗脸神器,260513-190306107771555,已收货,1	,2026-05-13 20:21:06,	,无售后或售后取消,118.3	,168.99	
趣白全自动洗面奶打泡机感应泡沫机绵密泡沫礼品新品懒人洗脸神器,260513-170708201031100,已收货,1	,2026-05-13 20:00:02,	,无售后或售后取消,126.75	,168.99	
趣白全自动洗面奶打泡机感应泡沫机绵密泡沫礼品新品懒人洗脸神器,260513-634115858014002,未发货，退款成功,1	,2026-05-13 19:56:06,	,退款成功,141.96	,168.99	
趣白全自动洗面奶打泡机感应泡沫机绵密泡沫礼品新品懒人洗脸神器,260513-385414633071087,已发货，退款成功,1	,2026-05-13 19:45:18,	,退款成功,168.99	,168.99	
趣白全自动洗面奶打泡机感应泡沫机绵密泡沫礼品新品懒人洗脸神器,260513-225548777872334,已收货,1	,2026-05-13 19:38:24,	,无售后或售后取消,126.75	,168.99	
趣白全自动洗面奶打泡机感应泡沫机绵密泡沫礼品新品懒人洗脸神器,260513-315715786273102,已收货,1	,2026-05-14 08:09:46,	,无售后或售后取消,143.65	,168.99	
趣白全自动洗面奶打泡机感应泡沫机绵密泡沫礼品新品懒人洗脸神器,260513-481977986611820,已收货,1	,2026-05-13 18:25:30,	,无售后或售后取消,160.55	,168.99	
趣白全自动洗面奶打泡机感应泡沫机绵密泡沫礼品新品懒人洗脸神器,260513-415582175643606,已收货,1	,2026-05-13 18:23:25,	,无售后或售后取消,160.55	,168.99	
趣白全自动洗面奶打泡机感应泡沫机绵密泡沫礼品新品懒人洗脸神器,260513-560537342303431,已收货,1	,2026-05-13 18:04:05,	,无售后或售后取消,145.34	,168.99	
趣白全自动洗面奶打泡机感应泡沫机绵密泡沫礼品新品懒人洗脸神器,260513-138579842700591,未发货，退款成功,1	,2026-05-13 18:02:30,	,退款成功,148.72	,168.99	
趣白全自动洗面奶打泡机感应泡沫机绵密泡沫礼品新品懒人洗脸神器,260513-411639529781498,已收货,1	,2026-05-13 17:43:10,	,无售后或售后取消,118.99	,168.99	
趣白全自动洗面奶打泡机感应泡沫机绵密泡沫礼品新品懒人洗脸神器,260513-686408373881577,已发货，退款成功,1	,2026-05-13 17:33:40,	,退款成功,160.99	,168.99	
趣白全自动洗面奶打泡机感应泡沫机绵密泡沫礼品新品懒人洗脸神器,260513-312758802043135,已发货，退款成功,1	,2026-05-13 17:30:36,	,退款成功,133.99	,168.99	
趣白全自动洗面奶打泡机感应泡沫机绵密泡沫礼品新品懒人洗脸神器,260513-089433054753328,已收货,1	,2026-05-13 17:03:57,	,无售后或售后取消,135.2	,168.99	
趣白全自动洗面奶打泡机感应泡沫机绵密泡沫礼品新品懒人洗脸神器,260513-017291098461535,已收货,1	,2026-05-13 16:56:08,	,无售后或售后取消,168.99	,168.99	
趣白全自动洗面奶打泡机感应泡沫机绵密泡沫礼品新品懒人洗脸神器,260513-599764570491077,已收货,2	,2026-05-13 16:49:18,	,无售后或售后取消,334.61	,334.61	
趣白全自动洗面奶打泡机感应泡沫机绵密泡沫礼品新品懒人洗脸神器,260513-324618217801787,已收货,1	,2026-05-13 16:38:26,	,无售后或售后取消,168.99	,168.99	
趣白全自动洗面奶打泡机感应泡沫机绵密泡沫礼品新品懒人洗脸神器,260513-261808525752407,已收货，退款成功,1	,2026-05-13 16:24:17,	,退款成功,143.65	,168.99	
趣白全自动洗面奶打泡机感应泡沫机绵密泡沫礼品新品懒人洗脸神器,260513-538590636430596,已收货,1	,2026-05-13 16:15:02,	,无售后或售后取消,168.99	,168.99	
趣白全自动洗面奶打泡机感应泡沫机绵密泡沫礼品新品懒人洗脸神器,260513-337222091133796,已收货,1	,2026-05-13 16:08:43,	,无售后或售后取消,168.99	,168.99	
趣白全自动洗面奶打泡机感应泡沫机绵密泡沫礼品新品懒人洗脸神器,260513-515752599111989,已收货,1	,2026-05-13 16:04:28,	,无售后或售后取消,135.2	,168.99	
趣白全自动洗面奶打泡机感应泡沫机绵密泡沫礼品新品懒人洗脸神器,260513-057692731831649,已发货，退款成功,1	,2026-05-13 15:53:05,	,退款成功,135.2	,168.99	
趣白全自动洗面奶打泡机感应泡沫机绵密泡沫礼品新品懒人洗脸神器,260513-501366178150165,已收货,1	,2026-05-13 15:38:04,	,无售后或售后取消,152.1	,168.99	
趣白全自动洗面奶打泡机感应泡沫机绵密泡沫礼品新品懒人洗脸神器,260513-342150366803429,已收货,1	,2026-05-13 15:25:44,	,无售后或售后取消,143.65	,168.99	
趣白全自动洗面奶打泡机感应泡沫机绵密泡沫礼品新品懒人洗脸神器,260513-262836119972884,已收货,1	,2026-05-13 15:03:33,	,无售后或售后取消,118.3	,168.99	
趣白全自动洗面奶打泡机感应泡沫机绵密泡沫礼品新品懒人洗脸神器,260513-254311217473236,已收货,1	,2026-05-13 15:03:02,	,无售后或售后取消,168.99	,168.99	
趣白全自动洗面奶打泡机感应泡沫机绵密泡沫礼品新品懒人洗脸神器,260513-154948135311440,已收货,1	,2026-05-13 14:35:11,	,无售后或售后取消,126.75	,168.99	
趣白全自动洗面奶打泡机感应泡沫机绵密泡沫礼品新品懒人洗脸神器,260513-376271029842077,已发货，退款成功,1	,2026-05-13 14:20:14,	,退款成功,168.99	,168.99	
趣白全自动洗面奶打泡机感应泡沫机绵密泡沫礼品新品懒人洗脸神器,260513-314447051093229,已收货，退款成功,1	,2026-05-13 14:19:07,	,退款成功,143.65	,168.99	
趣白全自动洗面奶打泡机感应泡沫机绵密泡沫礼品新品懒人洗脸神器,260513-435410778453887,已收货,1	,2026-05-13 14:09:18,	,无售后或售后取消,168.99	,168.99	
趣白全自动洗面奶打泡机感应泡沫机绵密泡沫礼品新品懒人洗脸神器,260513-311070636353397,已收货,1	,2026-05-13 14:07:44,	,无售后或售后取消,68.99	,168.99	
趣白全自动洗面奶打泡机感应泡沫机绵密泡沫礼品新品懒人洗脸神器,260513-194825480511724,已收货,1	,2026-05-13 14:07:37,	,无售后或售后取消,168.99	,168.99	
趣白全自动洗面奶打泡机感应泡沫机绵密泡沫礼品新品懒人洗脸神器,260513-008640325972872,已发货，退款成功,1	,2026-05-13 14:03:59,	,退款成功,168.99	,168.99	
趣白全自动洗面奶打泡机感应泡沫机绵密泡沫礼品新品懒人洗脸神器,260513-259512144210521,已发货，退款成功,1	,2026-05-13 13:59:29,	,退款成功,148.99	,168.99	
趣白全自动洗面奶打泡机感应泡沫机绵密泡沫礼品新品懒人洗脸神器,260513-345673571890035,已发货，退款成功,1	,2026-05-13 13:37:46,	,退款成功,168.99	,168.99	
趣白全自动洗面奶打泡机感应泡沫机绵密泡沫礼品新品懒人洗脸神器,260513-277558085173555,已收货,1	,2026-05-13 13:25:34,	,无售后或售后取消,126.75	,168.99	
趣白全自动洗面奶打泡机感应泡沫机绵密泡沫礼品新品懒人洗脸神器,260513-280190010881375,未发货，退款成功,1	,2026-05-13 13:23:10,	,退款成功,168.99	,168.99	
趣白全自动洗面奶打泡机感应泡沫机绵密泡沫礼品新品懒人洗脸神器,260513-086528551282475,已收货,1	,2026-05-13 13:21:37,发货前检查好，集运的,无售后或售后取消,143.65	,168.99	
趣白全自动洗面奶打泡机感应泡沫机绵密泡沫礼品新品懒人洗脸神器,260513-176422992283117,已发货，退款成功,1	,2026-05-13 13:21:07,	,退款成功,168.99	,168.99	
趣白全自动洗面奶打泡机感应泡沫机绵密泡沫礼品新品懒人洗脸神器,260513-280766727792245,已收货，退款成功,1	,2026-05-13 13:08:12,	,退款成功,168.99	,168.99	
趣白全自动洗面奶打泡机感应泡沫机绵密泡沫礼品新品懒人洗脸神器,260513-250882353580619,已收货,1	,2026-05-13 12:57:15,	,无售后或售后取消,152.1	,168.99	
趣白全自动洗面奶打泡机感应泡沫机绵密泡沫礼品新品懒人洗脸神器,260513-269421145720571,已收货,1	,2026-05-13 12:47:18,	,无售后或售后取消,130.13	,168.99	
趣白全自动洗面奶打泡机感应泡沫机绵密泡沫礼品新品懒人洗脸神器,260513-367798577502974,已收货,1	,2026-05-13 12:41:29,	,无售后或售后取消,118.3	,168.99	
趣白全自动洗面奶打泡机感应泡沫机绵密泡沫礼品新品懒人洗脸神器,260513-671906609513184,已发货，退款成功,1	,2026-05-13 12:34:24,	,退款成功,168.99	,168.99	
趣白全自动洗面奶打泡机感应泡沫机绵密泡沫礼品新品懒人洗脸神器,260513-504857894451798,已取消,1	,	,	,无售后或售后取消,126.75	,168.99	
趣白全自动洗面奶打泡机感应泡沫机绵密泡沫礼品新品懒人洗脸神器,260513-247778526852469,已发货，退款成功,1	,2026-05-13 12:08:46,	,退款成功,135.2	,168.99	
趣白全自动洗面奶打泡机感应泡沫机绵密泡沫礼品新品懒人洗脸神器,260513-165601657181036,已收货,1	,2026-05-13 12:04:19,	,无售后或售后取消,126.75	,168.99	
趣白全自动洗面奶打泡机感应泡沫机绵密泡沫礼品新品懒人洗脸神器,260513-218502305320977,已收货，退款成功,1	,2026-05-13 11:56:38,	,退款成功,168.99	,168.99	
趣白全自动洗面奶打泡机感应泡沫机绵密泡沫礼品新品懒人洗脸神器,260513-323852767611956,未发货，退款成功,1	,2026-05-13 11:45:08,	,退款成功,135.2	,168.99	
趣白全自动洗面奶打泡机感应泡沫机绵密泡沫礼品新品懒人洗脸神器,260513-509031289223301,未发货，退款成功,1	,2026-05-13 11:35:29,	,退款成功,168.99	,168.99	
趣白全自动洗面奶打泡机感应泡沫机绵密泡沫礼品新品懒人洗脸神器,260513-001342257580426,已收货,1	,2026-05-13 11:16:16,	,无售后或售后取消,118.3	,168.99	
趣白全自动洗面奶打泡机感应泡沫机绵密泡沫礼品新品懒人洗脸神器,260513-398437988654045,已收货,1	,2026-05-13 11:03:17,	,无售后或售后取消,168.99	,168.99	
趣白全自动洗面奶打泡机感应泡沫机绵密泡沫礼品新品懒人洗脸神器,260513-043327168080422,已收货,1	,2026-05-13 10:55:39,	,无售后或售后取消,126.75	,168.99	
趣白全自动洗面奶打泡机感应泡沫机绵密泡沫礼品新品懒人洗脸神器,260513-659806032252326,已收货,1	,2026-05-13 10:44:24,	,无售后或售后取消,140.27	,168.99	
趣白全自动洗面奶打泡机感应泡沫机绵密泡沫礼品新品懒人洗脸神器,260513-647013373452447,已收货,1	,2026-05-13 10:39:41,	,无售后或售后取消,168.99	,168.99	
趣白全自动洗面奶打泡机感应泡沫机绵密泡沫礼品新品懒人洗脸神器,260513-641015498352788,已发货，退款成功,1	,2026-05-13 10:32:14,	,退款成功,168.99	,168.99	
趣白全自动洗面奶打泡机感应泡沫机绵密泡沫礼品新品懒人洗脸神器,260513-480719726922822,已收货,1	,2026-05-13 10:31:33,	,无售后或售后取消,126.75	,168.99	
趣白全自动洗面奶打泡机感应泡沫机绵密泡沫礼品新品懒人洗脸神器,260513-519936469361175,已收货,1	,2026-05-14 10:23:34,	,无售后或售后取消,126.75	,168.99	
趣白全自动洗面奶打泡机感应泡沫机绵密泡沫礼品新品懒人洗脸神器,260513-606454495552159,已收货,1	,2026-05-13 10:23:56,	,无售后或售后取消,135.2	,168.99	
趣白全自动洗面奶打泡机感应泡沫机绵密泡沫礼品新品懒人洗脸神器,260513-342402066812326,未发货，退款成功,1	,2026-05-13 10:22:13,	,退款成功,143.65	,168.99	
趣白全自动洗面奶打泡机感应泡沫机绵密泡沫礼品新品懒人洗脸神器,260513-051390759221657,已收货,1	,2026-05-13 10:21:47,	,无售后或售后取消,135.2	,168.99	
趣白全自动洗面奶打泡机感应泡沫机绵密泡沫礼品新品懒人洗脸神器,260513-479587254661687,已收货,1	,2026-05-13 10:20:12,	,无售后或售后取消,152.1	,168.99	
趣白全自动洗面奶打泡机感应泡沫机绵密泡沫礼品新品懒人洗脸神器,260513-296013074812252,已收货,1	,2026-05-13 10:19:34,	,无售后或售后取消,168.99	,168.99	
趣白全自动洗面奶打泡机感应泡沫机绵密泡沫礼品新品懒人洗脸神器,260513-663633334683551,已发货，退款成功,1	,2026-05-13 09:44:07,	,退款成功,133.51	,168.99	
趣白全自动洗面奶打泡机感应泡沫机绵密泡沫礼品新品懒人洗脸神器,260513-456476660060263,已收货,1	,2026-05-13 09:32:20,	,无售后或售后取消,152.1	,168.99	
趣白全自动洗面奶打泡机感应泡沫机绵密泡沫礼品新品懒人洗脸神器,260513-550628299090784,已收货，退款成功,1	,2026-05-13 09:29:54,	,退款成功,143.65	,168.99	
趣白全自动洗面奶打泡机感应泡沫机绵密泡沫礼品新品懒人洗脸神器,260513-595297594941723,已收货,1	,2026-05-13 09:21:12,	,无售后或售后取消,126.75	,168.99	
趣白全自动洗面奶打泡机感应泡沫机绵密泡沫礼品新品懒人洗脸神器,260513-121393682042079,已收货,1	,2026-05-13 09:13:17,	,无售后或售后取消,168.99	,168.99	
趣白全自动洗面奶打泡机感应泡沫机绵密泡沫礼品新品懒人洗脸神器,260513-249697431103369,已收货,1	,2026-05-13 09:02:20,	,无售后或售后取消,168.99	,168.99	
趣白全自动洗面奶打泡机感应泡沫机绵密泡沫礼品新品懒人洗脸神器,260513-257278656953132,已收货,1	,2026-05-13 08:58:57,	,无售后或售后取消,126.75	,168.99	
趣白全自动洗面奶打泡机感应泡沫机绵密泡沫礼品新品懒人洗脸神器,260513-087671499101089,已发货，退款成功,1	,2026-05-13 08:48:09,	,退款成功,168.99	,168.99	
趣白全自动洗面奶打泡机感应泡沫机绵密泡沫礼品新品懒人洗脸神器,260513-151844308512143,已收货,1	,2026-05-13 08:45:06,	,无售后或售后取消,126.75	,168.99	
趣白全自动洗面奶打泡机感应泡沫机绵密泡沫礼品新品懒人洗脸神器,260513-107342795101089,未发货，退款成功,1	,2026-05-13 08:35:47,	,退款成功,168.99	,168.99	
趣白全自动洗面奶打泡机感应泡沫机绵密泡沫礼品新品懒人洗脸神器,260513-161029844593224,已收货,1	,2026-05-13 08:26:02,	,无售后或售后取消,152.1	,168.99	
趣白全自动洗面奶打泡机感应泡沫机绵密泡沫礼品新品懒人洗脸神器,260513-510415347294070,已收货,1	,2026-05-13 08:22:42,	,无售后或售后取消,138.58	,168.99	
趣白全自动洗面奶打泡机感应泡沫机绵密泡沫礼品新品懒人洗脸神器,260513-377330133310298,已收货,1	,2026-05-13 08:15:04,"请在包裹周边写上B1-624,谢谢",无售后或售后取消,135.2	,168.99	
趣白全自动洗面奶打泡机感应泡沫机绵密泡沫礼品新品懒人洗脸神器,260513-072016227971438,已收货,1	,2026-05-13 08:07:57,	,无售后或售后取消,147.03	,168.99	
趣白全自动洗面奶打泡机感应泡沫机绵密泡沫礼品新品懒人洗脸神器,260513-340220986970491,已发货，退款成功,1	,2026-05-13 08:02:17,	,退款成功,152.1	,168.99	
趣白全自动洗面奶打泡机感应泡沫机绵密泡沫礼品新品懒人洗脸神器,260513-101145679510236,已收货，退款成功,1	,2026-05-13 07:46:41,(收)[QBPH004]*[1]#,退款成功,133.51	,168.99	
趣白全自动洗面奶打泡机感应泡沫机绵密泡沫礼品新品懒人洗脸神器,260513-223545935423087,已发货，退款成功,1	,2026-05-13 07:35:33,	,退款成功,168.99	,168.99	
趣白全自动洗面奶打泡机感应泡沫机绵密泡沫礼品新品懒人洗脸神器,260513-335408033390517,已收货,1	,2026-05-13 07:09:40,	,无售后或售后取消,168.99	,168.99	
趣白全自动洗面奶打泡机感应泡沫机绵密泡沫礼品新品懒人洗脸神器,260513-417364743820986,已收货,1	,2026-05-13 07:06:15,	,无售后或售后取消,168.99	,168.99	
趣白全自动洗面奶打泡机感应泡沫机绵密泡沫礼品新品懒人洗脸神器,260513-500946747811913,已收货,1	,2026-05-13 07:04:07,	,无售后或售后取消,135.2	,168.99	
趣白全自动洗面奶打泡机感应泡沫机绵密泡沫礼品新品懒人洗脸神器,260513-655538286122696,已收货,1	,2026-05-13 06:44:34,	,无售后或售后取消,143.65	,168.99	
趣白全自动洗面奶打泡机感应泡沫机绵密泡沫礼品新品懒人洗脸神器,260513-464823314862935,已收货,1	,2026-05-13 06:18:10,	,无售后或售后取消,168.99	,168.99	
趣白全自动洗面奶打泡机感应泡沫机绵密泡沫礼品新品懒人洗脸神器,260513-520680916521901,已收货,1	,2026-05-13 05:02:48,	,无售后或售后取消,158.99	,168.99	
趣白全自动洗面奶打泡机感应泡沫机绵密泡沫礼品新品懒人洗脸神器,260513-130977666574078,已收货,1	,2026-05-13 04:03:57,	,无售后或售后取消,126.75	,168.99	
趣白全自动洗面奶打泡机感应泡沫机绵密泡沫礼品新品懒人洗脸神器,260513-167918988902735,已收货,1	,2026-05-13 03:56:02,	,无售后或售后取消,168.99	,168.99	
趣白全自动洗面奶打泡机感应泡沫机绵密泡沫礼品新品懒人洗脸神器,260513-105822339483883,已收货,1	,2026-05-13 03:37:41,	,无售后或售后取消,133.51	,168.99	
趣白全自动洗面奶打泡机感应泡沫机绵密泡沫礼品新品懒人洗脸神器,260513-210407288393970,已收货,1	,2026-05-13 02:49:47,	,无售后或售后取消,140.27	,168.99	
趣白全自动洗面奶打泡机感应泡沫机绵密泡沫礼品新品懒人洗脸神器,260513-558230464812831,已收货,1	,2026-05-13 02:12:47,	,无售后或售后取消,135.2	,168.99	
趣白全自动洗面奶打泡机感应泡沫机绵密泡沫礼品新品懒人洗脸神器,260513-328351148271151,已收货,1	,2026-05-13 02:12:36,	,无售后或售后取消,140.27	,168.99	
趣白全自动洗面奶打泡机感应泡沫机绵密泡沫礼品新品懒人洗脸神器,260513-584937685142625,已收货,1	,2026-05-13 01:49:16,	,无售后或售后取消,126.75	,168.99	
趣白全自动洗面奶打泡机感应泡沫机绵密泡沫礼品新品懒人洗脸神器,260513-681626898723027,已收货,1	,2026-05-13 01:46:32,	,无售后或售后取消,152.1	,168.99	
趣白全自动洗面奶打泡机感应泡沫机绵密泡沫礼品新品懒人洗脸神器,260513-473557900951388,已收货,1	,2026-05-13 01:12:17,	,无售后或售后取消,135.2	,168.99	
趣白全自动洗面奶打泡机感应泡沫机绵密泡沫礼品新品懒人洗脸神器,260513-139083138562939,已收货,1	,2026-05-13 01:12:22,	,无售后或售后取消,143.65	,168.99	
趣白全自动洗面奶打泡机感应泡沫机绵密泡沫礼品新品懒人洗脸神器,260513-532529835630321,已收货,1	,2026-05-13 01:04:31,	,无售后或售后取消,168.99	,168.99	
趣白全自动洗面奶打泡机感应泡沫机绵密泡沫礼品新品懒人洗脸神器,260513-317445978441147,已收货,1	,2026-05-13 00:11:42,	,无售后或售后取消,166.7	,168.99	
趣白全自动洗面奶打泡机感应泡沫机绵密泡沫礼品新品懒人洗脸神器,260513-192822690123479,已收货,1	,2026-05-13 08:51:53,	,无售后或售后取消,118.3	,168.99	
趣白全自动洗面奶打泡机感应泡沫机绵密泡沫礼品新品懒人洗脸神器,260512-420400382350879,已收货,1	,2026-05-12 23:42:49,	,无售后或售后取消,143.65	,168.99	
趣白全自动洗面奶打泡机感应泡沫机绵密泡沫礼品新品懒人洗脸神器,260512-230335485590290,已发货，退款成功,1	,2026-05-12 23:06:38,	,退款成功,131.82	,168.99	
趣白全自动洗面奶打泡机感应泡沫机绵密泡沫礼品新品懒人洗脸神器,260512-010265587221529,已收货,1	,2026-05-12 23:04:18,	,无售后或售后取消,168.99	,168.99	
趣白全自动洗面奶打泡机感应泡沫机绵密泡沫礼品新品懒人洗脸神器,260512-360715456913331,未发货，退款成功,1	,2026-05-12 22:55:17,	,退款成功,143.65	,168.99	
趣白全自动洗面奶打泡机感应泡沫机绵密泡沫礼品新品懒人洗脸神器,260512-578048541030971,已收货,1	,2026-05-12 22:49:00,	,无售后或售后取消,168.99	,168.99	
趣白全自动洗面奶打泡机感应泡沫机绵密泡沫礼品新品懒人洗脸神器,260512-003213913600820,已收货,1	,2026-05-12 22:32:47,	,无售后或售后取消,143.65	,168.99	
趣白全自动洗面奶打泡机感应泡沫机绵密泡沫礼品新品懒人洗脸神器,260512-461986906421559,已收货,1	,2026-05-12 22:27:48,	,无售后或售后取消,152.1	,168.99	
趣白全自动洗面奶打泡机感应泡沫机绵密泡沫礼品新品懒人洗脸神器,260512-663334480292034,已收货,1	,2026-05-12 22:26:02,	,无售后或售后取消,168.99	,168.99	
趣白全自动洗面奶打泡机感应泡沫机绵密泡沫礼品新品懒人洗脸神器,260512-251244101972001,已取消,1	,	,	,无售后或售后取消,160.55	,168.99	
趣白全自动洗面奶打泡机感应泡沫机绵密泡沫礼品新品懒人洗脸神器,260512-455905134101288,已收货,1	,2026-05-12 22:08:36,	,无售后或售后取消,143.65	,168.99	
趣白全自动洗面奶打泡机感应泡沫机绵密泡沫礼品新品懒人洗脸神器,260512-635804075643809,已收货，退款成功,1	,2026-05-12 22:01:21,(收)[QBPH004]*[1]#,退款成功,126.75	,168.99	
趣白全自动洗面奶打泡机感应泡沫机绵密泡沫礼品新品懒人洗脸神器,260512-465824694641175,已取消,1	,	,	,无售后或售后取消,135.2	,168.99	
趣白全自动洗面奶打泡机感应泡沫机绵密泡沫礼品新品懒人洗脸神器,260512-476729885072589,已收货,1	,2026-05-12 21:35:42,	,无售后或售后取消,147.03	,168.99	
趣白全自动洗面奶打泡机感应泡沫机绵密泡沫礼品新品懒人洗脸神器,260512-503825047063645,已收货,1	,2026-05-12 21:35:26,	,无售后或售后取消,152.1	,168.99	
趣白全自动洗面奶打泡机感应泡沫机绵密泡沫礼品新品懒人洗脸神器,260512-543403568703949,未发货，退款成功,1	,2026-05-12 21:34:46,	,退款成功,168.99	,168.99	
趣白全自动洗面奶打泡机感应泡沫机绵密泡沫礼品新品懒人洗脸神器,260512-428102183321354,未发货，退款成功,1	,2026-05-12 21:33:11,	,退款成功,131.82	,168.99	
趣白全自动洗面奶打泡机感应泡沫机绵密泡沫礼品新品懒人洗脸神器,260512-413584606771207,已取消,1	,	,	,无售后或售后取消,148.72	,168.99	
趣白全自动洗面奶打泡机感应泡沫机绵密泡沫礼品新品懒人洗脸神器,260512-018654185011207,已发货，退款成功,1	,2026-05-12 21:32:57,	,退款成功,135.2	,168.99	
趣白全自动洗面奶打泡机感应泡沫机绵密泡沫礼品新品懒人洗脸神器,260512-480399859232749,已发货，退款成功,1	,2026-05-12 21:08:29,	,退款成功,160.55	,168.99	
趣白全自动洗面奶打泡机感应泡沫机绵密泡沫礼品新品懒人洗脸神器,260512-647076277770267,已收货,1	,2026-05-12 20:07:07,	,无售后或售后取消,168.99	,168.99	
趣白全自动洗面奶打泡机感应泡沫机绵密泡沫礼品新品懒人洗脸神器,260512-167814110791462,已收货,1	,2026-05-12 19:57:58,	,无售后或售后取消,168.99	,168.99	
趣白全自动洗面奶打泡机感应泡沫机绵密泡沫礼品新品懒人洗脸神器,260512-529006662073579,已取消,1	,	,	,无售后或售后取消,118.99	,168.99	
趣白全自动洗面奶打泡机感应泡沫机绵密泡沫礼品新品懒人洗脸神器,260512-550963843434028,已发货，退款成功,1	,2026-05-12 19:38:20,	,退款成功,145.34	,168.99	
趣白全自动洗面奶打泡机感应泡沫机绵密泡沫礼品新品懒人洗脸神器,260512-395365640563979,已收货,1	,2026-05-12 19:29:42,	,无售后或售后取消,135.2	,168.99	
趣白全自动洗面奶打泡机感应泡沫机绵密泡沫礼品新品懒人洗脸神器,260512-597310860942952,已收货,1	,2026-05-12 19:22:34,	,无售后或售后取消,135.2	,168.99	
趣白全自动洗面奶打泡机感应泡沫机绵密泡沫礼品新品懒人洗脸神器,260512-049293565440539,已发货，退款成功,1	,2026-05-12 19:19:01,	,退款成功,168.99	,168.99	
趣白全自动洗面奶打泡机感应泡沫机绵密泡沫礼品新品懒人洗脸神器,260512-155587766701928,已收货,1	,2026-05-12 19:17:10,	,无售后或售后取消,138.58	,168.99	
趣白全自动洗面奶打泡机感应泡沫机绵密泡沫礼品新品懒人洗脸神器,260512-242263027250149,已收货,1	,2026-05-12 19:16:58,	,无售后或售后取消,160.55	,168.99	
趣白全自动洗面奶打泡机感应泡沫机绵密泡沫礼品新品懒人洗脸神器,260512-305261473341305,已收货,1	,2026-05-12 19:13:58,	,无售后或售后取消,165.99	,168.99	
趣白全自动洗面奶打泡机感应泡沫机绵密泡沫礼品新品懒人洗脸神器,260512-648030481982166,已收货，退款成功,1	,2026-05-12 19:00:07,	,退款成功,143.65	,168.99	
趣白全自动洗面奶打泡机感应泡沫机绵密泡沫礼品新品懒人洗脸神器,260512-148268664403330,已收货，退款成功,1	,2026-05-12 19:00:01,(收)[QBPH004]*[1]#,退款成功,168.99	,168.99	
趣白全自动洗面奶打泡机感应泡沫机绵密泡沫礼品新品懒人洗脸神器,260512-288987625913243,已发货，退款成功,1	,2026-05-12 18:45:45,	,退款成功,135.2	,168.99	
趣白全自动洗面奶打泡机感应泡沫机绵密泡沫礼品新品懒人洗脸神器,260512-167363295531862,已发货，退款成功,1	,2026-05-12 18:35:54,	,退款成功,168.99	,168.99	
趣白全自动洗面奶打泡机感应泡沫机绵密泡沫礼品新品懒人洗脸神器,260512-031006462341885,已收货,1	,2026-05-12 18:27:15,客户要求发顺丰。,无售后或售后取消,168.99	,168.99	
趣白全自动洗面奶打泡机感应泡沫机绵密泡沫礼品新品懒人洗脸神器,260512-481977986584068,未发货，退款成功,1	,2026-05-12 18:12:30,	,退款成功,126.75	,168.99	
趣白全自动洗面奶打泡机感应泡沫机绵密泡沫礼品新品懒人洗脸神器,260512-031939632681609,已收货,1	,2026-05-12 18:09:35,	,无售后或售后取消,152.1	,168.99	
趣白全自动洗面奶打泡机感应泡沫机绵密泡沫礼品新品懒人洗脸神器,260512-110687710742320,已取消,1	,	,	,无售后或售后取消,136.89	,168.99	
趣白全自动洗面奶打泡机感应泡沫机绵密泡沫礼品新品懒人洗脸神器,260512-159058531992876,已取消,1	,	,	,无售后或售后取消,168.99	,168.99	
趣白全自动洗面奶打泡机感应泡沫机绵密泡沫礼品新品懒人洗脸神器,260512-544483581592876,已取消,1	,	,	,无售后或售后取消,168.99	,168.99	
趣白全自动洗面奶打泡机感应泡沫机绵密泡沫礼品新品懒人洗脸神器,260512-133609582173220,已发货，退款成功,1	,2026-05-12 17:05:22,	,退款成功,163.81	,168.99	
趣白全自动洗面奶打泡机感应泡沫机绵密泡沫礼品新品懒人洗脸神器,260512-284478749042719,已发货，退款成功,1	,2026-05-12 16:56:06,仓库收到货先不要退款，这个顾客是换货的,退款成功,152.1	,168.99	
趣白全自动洗面奶打泡机感应泡沫机绵密泡沫礼品新品懒人洗脸神器,260512-275072970303969,已收货,1	,2026-05-12 16:44:15,	,无售后或售后取消,168.99	,168.99	
趣白全自动洗面奶打泡机感应泡沫机绵密泡沫礼品新品懒人洗脸神器,260512-401531246161208,已收货,1	,2026-05-12 16:41:09,	,无售后或售后取消,168.99	,168.99	
趣白全自动洗面奶打泡机感应泡沫机绵密泡沫礼品新品懒人洗脸神器,260512-576213522023173,已收货,1	,2026-05-12 16:37:49,	,无售后或售后取消,135.2	,168.99	
趣白全自动洗面奶打泡机感应泡沫机绵密泡沫礼品新品懒人洗脸神器,260512-601819737663969,已取消,1	,	,	,无售后或售后取消,168.99	,168.99	
趣白全自动洗面奶打泡机感应泡沫机绵密泡沫礼品新品懒人洗脸神器,260512-386400274023173,未发货，退款成功,1	,2026-05-12 16:33:06,	,退款成功,135.2	,168.99	
趣白全自动洗面奶打泡机感应泡沫机绵密泡沫礼品新品懒人洗脸神器,260512-094634054034004,未发货，退款成功,1	,2026-05-12 16:22:43,	,退款成功,168.99	,168.99	
趣白全自动洗面奶打泡机感应泡沫机绵密泡沫礼品新品懒人洗脸神器,260512-342643259743699,已收货,1	,2026-05-12 16:21:18,	,无售后或售后取消,143.65	,168.99	
趣白全自动洗面奶打泡机感应泡沫机绵密泡沫礼品新品懒人洗脸神器,260512-080551668143092,已收货,1	,2026-05-12 16:17:37,	,无售后或售后取消,168.99	,168.99	
趣白全自动洗面奶打泡机感应泡沫机绵密泡沫礼品新品懒人洗脸神器,260512-219624313190866,已收货,1	,2026-05-12 16:00:59,	,无售后或售后取消,151.14	,168.99	
趣白全自动洗面奶打泡机感应泡沫机绵密泡沫礼品新品懒人洗脸神器,260512-155629667954049,已取消,1	,	,	,无售后或售后取消,168.99	,168.99	
趣白全自动洗面奶打泡机感应泡沫机绵密泡沫礼品新品懒人洗脸神器,260512-629323875852512,已收货,1	,2026-05-12 15:52:04,	,无售后或售后取消,148.72	,168.99	
趣白全自动洗面奶打泡机感应泡沫机绵密泡沫礼品新品懒人洗脸神器,260512-512963459471103,已收货，退款成功,1	,2026-05-12 15:44:35,	,退款成功,168.99	,168.99	
趣白全自动洗面奶打泡机感应泡沫机绵密泡沫礼品新品懒人洗脸神器,260512-622455723672775,已收货,1	,2026-05-12 15:41:43,	,无售后或售后取消,126.75	,168.99	
趣白全自动洗面奶打泡机感应泡沫机绵密泡沫礼品新品懒人洗脸神器,260512-653283857990575,已收货,1	,2026-05-12 15:28:12,	,无售后或售后取消,140.27	,168.99	
趣白全自动洗面奶打泡机感应泡沫机绵密泡沫礼品新品懒人洗脸神器,260512-162487406912994,已收货,1	,2026-05-12 15:18:40,	,无售后或售后取消,168.99	,168.99	
趣白全自动洗面奶打泡机感应泡沫机绵密泡沫礼品新品懒人洗脸神器,260512-123857825282763,已收货,1	,2026-05-12 15:17:37,	,无售后或售后取消,143.65	,168.99	
趣白全自动洗面奶打泡机感应泡沫机绵密泡沫礼品新品懒人洗脸神器,260512-098062897463293,已发货，退款成功,1	,2026-05-12 15:11:50,	,退款成功,168.99	,168.99	
趣白全自动洗面奶打泡机感应泡沫机绵密泡沫礼品新品懒人洗脸神器,260512-125378312520031,已收货,1	,2026-05-12 15:07:07,	,无售后或售后取消,168.99	,168.99	
趣白全自动洗面奶打泡机感应泡沫机绵密泡沫礼品新品懒人洗脸神器,260512-098880797012365,已取消,1	,	,	,无售后或售后取消,160.55	,168.99	
趣白全自动洗面奶打泡机感应泡沫机绵密泡沫礼品新品懒人洗脸神器,260512-628820601153301,已取消,1	,	,	,无售后或售后取消,168.99	,168.99	
趣白全自动洗面奶打泡机感应泡沫机绵密泡沫礼品新品懒人洗脸神器,260512-390573616693283,已收货,1	,2026-05-12 14:59:09,	,无售后或售后取消,126.75	,168.99	
趣白全自动洗面奶打泡机感应泡沫机绵密泡沫礼品新品懒人洗脸神器,260512-477416702304067,已收货,1	,2026-05-12 14:45:52,	,无售后或售后取消,152.1	,168.99	
趣白全自动洗面奶打泡机感应泡沫机绵密泡沫礼品新品懒人洗脸神器,260512-034498220353638,已取消,1	,	,	,无售后或售后取消,138.99	,168.99	
趣白全自动洗面奶打泡机感应泡沫机绵密泡沫礼品新品懒人洗脸神器,260512-249246533173209,已收货,1	,2026-05-12 13:50:12,	,无售后或售后取消,168.99	,168.99	
趣白全自动洗面奶打泡机感应泡沫机绵密泡沫礼品新品懒人洗脸神器,260512-076724313701326,未发货，退款成功,1	,2026-05-12 13:49:43,	,退款成功,128.44	,168.99	
趣白全自动洗面奶打泡机感应泡沫机绵密泡沫礼品新品懒人洗脸神器,260512-212368156973700,已收货,1	,2026-05-12 13:20:48,	,无售后或售后取消,133.51	,168.99	
趣白全自动洗面奶打泡机感应泡沫机绵密泡沫礼品新品懒人洗脸神器,260512-619855234681090,已收货,1	,2026-05-12 12:56:46,	,无售后或售后取消,143.65	,168.99	
趣白全自动洗面奶打泡机感应泡沫机绵密泡沫礼品新品懒人洗脸神器,260512-208131910070845,已收货,1	,2026-05-12 12:47:17,	,无售后或售后取消,168.99	,168.99	
趣白全自动洗面奶打泡机感应泡沫机绵密泡沫礼品新品懒人洗脸神器,260512-277767810621657,已收货,1	,2026-05-12 12:32:07,	,无售后或售后取消,118.3	,168.99	
趣白全自动洗面奶打泡机感应泡沫机绵密泡沫礼品新品懒人洗脸神器,260512-463218941540632,已收货,1	,2026-05-12 12:30:54,	,无售后或售后取消,135.2	,168.99	
趣白全自动洗面奶打泡机感应泡沫机绵密泡沫礼品新品懒人洗脸神器,260512-666401575260728,已收货,1	,2026-05-12 12:11:08,	,无售后或售后取消,152.1	,168.99	
趣白全自动洗面奶打泡机感应泡沫机绵密泡沫礼品新品懒人洗脸神器,260512-035840387392540,已收货,1	,2026-05-12 12:05:56,	,无售后或售后取消,143.65	,168.99	
趣白全自动洗面奶打泡机感应泡沫机绵密泡沫礼品新品懒人洗脸神器,260512-451957297562187,已发货，退款成功,1	,2026-05-12 11:58:59,	,退款成功,168.99	,168.99	
趣白全自动洗面奶打泡机感应泡沫机绵密泡沫礼品新品懒人洗脸神器,260512-276006213153448,未发货，退款成功,1	,2026-05-12 11:56:26,	,退款成功,168.99	,168.99	
趣白全自动洗面奶打泡机感应泡沫机绵密泡沫礼品新品懒人洗脸神器,260512-063428411710535,未发货，退款成功,1	,2026-05-12 11:43:57,	,退款成功,168.99	,168.99	
趣白全自动洗面奶打泡机感应泡沫机绵密泡沫礼品新品懒人洗脸神器,260512-036417104282253,已收货,1	,2026-05-12 11:34:44,退了重新拍,无售后或售后取消,118.3	,168.99	
趣白全自动洗面奶打泡机感应泡沫机绵密泡沫礼品新品懒人洗脸神器,260512-427588381003073,已发货，退款成功,1	,2026-05-12 11:20:57,	,退款成功,168.99	,168.99	
趣白全自动洗面奶打泡机感应泡沫机绵密泡沫礼品新品懒人洗脸神器,260512-275576328560683,已取消,1	,	,	,无售后或售后取消,168.99	,168.99	
趣白全自动洗面奶打泡机感应泡沫机绵密泡沫礼品新品懒人洗脸神器,260512-646614904423926,已收货,1	,2026-05-12 11:10:29,	,售后处理中,141.96	,168.99	
趣白全自动洗面奶打泡机感应泡沫机绵密泡沫礼品新品懒人洗脸神器,260512-506262986382843,已收货,1	,2026-05-12 11:09:02,	,无售后或售后取消,118.99	,168.99	
趣白全自动洗面奶打泡机感应泡沫机绵密泡沫礼品新品懒人洗脸神器,260512-623588165233052,已发货，退款成功,1	,2026-05-12 11:02:46,	,退款成功,168.99	,168.99	
趣白全自动洗面奶打泡机感应泡沫机绵密泡沫礼品新品懒人洗脸神器,260512-104647944481755,已收货,1	,2026-05-12 10:58:33,	,无售后或售后取消,143.65	,168.99	
趣白全自动洗面奶打泡机感应泡沫机绵密泡沫礼品新品懒人洗脸神器,260512-475267110440786,已收货,1	,2026-05-12 10:53:27,	,无售后或售后取消,118.3	,168.99	
趣白全自动皂液器感应皂液器凝胶机洗洁精沐浴露卫生间厨房,260512-058594444873369,未发货，退款成功,1	,2026-05-12 10:39:52,	,退款成功,85.0	,85.0	
趣白全自动皂液器感应皂液器凝胶机洗洁精沐浴露卫生间厨房,260512-393069207113369,已取消,1	,	,	,无售后或售后取消,85.0	,85.0	
趣白全自动洗面奶打泡机感应泡沫机绵密泡沫礼品新品懒人洗脸神器,260512-588261639770200,已收货,1	,2026-05-12 10:38:18,	,无售后或售后取消,168.99	,168.99	
趣白全自动洗面奶打泡机感应泡沫机绵密泡沫礼品新品懒人洗脸神器,260512-032799465033369,已取消,1	,	,	,无售后或售后取消,168.99	,168.99	
趣白全自动洗面奶打泡机感应泡沫机绵密泡沫礼品新品懒人洗脸神器,260512-047154490910943,已收货，退款成功,1	,2026-05-12 10:19:14,	,退款成功,168.99	,168.99	
趣白全自动洗面奶打泡机感应泡沫机绵密泡沫礼品新品懒人洗脸神器,260512-325142505764048,已收货,1	,2026-05-12 10:15:34,	,无售后或售后取消,168.99	,168.99	
趣白全自动洗面奶打泡机感应泡沫机绵密泡沫礼品新品懒人洗脸神器,260512-098408907102900,已收货，退款成功,1	,2026-05-12 10:14:34,	,退款成功,143.65	,168.99	
趣白全自动洗面奶打泡机感应泡沫机绵密泡沫礼品新品懒人洗脸神器,260512-585692670241538,已收货,1	,2026-05-12 09:48:44,	,无售后或售后取消,168.99	,168.99	
趣白全自动洗面奶打泡机感应泡沫机绵密泡沫礼品新品懒人洗脸神器,260512-257058424381975,已收货,1	,2026-05-12 09:44:30,	,无售后或售后取消,168.99	,168.99	
趣白全自动洗面奶打泡机感应泡沫机绵密泡沫礼品新品懒人洗脸神器,260512-485920611871006,已取消,1	,	,	,无售后或售后取消,118.3	,168.99	
趣白全自动洗面奶打泡机感应泡沫机绵密泡沫礼品新品懒人洗脸神器,260512-203591586161986,已收货,1	,2026-05-12 09:25:18,	,无售后或售后取消,141.96	,168.99	
趣白全自动洗面奶打泡机感应泡沫机绵密泡沫礼品新品懒人洗脸神器,260512-204430394991941,已收货,1	,2026-05-12 09:22:46,	,无售后或售后取消,135.2	,168.99	
趣白全自动洗面奶打泡机感应泡沫机绵密泡沫礼品新品懒人洗脸神器,260512-582505019811069,已收货,1	,2026-05-12 09:02:54,	,无售后或售后取消,143.65	,168.99	
趣白全自动洗面奶打泡机感应泡沫机绵密泡沫礼品新品懒人洗脸神器,260512-171022815623502,已收货,1	,2026-05-12 08:55:52,	,无售后或售后取消,166.99	,168.99	
趣白全自动洗面奶打泡机感应泡沫机绵密泡沫礼品新品懒人洗脸神器,260512-663727716730400,已收货,1	,2026-05-12 08:55:36,	,无售后或售后取消,158.99	,168.99	
趣白全自动洗面奶打泡机感应泡沫机绵密泡沫礼品新品懒人洗脸神器,260512-532613701230398,已收货,1	,2026-05-12 08:53:26,	,无售后或售后取消,135.2	,168.99	
趣白全自动洗面奶打泡机感应泡沫机绵密泡沫礼品新品懒人洗脸神器,260512-637681026581721,已发货，退款成功,1	,2026-05-12 08:48:13,	,退款成功,168.99	,168.99	
趣白全自动洗面奶打泡机感应泡沫机绵密泡沫礼品新品懒人洗脸神器,260512-310189822343048,未发货，退款成功,1	,2026-05-12 08:42:39,	,退款成功,168.99	,168.99	
趣白全自动洗面奶打泡机感应泡沫机绵密泡沫礼品新品懒人洗脸神器,260512-234839150931910,已收货,1	,2026-05-12 08:18:45,	,无售后或售后取消,126.75	,168.99	
趣白全自动洗面奶打泡机感应泡沫机绵密泡沫礼品新品懒人洗脸神器,260512-465882376523467,已取消,1	,	,	,无售后或售后取消,128.44	,168.99	
趣白全自动洗面奶打泡机感应泡沫机绵密泡沫礼品新品懒人洗脸神器,260512-486130357781830,已收货,1	,2026-05-12 07:59:49,	,无售后或售后取消,160.55	,168.99	
趣白全自动洗面奶打泡机感应泡沫机绵密泡沫礼品新品懒人洗脸神器,260512-483687155321038,已收货,1	,2026-05-12 07:59:28,	,无售后或售后取消,166.99	,168.99	
趣白全自动洗面奶打泡机感应泡沫机绵密泡沫礼品新品懒人洗脸神器,260512-142144980513954,已取消,1	,	,	,无售后或售后取消,168.99	,168.99	
趣白全自动洗面奶打泡机感应泡沫机绵密泡沫礼品新品懒人洗脸神器,260512-415613632802367,已收货,1	,2026-05-12 06:55:57,	,无售后或售后取消,145.34	,168.99	
趣白全自动洗面奶打泡机感应泡沫机绵密泡沫礼品新品懒人洗脸神器,260512-397620037223011,已收货,1	,2026-05-12 06:56:00,	,无售后或售后取消,160.55	,168.99	
趣白全自动洗面奶打泡机感应泡沫机绵密泡沫礼品新品懒人洗脸神器,260512-298141684143511,已收货,1	,2026-05-12 06:53:06,	,无售后或售后取消,152.1	,168.99	
趣白全自动洗面奶打泡机感应泡沫机绵密泡沫礼品新品懒人洗脸神器,260512-246016950620303,已收货,1	,2026-05-12 06:46:41,	,无售后或售后取消,168.99	,168.99	
趣白全自动洗面奶打泡机感应泡沫机绵密泡沫礼品新品懒人洗脸神器,260512-370828982613332,已收货,1	,2026-05-12 06:17:52,	,无售后或售后取消,152.1	,168.99	
趣白全自动洗面奶打泡机感应泡沫机绵密泡沫礼品新品懒人洗脸神器,260512-037633452423899,已收货,1	,2026-05-12 05:48:44,	,无售后或售后取消,168.99	,168.99	
趣白全自动洗面奶打泡机感应泡沫机绵密泡沫礼品新品懒人洗脸神器,260512-370828962232170,未发货，退款成功,1	,2026-05-12 04:33:02,	,退款成功,143.65	,168.99	
趣白全自动洗面奶打泡机感应泡沫机绵密泡沫礼品新品懒人洗脸神器,260512-305764800120213,已收货,1	,2026-05-12 02:18:18,	,无售后或售后取消,168.99	,168.99	
趣白全自动洗面奶打泡机感应泡沫机绵密泡沫礼品新品懒人洗脸神器,260512-151435384361675,已收货,1	,2026-05-12 02:12:01,	,无售后或售后取消,168.99	,168.99	
趣白全自动洗面奶打泡机感应泡沫机绵密泡沫礼品新品懒人洗脸神器,260512-601630993941224,已收货,1	,2026-05-12 02:01:54,	,无售后或售后取消,136.89	,168.99	
趣白全自动洗面奶打泡机感应泡沫机绵密泡沫礼品新品懒人洗脸神器,260512-477783692923322,已发货，退款成功,1	,2026-05-12 02:03:15,	,退款成功,133.51	,168.99	
趣白全自动洗面奶打泡机感应泡沫机绵密泡沫礼品新品懒人洗脸神器,260512-649246819920052,已收货,1	,2026-05-12 00:52:26,	,无售后或售后取消,135.2	,168.99	
趣白全自动洗面奶打泡机感应泡沫机绵密泡沫礼品新品懒人洗脸神器,260512-163116500503403,已取消,1	,	,	,无售后或售后取消,118.3	,168.99	
趣白全自动洗面奶打泡机感应泡沫机绵密泡沫礼品新品懒人洗脸神器,260512-369853734501350,已收货,1	,2026-05-12 00:15:05,	,无售后或售后取消,168.99	,168.99	
趣白全自动洗面奶打泡机感应泡沫机绵密泡沫礼品新品懒人洗脸神器,260511-373964152462810,已收货,1	,2026-05-11 23:57:23,	,无售后或售后取消,162.99	,168.99	
趣白全自动洗面奶打泡机感应泡沫机绵密泡沫礼品新品懒人洗脸神器,260511-239389929020230,已收货，退款成功,1	,2026-05-11 23:52:43,	,退款成功,168.99	,168.99	
趣白全自动洗面奶打泡机感应泡沫机绵密泡沫礼品新品懒人洗脸神器,260511-182546613811798,已取消,1	,	,	,无售后或售后取消,135.2	,168.99	
趣白全自动洗面奶打泡机感应泡沫机绵密泡沫礼品新品懒人洗脸神器,260511-185021273693939,已收货,1	,2026-05-11 23:37:15,	,无售后或售后取消,135.2	,168.99	
趣白全自动洗面奶打泡机感应泡沫机绵密泡沫礼品新品懒人洗脸神器,260511-605426870692926,已收货,1	,2026-05-11 23:15:57,	,无售后或售后取消,138.58	,168.99	
趣白全自动洗面奶打泡机感应泡沫机绵密泡沫礼品新品懒人洗脸神器,260511-388728102551670,已收货,1	,2026-05-11 23:03:39,	,无售后或售后取消,135.2	,168.99	
趣白全自动洗面奶打泡机感应泡沫机绵密泡沫礼品新品懒人洗脸神器,260511-617244280452923,已收货,1	,2026-05-11 22:57:36,	,无售后或售后取消,118.3	,168.99	
趣白全自动洗面奶打泡机感应泡沫机绵密泡沫礼品新品懒人洗脸神器,260511-503201206701157,已收货,1	,2026-05-11 22:56:08,	,无售后或售后取消,143.65	,168.99	
趣白全自动洗面奶打泡机感应泡沫机绵密泡沫礼品新品懒人洗脸神器,260511-140614049283429,已收货,1	,2026-05-11 22:44:22,	,无售后或售后取消,126.75	,168.99	
趣白全自动洗面奶打泡机感应泡沫机绵密泡沫礼品新品懒人洗脸神器,260511-437308690753235,已发货，退款成功,1	,2026-05-11 22:36:00,	,退款成功,168.99	,168.99	
趣白全自动洗面奶打泡机感应泡沫机绵密泡沫礼品新品懒人洗脸神器,260511-018549359000206,已发货，退款成功,1	,2026-05-11 22:06:34,	,退款成功,126.75	,168.99	
趣白全自动洗面奶打泡机感应泡沫机绵密泡沫礼品新品懒人洗脸神器,260511-668467228260355,已发货，退款成功,1	,2026-05-11 22:05:40,	,退款成功,148.99	,168.99	
趣白全自动洗面奶打泡机感应泡沫机绵密泡沫礼品新品懒人洗脸神器,260511-620977221122262,已发货，退款成功,1	,2026-05-11 21:55:42,	,退款成功,143.65	,168.99	
趣白全自动洗面奶打泡机感应泡沫机绵密泡沫礼品新品懒人洗脸神器,260511-139230001581927,已收货,1	,2026-05-11 21:47:53,	,无售后或售后取消,128.44	,168.99	
趣白全自动洗面奶打泡机感应泡沫机绵密泡沫礼品新品懒人洗脸神器,260511-142029657610681,已收货,1	,2026-05-11 21:38:58,	,无售后或售后取消,143.65	,168.99	
趣白全自动洗面奶打泡机感应泡沫机绵密泡沫礼品新品懒人洗脸神器,260511-315873072664063,已收货,1	,2026-05-11 21:14:58,	,无售后或售后取消,143.65	,168.99	
趣白全自动洗面奶打泡机感应泡沫机绵密泡沫礼品新品懒人洗脸神器,260511-364107558453861,已收货,1	,2026-05-11 21:12:42,	,无售后或售后取消,143.65	,168.99	
趣白全自动洗面奶打泡机感应泡沫机绵密泡沫礼品新品懒人洗脸神器,260511-648816924301966,已收货,1	,2026-05-11 21:00:22,	,无售后或售后取消,135.2	,168.99	
趣白全自动洗面奶打泡机感应泡沫机绵密泡沫礼品新品懒人洗脸神器,260511-173948342703542,已收货,1	,2026-05-11 20:59:22,	,无售后或售后取消,135.2	,168.99	
趣白全自动洗面奶打泡机感应泡沫机绵密泡沫礼品新品懒人洗脸神器,260511-067297646103786,已收货,1	,2026-05-11 20:52:49,	,无售后或售后取消,168.99	,168.99	
趣白全自动洗面奶打泡机感应泡沫机绵密泡沫礼品新品懒人洗脸神器,260511-020677978500016,已收货,1	,2026-05-11 20:51:09,	,无售后或售后取消,126.75	,168.99	
趣白全自动洗面奶打泡机感应泡沫机绵密泡沫礼品新品懒人洗脸神器,260511-371804096123796,未发货，退款成功,1	,2026-05-11 20:34:59,	,退款成功,135.2	,168.99	
趣白全自动洗面奶打泡机感应泡沫机绵密泡沫礼品新品懒人洗脸神器,260511-459957942603670,已收货,1	,2026-05-11 20:23:56,	,无售后或售后取消,152.1	,168.99	
趣白全自动洗面奶打泡机感应泡沫机绵密泡沫礼品新品懒人洗脸神器,260511-247715643753801,已收货,1	,2026-05-11 20:04:11,	,无售后或售后取消,126.75	,168.99	
趣白全自动洗面奶打泡机感应泡沫机绵密泡沫礼品新品懒人洗脸神器,260511-229889840793996,已收货,1	,2026-05-11 20:02:14,	,无售后或售后取消,152.1	,168.99	
趣白全自动洗面奶打泡机感应泡沫机绵密泡沫礼品新品懒人洗脸神器,260511-188911501652036,已取消,1	,	,	,无售后或售后取消,168.99	,168.99	
趣白全自动洗面奶打泡机感应泡沫机绵密泡沫礼品新品懒人洗脸神器,260511-401352957502405,已收货,1	,2026-05-11 19:26:52,	,无售后或售后取消,168.99	,168.99	
趣白全自动洗面奶打泡机感应泡沫机绵密泡沫礼品新品懒人洗脸神器,260511-035829922173512,已发货，退款成功,1	,2026-05-11 19:20:21,	,退款成功,168.99	,168.99	
趣白全自动洗面奶打泡机感应泡沫机绵密泡沫礼品新品懒人洗脸神器,260511-171190525483576,已取消,1	,	,	,无售后或售后取消,118.3	,168.99	
趣白全自动洗面奶打泡机感应泡沫机绵密泡沫礼品新品懒人洗脸神器,260511-667607437701317,已收货,1	,2026-05-11 18:19:22,	,无售后或售后取消,168.99	,168.99	
趣白全自动洗面奶打泡机感应泡沫机绵密泡沫礼品新品懒人洗脸神器,260511-489936678550487,已收货,1	,2026-05-11 17:49:47,	,无售后或售后取消,135.2	,168.99	
趣白全自动洗面奶打泡机感应泡沫机绵密泡沫礼品新品懒人洗脸神器,260511-561659266641799,已收货,1	,2026-05-12 10:57:38,已登记,无售后或售后取消,126.75	,168.99	
趣白全自动洗面奶打泡机感应泡沫机绵密泡沫礼品新品懒人洗脸神器,260511-331685620110966,已收货,1	,2026-05-11 17:20:09,	,无售后或售后取消,168.99	,168.99	
趣白全自动洗面奶打泡机感应泡沫机绵密泡沫礼品新品懒人洗脸神器,260511-623703550373886,已收货,1	,2026-05-11 17:13:39,	,无售后或售后取消,133.51	,168.99	
趣白全自动洗面奶打泡机感应泡沫机绵密泡沫礼品新品懒人洗脸神器,260511-191134471831341,已发货，退款成功,1	,2026-05-11 17:01:13,	,退款成功,168.99	,168.99	
趣白全自动洗面奶打泡机感应泡沫机绵密泡沫礼品新品懒人洗脸神器,260511-520492204340443,已收货,1	,2026-05-11 16:45:03,	,无售后或售后取消,148.72	,168.99	
趣白全自动洗面奶打泡机感应泡沫机绵密泡沫礼品新品懒人洗脸神器,260511-341730998672993,已收货,1	,2026-05-11 16:37:04,	,无售后或售后取消,143.65	,168.99	
趣白全自动洗面奶打泡机感应泡沫机绵密泡沫礼品新品懒人洗脸神器,260511-317770985112362,未发货，退款成功,1	,2026-05-11 16:26:30,	,退款成功,168.99	,168.99	
趣白全自动洗面奶打泡机感应泡沫机绵密泡沫礼品新品懒人洗脸神器,260511-205720153662605,已收货,1	,2026-05-11 16:23:04,	,无售后或售后取消,168.99	,168.99	
趣白全自动洗面奶打泡机感应泡沫机绵密泡沫礼品新品懒人洗脸神器,260511-304758156924082,已收货,1	,2026-05-11 16:20:35,	,无售后或售后取消,152.1	,168.99	
趣白全自动洗面奶打泡机感应泡沫机绵密泡沫礼品新品懒人洗脸神器,260511-243437442582864,已收货,1	,2026-05-11 16:17:31,	,无售后或售后取消,147.03	,168.99	
趣白全自动洗面奶打泡机感应泡沫机绵密泡沫礼品新品懒人洗脸神器,260511-122190579233295,已取消,1	,	,	,无售后或售后取消,141.96	,168.99	
趣白全自动洗面奶打泡机感应泡沫机绵密泡沫礼品新品懒人洗脸神器,260511-157506660683550,已发货，退款成功,1	,2026-05-11 16:00:27,	,退款成功,168.99	,168.99	
趣白全自动洗面奶打泡机感应泡沫机绵密泡沫礼品新品懒人洗脸神器,260511-077741484362933,已收货,1	,2026-05-11 15:56:50,	,无售后或售后取消,163.81	,168.99	
趣白全自动洗面奶打泡机感应泡沫机绵密泡沫礼品新品懒人洗脸神器,260511-202668849503511,已发货，退款成功,1	,2026-05-11 15:50:16,	,退款成功,152.1	,168.99	
趣白全自动洗面奶打泡机感应泡沫机绵密泡沫礼品新品懒人洗脸神器,260511-544085132921439,未发货，退款成功,1	,2026-05-11 15:48:17,	,退款成功,164.27	,168.99	
趣白全自动洗面奶打泡机感应泡沫机绵密泡沫礼品新品懒人洗脸神器,260511-342643259832088,已收货,1	,2026-05-11 15:42:31,	,无售后或售后取消,136.89	,168.99	
趣白全自动洗面奶打泡机感应泡沫机绵密泡沫礼品新品懒人洗脸神器,260511-237984889271664,已收货,1	,2026-05-12 14:49:37,	,无售后或售后取消,126.75	,168.99	
趣白全自动洗面奶打泡机感应泡沫机绵密泡沫礼品新品懒人洗脸神器,260511-605657525821137,已发货，退款成功,1	,2026-05-11 15:26:03,	,退款成功,168.99	,168.99	
趣白全自动洗面奶打泡机感应泡沫机绵密泡沫礼品新品懒人洗脸神器,260511-007444897341137,已发货，退款成功,1	,2026-05-11 15:25:45,	,退款成功,118.3	,168.99	
趣白全自动洗面奶打泡机感应泡沫机绵密泡沫礼品新品懒人洗脸神器,260511-645010635123518,未发货，退款成功,1	,2026-05-11 15:19:41,	,退款成功,160.55	,168.99	
趣白全自动洗面奶打泡机感应泡沫机绵密泡沫礼品新品懒人洗脸神器,260511-271497315872884,已收货,1	,2026-05-11 15:22:14,	,无售后或售后取消,126.75	,168.99	
趣白全自动洗面奶打泡机感应泡沫机绵密泡沫礼品新品懒人洗脸神器,260511-477248919120260,已收货,1	,2026-05-11 15:01:42,	,无售后或售后取消,143.65	,168.99	
趣白全自动洗面奶打泡机感应泡沫机绵密泡沫礼品新品懒人洗脸神器,260511-257320558160260,未发货，退款成功,2	,2026-05-11 15:01:15,	,退款成功,284.42	,334.61	
趣白全自动洗面奶打泡机感应泡沫机绵密泡沫礼品新品懒人洗脸神器,260511-269945443892895,已收货,1	,2026-05-11 14:45:21,	,无售后或售后取消,145.34	,168.99	
趣白全自动洗面奶打泡机感应泡沫机绵密泡沫礼品新品懒人洗脸神器,260511-576989510051655,已发货，退款成功,1	,2026-05-11 14:25:19,	,退款成功,126.75	,168.99	
趣白全自动洗面奶打泡机感应泡沫机绵密泡沫礼品新品懒人洗脸神器,260511-646006751531335,已收货,1	,2026-05-11 14:19:04,	,无售后或售后取消,143.65	,168.99	
趣白全自动洗面奶打泡机感应泡沫机绵密泡沫礼品新品懒人洗脸神器,260511-602941693470820,已收货,1	,2026-05-11 14:07:33,	,无售后或售后取消,168.99	,168.99	
趣白全自动洗面奶打泡机感应泡沫机绵密泡沫礼品新品懒人洗脸神器,260511-194039068970433,已收货,1	,2026-05-11 14:05:51,	,无售后或售后取消,152.1	,168.99	
趣白全自动洗面奶打泡机感应泡沫机绵密泡沫礼品新品懒人洗脸神器,260511-027692941690233,已收货,1	,2026-05-11 13:56:05,	,无售后或售后取消,147.03	,168.99	
趣白全自动洗面奶打泡机感应泡沫机绵密泡沫礼品新品懒人洗脸神器,260511-314887452961572,已收货,1	,2026-05-11 13:53:02,	,无售后或售后取消,126.75	,168.99	
趣白全自动洗面奶打泡机感应泡沫机绵密泡沫礼品新品懒人洗脸神器,260511-651732007211830,已收货,1	,2026-05-11 13:39:04,	,无售后或售后取消,152.1	,168.99	
趣白全自动洗面奶打泡机感应泡沫机绵密泡沫礼品新品懒人洗脸神器,260511-080740390421670,已收货,1	,2026-05-11 13:40:57,	,无售后或售后取消,148.99	,168.99	
趣白全自动洗面奶打泡机感应泡沫机绵密泡沫礼品新品懒人洗脸神器,260511-354628421141670,已取消,1	,	,	,无售后或售后取消,152.1	,168.99	
趣白全自动洗面奶打泡机感应泡沫机绵密泡沫礼品新品懒人洗脸神器,260511-081075956142193,未发货，退款成功,1	,2026-05-11 13:23:33,	,退款成功,168.99	,168.99	
趣白全自动洗面奶打泡机感应泡沫机绵密泡沫礼品新品懒人洗脸神器,260511-293664222831579,已发货，退款成功,1	,2026-05-11 13:09:38,	,退款成功,143.65	,168.99	
趣白全自动洗面奶打泡机感应泡沫机绵密泡沫礼品新品懒人洗脸神器,260511-430178373941187,已发货，退款成功,1	,2026-05-11 12:41:45,	,退款成功,118.3	,168.99	
趣白全自动洗面奶打泡机感应泡沫机绵密泡沫礼品新品懒人洗脸神器,260511-658568681060803,已发货，退款成功,1	,2026-05-11 12:32:26,	,退款成功,140.27	,168.99	
趣白全自动洗面奶打泡机感应泡沫机绵密泡沫礼品新品懒人洗脸神器,260511-212619783753040,未发货，退款成功,1	,2026-05-11 11:54:46,	,退款成功,126.75	,168.99	
趣白全自动洗面奶打泡机感应泡沫机绵密泡沫礼品新品懒人洗脸神器,260511-363331653972258,已收货,1	,2026-05-11 11:47:12,	,无售后或售后取消,133.51	,168.99	
趣白全自动洗面奶打泡机感应泡沫机绵密泡沫礼品新品懒人洗脸神器,260511-307620800891930,已收货,1	,2026-05-11 11:42:32,	,无售后或售后取消,135.2	,168.99	
趣白全自动洗面奶打泡机感应泡沫机绵密泡沫礼品新品懒人洗脸神器,260511-590851684733512,已发货，退款成功,1	,2026-05-11 11:33:25,	,退款成功,168.99	,168.99	
趣白全自动洗面奶打泡机感应泡沫机绵密泡沫礼品新品懒人洗脸神器,260511-174336253580612,已收货,1	,2026-05-11 11:18:25,	,无售后或售后取消,131.82	,168.99	
趣白全自动洗面奶打泡机感应泡沫机绵密泡沫礼品新品懒人洗脸神器,260511-434896914042289,已发货，退款成功,1	,2026-05-11 11:16:46,	,退款成功,141.96	,168.99	
趣白全自动洗面奶打泡机感应泡沫机绵密泡沫礼品新品懒人洗脸神器,260511-244832028203238,已收货,1	,2026-05-11 11:06:08,	,无售后或售后取消,118.99	,168.99	
趣白全自动洗面奶打泡机感应泡沫机绵密泡沫礼品新品懒人洗脸神器,260511-527528180090954,已收货,1	,2026-05-11 11:04:28,	,无售后或售后取消,126.75	,168.99	
趣白全自动洗面奶打泡机感应泡沫机绵密泡沫礼品新品懒人洗脸神器,260511-510499275071739,已收货,1	,2026-05-11 10:20:07,	,无售后或售后取消,135.2	,168.99	
趣白全自动洗面奶打泡机感应泡沫机绵密泡沫礼品新品懒人洗脸神器,260511-223996885313597,已收货,1	,2026-05-11 10:03:14,	,无售后或售后取消,168.99	,168.99	
趣白全自动洗面奶打泡机感应泡沫机绵密泡沫礼品新品懒人洗脸神器,260511-558261900821670,已取消,1	,	,	,无售后或售后取消,168.99	,168.99	
趣白全自动洗面奶打泡机感应泡沫机绵密泡沫礼品新品懒人洗脸神器,260511-127192338793581,已收货,1	,2026-05-11 09:55:34,	,无售后或售后取消,145.34	,168.99	
趣白全自动洗面奶打泡机感应泡沫机绵密泡沫礼品新品懒人洗脸神器,260511-217768313170931,已取消,1	,	,	,无售后或售后取消,168.99	,168.99	
趣白全自动洗面奶打泡机感应泡沫机绵密泡沫礼品新品懒人洗脸神器,260511-228946091570923,未发货，退款成功,1	,2026-05-11 09:29:02,	,退款成功,160.55	,168.99	
趣白全自动洗面奶打泡机感应泡沫机绵密泡沫礼品新品懒人洗脸神器,260511-204744999253836,已收货,1	,2026-05-11 09:26:29,	,无售后或售后取消,133.51	,168.99	
趣白全自动洗面奶打泡机感应泡沫机绵密泡沫礼品新品懒人洗脸神器,260511-021894274613983,已收货,1	,2026-05-11 09:07:13,	,无售后或售后取消,126.75	,168.99	
趣白全自动洗面奶打泡机感应泡沫机绵密泡沫礼品新品懒人洗脸神器,260511-429800824342320,已取消,1	,	,	,无售后或售后取消,141.96	,168.99	
趣白全自动洗面奶打泡机感应泡沫机绵密泡沫礼品新品懒人洗脸神器,260511-223063632273886,已收货,1	,2026-05-11 08:16:57,	,无售后或售后取消,126.75	,168.99	
趣白全自动洗面奶打泡机感应泡沫机绵密泡沫礼品新品懒人洗脸神器,260511-250672638252027,已收货,1	,2026-05-11 08:10:32,	,无售后或售后取消,143.65	,168.99	
趣白全自动洗面奶打泡机感应泡沫机绵密泡沫礼品新品懒人洗脸神器,260511-464991065713348,已发货，退款成功,1	,2026-05-11 08:07:14,	,退款成功,145.34	,168.99	
趣白全自动洗面奶打泡机感应泡沫机绵密泡沫礼品新品懒人洗脸神器,260511-281312028963289,已收货,1	,2026-05-11 07:59:18,	,无售后或售后取消,143.65	,168.99	
趣白全自动洗面奶打泡机感应泡沫机绵密泡沫礼品新品懒人洗脸神器,260511-215482386070245,已收货,1	,2026-05-11 07:51:33,	,无售后或售后取消,168.99	,168.99	
趣白全自动洗面奶打泡机感应泡沫机绵密泡沫礼品新品懒人洗脸神器,260511-526102106442426,已收货,1	,2026-05-11 07:41:59,	,无售后或售后取消,168.99	,168.99	
趣白全自动洗面奶打泡机感应泡沫机绵密泡沫礼品新品懒人洗脸神器,260511-234503575052029,已收货,1	,2026-05-11 07:31:07,	,无售后或售后取消,118.99	,168.99	
趣白全自动皂液器感应皂液器凝胶机洗洁精沐浴露卫生间厨房,260511-118447194451248,未发货，退款成功,1	,2026-05-11 07:18:45,	,退款成功,80.0	,85.0	
趣白全自动洗面奶打泡机感应泡沫机绵密泡沫礼品新品懒人洗脸神器,260511-084620142943213,未发货，退款成功,1	,2026-05-11 07:11:42,	,退款成功,141.96	,168.99	
趣白全自动洗面奶打泡机感应泡沫机绵密泡沫礼品新品懒人洗脸神器,260511-459119009320503,已发货，退款成功,1	,2026-05-11 06:13:18,	,退款成功,141.96	,168.99	
趣白全自动洗面奶打泡机感应泡沫机绵密泡沫礼品新品懒人洗脸神器,260511-073610063390394,已收货,1	,2026-05-11 02:46:58,	,无售后或售后取消,168.99	,168.99	
趣白全自动洗面奶打泡机感应泡沫机绵密泡沫礼品新品懒人洗脸神器,260511-644129821060443,已收货,1	,2026-05-11 02:26:45,	,无售后或售后取消,160.55	,168.99	
趣白全自动洗面奶打泡机感应泡沫机绵密泡沫礼品新品懒人洗脸神器,260511-672577646151346,已收货,1	,2026-05-11 01:17:54,	,无售后或售后取消,168.99	,168.99	
趣白全自动洗面奶打泡机感应泡沫机绵密泡沫礼品新品懒人洗脸神器,260511-123742471692049,未发货，退款成功,1	,2026-05-11 01:10:04,	,退款成功,145.34	,168.99	
趣白全自动洗面奶打泡机感应泡沫机绵密泡沫礼品新品懒人洗脸神器,260511-019136540271919,已收货,1	,2026-05-11 00:56:11,	,无售后或售后取消,126.75	,168.99	
趣白全自动洗面奶打泡机感应泡沫机绵密泡沫礼品新品懒人洗脸神器,260511-147985590592666,已收货,1	,2026-05-11 00:53:22,	,无售后或售后取消,130.13	,168.99	
趣白全自动洗面奶打泡机感应泡沫机绵密泡沫礼品新品懒人洗脸神器,260511-524854249011798,已取消,1	,	,	,无售后或售后取消,138.58	,168.99	
趣白全自动洗面奶打泡机感应泡沫机绵密泡沫礼品新品懒人洗脸神器,260511-272084528671348,已收货,1	,2026-05-11 00:39:55,	,无售后或售后取消,136.89	,168.99	
趣白全自动洗面奶打泡机感应泡沫机绵密泡沫礼品新品懒人洗脸神器,260511-231882166702753,已收货,1	,2026-05-11 00:28:32,	,无售后或售后取消,168.99	,168.99	
趣白全自动洗面奶打泡机感应泡沫机绵密泡沫礼品新品懒人洗脸神器,260511-483236277911251,已收货,1	,2026-05-11 00:14:00,	,无售后或售后取消,140.27	,168.99	
趣白全自动洗面奶打泡机感应泡沫机绵密泡沫礼品新品懒人洗脸神器,260511-135706775971076,已发货，退款成功,1	,2026-05-11 00:08:14,	,退款成功,147.03	,168.99	
趣白全自动洗面奶打泡机感应泡沫机绵密泡沫礼品新品懒人洗脸神器,260511-455396626853854,已收货,1	,2026-05-11 00:06:37,	,无售后或售后取消,131.82	,168.99	
趣白全自动洗面奶打泡机感应泡沫机绵密泡沫礼品新品懒人洗脸神器,260511-195664299640772,已收货,1	,2026-05-11 00:05:31,	,无售后或售后取消,138.99	,168.99	
趣白全自动洗面奶打泡机感应泡沫机绵密泡沫礼品新品懒人洗脸神器,260511-187737116961595,已发货，退款成功,1	,2026-05-11 00:00:14,	,退款成功,168.99	,168.99	
趣白全自动洗面奶打泡机感应泡沫机绵密泡沫礼品新品懒人洗脸神器,260510-304967924122192,已收货,1	,2026-05-10 23:16:01,	,无售后或售后取消,152.1	,168.99	
趣白全自动洗面奶打泡机感应泡沫机绵密泡沫礼品新品懒人洗脸神器,260510-632532528723532,已收货,1	,2026-05-10 22:21:12,	,无售后或售后取消,168.99	,168.99	
趣白全自动洗面奶打泡机感应泡沫机绵密泡沫礼品新品懒人洗脸神器,260510-526699774253679,已发货，退款成功,1	,2026-05-10 22:19:41,	,退款成功,143.65	,168.99	
趣白全自动洗面奶打泡机感应泡沫机绵密泡沫礼品新品懒人洗脸神器,260510-150669903360867,已发货，退款成功,1	,2026-05-10 22:16:34,	,退款成功,168.99	,168.99	
趣白全自动洗面奶打泡机感应泡沫机绵密泡沫礼品新品懒人洗脸神器,260510-001090578803562,已收货,1	,2026-05-10 22:07:20,	,无售后或售后取消,138.99	,168.99	
趣白全自动洗面奶打泡机感应泡沫机绵密泡沫礼品新品懒人洗脸神器,260510-452334743192845,已收货,1	,2026-05-10 21:55:21,	,无售后或售后取消,168.99	,168.99	
趣白全自动洗面奶打泡机感应泡沫机绵密泡沫礼品新品懒人洗脸神器,260510-152934879532662,已发货，退款成功,1	,2026-05-10 21:50:10,	,退款成功,147.03	,168.99	
趣白全自动洗面奶打泡机感应泡沫机绵密泡沫礼品新品懒人洗脸神器,260510-634954781093571,已收货，退款成功,1	,2026-05-10 21:48:55,	,退款成功,143.65	,168.99	
趣白全自动洗面奶打泡机感应泡沫机绵密泡沫礼品新品懒人洗脸神器,260510-300826028430952,已发货，退款成功,1	,2026-05-10 21:44:17,	,退款成功,168.99	,168.99	
趣白全自动洗面奶打泡机感应泡沫机绵密泡沫礼品新品懒人洗脸神器,260510-652570857883614,已收货,1	,2026-05-10 21:42:43,	,无售后或售后取消,168.99	,168.99	
趣白全自动洗面奶打泡机感应泡沫机绵密泡沫礼品新品懒人洗脸神器,260510-526532022671064,已收货,1	,2026-05-10 20:39:58,	,无售后或售后取消,118.3	,168.99	
趣白全自动洗面奶打泡机感应泡沫机绵密泡沫礼品新品懒人洗脸神器,260510-556426934692470,已收货,1	,2026-05-10 20:43:24,	,无售后或售后取消,118.3	,168.99	
趣白全自动洗面奶打泡机感应泡沫机绵密泡沫礼品新品懒人洗脸神器,260510-074123875960830,已收货,1	,2026-05-10 20:36:38,	,无售后或售后取消,126.75	,168.99	
趣白全自动洗面奶打泡机感应泡沫机绵密泡沫礼品新品懒人洗脸神器,260510-034571610490735,已收货,1	,2026-05-10 20:36:43,	,无售后或售后取消,141.96	,168.99	
趣白全自动洗面奶打泡机感应泡沫机绵密泡沫礼品新品懒人洗脸神器,260510-140813340960221,已收货,1	,2026-05-10 20:19:58,	,无售后或售后取消,126.75	,168.99	
趣白全自动洗面奶打泡机感应泡沫机绵密泡沫礼品新品懒人洗脸神器,260510-285600694703886,已收货,1	,2026-05-10 19:51:48,	,无售后或售后取消,126.75	,168.99	
趣白全自动洗面奶打泡机感应泡沫机绵密泡沫礼品新品懒人洗脸神器,260510-538097763852049,未发货，退款成功,1	,2026-05-10 19:45:00,	,退款成功,168.99	,168.99	
趣白全自动洗面奶打泡机感应泡沫机绵密泡沫礼品新品懒人洗脸神器,260510-164678899223908,已收货,1	,2026-05-10 19:43:47,	,无售后或售后取消,168.99	,168.99	
趣白全自动洗面奶打泡机感应泡沫机绵密泡沫礼品新品懒人洗脸神器,260510-204451356281358,已收货,1	,2026-05-10 19:41:52,	,无售后或售后取消,125.06	,168.99	
趣白全自动洗面奶打泡机感应泡沫机绵密泡沫礼品新品懒人洗脸神器,260510-290633859402947,已收货,1	,2026-05-10 19:35:33,	,无售后或售后取消,121.68	,168.99	
趣白全自动洗面奶打泡机感应泡沫机绵密泡沫礼品新品懒人洗脸神器,260510-289302136371798,已取消,1	,	,	,无售后或售后取消,147.03	,168.99	
趣白全自动洗面奶打泡机感应泡沫机绵密泡沫礼品新品懒人洗脸神器,260510-603099052362477,已收货,1	,2026-05-10 19:17:05,	,无售后或售后取消,118.3	,168.99	
趣白全自动洗面奶打泡机感应泡沫机绵密泡沫礼品新品懒人洗脸神器,260510-313272583780913,已收货,1	,2026-05-10 19:05:03,	,无售后或售后取消,152.1	,168.99	
趣白全自动洗面奶打泡机感应泡沫机绵密泡沫礼品新品懒人洗脸神器,260510-287519599030346,已收货,1	,2026-05-10 18:46:43,	,无售后或售后取消,162.99	,168.99	
趣白全自动洗面奶打泡机感应泡沫机绵密泡沫礼品新品懒人洗脸神器,260510-099446976022110,已发货，退款成功,1	,2026-05-10 18:32:16,	,退款成功,165.99	,168.99	
趣白全自动洗面奶打泡机感应泡沫机绵密泡沫礼品新品懒人洗脸神器,260510-447238653491688,已收货,1	,2026-05-10 18:30:55,	,无售后或售后取消,135.2	,168.99	
趣白全自动洗面奶打泡机感应泡沫机绵密泡沫礼品新品懒人洗脸神器,260510-044417707613119,已收货,1	,2026-05-10 18:21:21,	,无售后或售后取消,143.65	,168.99	
趣白全自动洗面奶打泡机感应泡沫机绵密泡沫礼品新品懒人洗脸神器,260510-192319342083880,已收货,1	,2026-05-10 18:14:45,	,无售后或售后取消,135.2	,168.99	
趣白全自动洗面奶打泡机感应泡沫机绵密泡沫礼品新品懒人洗脸神器,260510-535528742521849,已收货,1	,2026-05-10 18:00:33,	,无售后或售后取消,126.75	,168.99	
趣白全自动洗面奶打泡机感应泡沫机绵密泡沫礼品新品懒人洗脸神器,260510-066353917563241,已收货,1	,2026-05-10 17:21:14,	,无售后或售后取消,168.99	,168.99	
趣白全自动洗面奶打泡机感应泡沫机绵密泡沫礼品新品懒人洗脸神器,260510-073022850621754,已取消,1	,	,	,无售后或售后取消,126.75	,168.99	
趣白全自动洗面奶打泡机感应泡沫机绵密泡沫礼品新品懒人洗脸神器,260510-310095398472385,未发货，退款成功,1	,2026-05-10 16:48:38,	,退款成功,168.99	,168.99	
趣白全自动洗面奶打泡机感应泡沫机绵密泡沫礼品新品懒人洗脸神器,260510-488678377073422,已收货,1	,2026-05-10 16:25:55,	,无售后或售后取消,152.1	,168.99	
趣白全自动洗面奶打泡机感应泡沫机绵密泡沫礼品新品懒人洗脸神器,260510-393016850782093,已收货,1	,2026-05-10 16:23:53,	,无售后或售后取消,168.99	,168.99	
趣白全自动洗面奶打泡机感应泡沫机绵密泡沫礼品新品懒人洗脸神器,260510-122526155130283,已收货，退款成功,1	,2026-05-10 16:14:05,(收)[QBPH004]*[1]#,退款成功,148.99	,168.99	
趣白全自动洗面奶打泡机感应泡沫机绵密泡沫礼品新品懒人洗脸神器,260510-051820633612701,已收货，退款成功,1	,2026-05-10 16:09:39,(收)[QBPH004]*[1]#,退款成功,126.75	,168.99	
趣白全自动洗面奶打泡机感应泡沫机绵密泡沫礼品新品懒人洗脸神器,260510-292804369983534,已收货,1	,2026-05-10 16:04:01,	,无售后或售后取消,166.99	,168.99	
趣白全自动洗面奶打泡机感应泡沫机绵密泡沫礼品新品懒人洗脸神器,260510-153553549701788,已收货,1	,2026-05-10 16:02:22,	,无售后或售后取消,152.1	,168.99	
趣白全自动洗面奶打泡机感应泡沫机绵密泡沫礼品新品懒人洗脸神器,260510-420520999201123,未发货，退款成功,1	,2026-05-10 15:58:21,	,退款成功,168.99	,168.99	
趣白全自动洗面奶打泡机感应泡沫机绵密泡沫礼品新品懒人洗脸神器,260510-396969940583621,已收货,1	,2026-05-10 15:27:59,	,无售后或售后取消,168.99	,168.99	
趣白全自动洗面奶打泡机感应泡沫机绵密泡沫礼品新品懒人洗脸神器,260510-076975992423968,已收货，退款成功,1	,2026-05-10 15:14:43,	,退款成功,152.1	,168.99	
趣白全自动洗面奶打泡机感应泡沫机绵密泡沫礼品新品懒人洗脸神器,260510-385634875771102,已收货,1	,2026-05-10 15:13:44,	,无售后或售后取消,168.99	,168.99	
趣白全自动洗面奶打泡机感应泡沫机绵密泡沫礼品新品懒人洗脸神器,260510-086664886680520,未发货，退款成功,1	,2026-05-10 15:10:12,	,退款成功,135.2	,168.99	
趣白全自动洗面奶打泡机感应泡沫机绵密泡沫礼品新品懒人洗脸神器,260510-073714962781020,未发货，退款成功,1	,2026-05-10 15:09:31,	,退款成功,145.34	,168.99	
趣白全自动洗面奶打泡机感应泡沫机绵密泡沫礼品新品懒人洗脸神器,260510-270081769851507,已收货,1	,2026-05-10 15:07:13,	,无售后或售后取消,143.65	,168.99	
趣白全自动洗面奶打泡机感应泡沫机绵密泡沫礼品新品懒人洗脸神器,260510-314006597133722,已收货,1	,2026-05-10 15:03:47,	,无售后或售后取消,168.99	,168.99	
趣白全自动洗面奶打泡机感应泡沫机绵密泡沫礼品新品懒人洗脸神器,260510-373062439351909,已收货,1	,2026-05-10 15:01:27,	,无售后或售后取消,143.65	,168.99	
趣白全自动洗面奶打泡机感应泡沫机绵密泡沫礼品新品懒人洗脸神器,260510-585315130991001,已收货,1	,2026-05-10 14:59:34,	,无售后或售后取消,145.34	,168.99	
趣白全自动洗面奶打泡机感应泡沫机绵密泡沫礼品新品懒人洗脸神器,260510-592403535373355,已收货，退款成功,1	,2026-05-10 14:57:46,	,退款成功,168.99	,168.99	
趣白全自动洗面奶打泡机感应泡沫机绵密泡沫礼品新品懒人洗脸神器,260510-114064115223014,已取消,1	,	,	,无售后或售后取消,168.99	,168.99	
趣白全自动洗面奶打泡机感应泡沫机绵密泡沫礼品新品懒人洗脸神器,260510-015026174393579,已取消,1	,	,	,无售后或售后取消,118.99	,168.99	
趣白全自动洗面奶打泡机感应泡沫机绵密泡沫礼品新品懒人洗脸神器,260510-587726866050744,已收货,1	,2026-05-10 14:37:49,	,无售后或售后取消,138.99	,168.99	
趣白全自动洗面奶打泡机感应泡沫机绵密泡沫礼品新品懒人洗脸神器,260510-264408942111618,已收货,1	,2026-05-10 14:33:15,	,无售后或售后取消,145.34	,168.99	
趣白全自动洗面奶打泡机感应泡沫机绵密泡沫礼品新品懒人洗脸神器,260510-598915203460560,已收货,1	,2026-05-10 14:25:13,	,无售后或售后取消,118.3	,168.99	
趣白全自动洗面奶打泡机感应泡沫机绵密泡沫礼品新品懒人洗脸神器,260510-513991011861466,已收货,1	,2026-05-10 14:23:54,	,无售后或售后取消,135.2	,168.99	
趣白全自动洗面奶打泡机感应泡沫机绵密泡沫礼品新品懒人洗脸神器,260510-202763159180766,已收货，退款成功,1	,2026-05-10 14:21:07,	,退款成功,168.99	,168.99	
趣白全自动洗面奶打泡机感应泡沫机绵密泡沫礼品新品懒人洗脸神器,260510-678911034991046,已收货,1	,2026-05-10 14:20:16,	,无售后或售后取消,131.82	,168.99	
趣白全自动洗面奶打泡机感应泡沫机绵密泡沫礼品新品懒人洗脸神器,260510-456025710091151,已收货,2	,2026-05-10 14:16:34,	,无售后或售后取消,284.42	,334.61	
趣白全自动洗面奶打泡机感应泡沫机绵密泡沫礼品新品懒人洗脸神器,260510-655664115271515,已收货,1	,2026-05-10 14:07:54,	,无售后或售后取消,118.3	,168.99	
趣白全自动洗面奶打泡机感应泡沫机绵密泡沫礼品新品懒人洗脸神器,260510-241969457441282,已发货，退款成功,1	,2026-05-10 13:50:38,	,退款成功,118.99	,168.99	
趣白全自动洗面奶打泡机感应泡沫机绵密泡沫礼品新品懒人洗脸神器,260510-209757213030025,已收货,1	,2026-05-10 13:46:54,	,无售后或售后取消,168.99	,168.99	
趣白全自动洗面奶打泡机感应泡沫机绵密泡沫礼品新品懒人洗脸神器,260510-543560896883100,已取消,1	,	,	,无售后或售后取消,131.82	,168.99	
趣白全自动洗面奶打泡机感应泡沫机绵密泡沫礼品新品懒人洗脸神器,260510-587957542513643,已收货,1	,2026-05-10 13:40:49,	,无售后或售后取消,168.99	,168.99	
趣白全自动洗面奶打泡机感应泡沫机绵密泡沫礼品新品懒人洗脸神器,260510-132686877021088,已收货,1	,2026-05-10 13:37:08,	,无售后或售后取消,143.65	,168.99	
趣白全自动洗面奶打泡机感应泡沫机绵密泡沫礼品新品懒人洗脸神器,260510-433418453290332,已收货,1	,2026-05-10 13:20:52,	,无售后或售后取消,126.75	,168.99	
趣白全自动洗面奶打泡机感应泡沫机绵密泡沫礼品新品懒人洗脸神器,260510-572354773292712,已发货，退款成功,1	,2026-05-10 13:19:49,	,退款成功,143.65	,168.99	
趣白全自动洗面奶打泡机感应泡沫机绵密泡沫礼品新品懒人洗脸神器,260510-544777213533823,已收货,1	,2026-05-10 13:10:45,	,无售后或售后取消,138.58	,168.99	
趣白全自动洗面奶打泡机感应泡沫机绵密泡沫礼品新品懒人洗脸神器,260510-678994921030482,已收货,1	,2026-05-10 13:05:42,	,无售后或售后取消,148.72	,168.99	
趣白全自动洗面奶打泡机感应泡沫机绵密泡沫礼品新品懒人洗脸神器,260510-549726481941332,已收货,1	,2026-05-10 13:05:51,	,无售后或售后取消,149.22	,168.99	
趣白全自动洗面奶打泡机感应泡沫机绵密泡沫礼品新品懒人洗脸神器,260510-524183180950338,已收货,1	,2026-05-10 13:05:21,	,无售后或售后取消,125.06	,168.99	
趣白全自动洗面奶打泡机感应泡沫机绵密泡沫礼品新品懒人洗脸神器,260510-397662021963674,已收货,1	,2026-05-10 12:44:34,	,无售后或售后取消,118.3	,168.99	
趣白全自动洗面奶打泡机感应泡沫机绵密泡沫礼品新品懒人洗脸神器,260510-369528675990103,未发货，退款成功,1	,2026-05-10 12:35:07,	,退款成功,168.99	,168.99	
趣白全自动洗面奶打泡机感应泡沫机绵密泡沫礼品新品懒人洗脸神器,260510-154780363143030,已收货,1	,2026-05-10 12:32:08,	,无售后或售后取消,152.1	,168.99	
趣白全自动洗面奶打泡机感应泡沫机绵密泡沫礼品新品懒人洗脸神器,260510-343052131841302,已收货,1	,2026-05-10 12:32:04,	,无售后或售后取消,168.99	,168.99	
趣白全自动洗面奶打泡机感应泡沫机绵密泡沫礼品新品懒人洗脸神器,260510-126164672102030,已发货，退款成功,1	,2026-05-10 12:15:24,	,退款成功,143.65	,168.99	
趣白全自动洗面奶打泡机感应泡沫机绵密泡沫礼品新品懒人洗脸神器,260510-500191731231055,已收货,1	,2026-05-10 11:52:16,	,无售后或售后取消,168.99	,168.99	
趣白全自动洗面奶打泡机感应泡沫机绵密泡沫礼品新品懒人洗脸神器,260510-548195602740550,已收货，退款成功,1	,2026-05-10 11:38:30,	,退款成功,138.99	,168.99	
趣白全自动洗面奶打泡机感应泡沫机绵密泡沫礼品新品懒人洗脸神器,260510-633539141252018,已收货,1	,2026-05-10 11:34:06,	,无售后或售后取消,143.65	,168.99	
趣白全自动洗面奶打泡机感应泡沫机绵密泡沫礼品新品懒人洗脸神器,260510-536912924980256,已收货,1	,2026-05-10 11:27:35,	,无售后或售后取消,160.55	,168.99	
趣白全自动洗面奶打泡机感应泡沫机绵密泡沫礼品新品懒人洗脸神器,260510-372045320590981,已收货,1	,2026-05-10 11:24:37,	,无售后或售后取消,121.68	,168.99	
趣白全自动洗面奶打泡机感应泡沫机绵密泡沫礼品新品懒人洗脸神器,260510-201326641522050,已收货,1	,2026-05-10 11:19:15,	,无售后或售后取消,140.27	,168.99	
趣白全自动洗面奶打泡机感应泡沫机绵密泡沫礼品新品懒人洗脸神器,260510-388749125991603,未发货，退款成功,1	,2026-05-10 11:15:36,	,退款成功,168.99	,168.99	
趣白全自动洗面奶打泡机感应泡沫机绵密泡沫礼品新品懒人洗脸神器,260510-355939141270476,已收货,1	,2026-05-10 11:13:56,	,无售后或售后取消,160.55	,168.99	
趣白全自动洗面奶打泡机感应泡沫机绵密泡沫礼品新品懒人洗脸神器,260510-396990953882877,已收货,1	,2026-05-10 11:10:30,	,无售后或售后取消,135.2	,168.99	
趣白全自动洗面奶打泡机感应泡沫机绵密泡沫礼品新品懒人洗脸神器,260510-298561093993816,已发货，退款成功,1	,2026-05-10 11:05:11,	,退款成功,126.75	,168.99	
趣白全自动洗面奶打泡机感应泡沫机绵密泡沫礼品新品懒人洗脸神器,260510-031520244061487,已收货,1	,2026-05-10 10:58:34,	,无售后或售后取消,131.82	,168.99	
趣白全自动洗面奶打泡机感应泡沫机绵密泡沫礼品新品懒人洗脸神器,260510-136902152512617,已发货，退款成功,1	,2026-05-10 10:58:34,	,退款成功,168.99	,168.99	
趣白全自动洗面奶打泡机感应泡沫机绵密泡沫礼品新品懒人洗脸神器,260510-183354037762014,已收货,1	,2026-05-10 10:51:11,	,无售后或售后取消,135.2	,168.99	
趣白全自动洗面奶打泡机感应泡沫机绵密泡沫礼品新品懒人洗脸神器,260510-448077534801629,未发货，退款成功,1	,2026-05-10 10:26:42,	,退款成功,168.99	,168.99	
趣白全自动洗面奶打泡机感应泡沫机绵密泡沫礼品新品懒人洗脸神器,260510-148499413282191,已收货,1	,2026-05-10 10:20:10,	,无售后或售后取消,121.68	,168.99	
趣白全自动洗面奶打泡机感应泡沫机绵密泡沫礼品新品懒人洗脸神器,260510-149684231711770,未发货，退款成功,1	,2026-05-10 10:07:14,	,退款成功,168.99	,168.99	
趣白全自动洗面奶打泡机感应泡沫机绵密泡沫礼品新品懒人洗脸神器,260510-676876859703688,已收货,1	,2026-05-10 10:02:48,	,无售后或售后取消,143.65	,168.99	
趣白全自动洗面奶打泡机感应泡沫机绵密泡沫礼品新品懒人洗脸神器,260510-596482527543688,未发货，退款成功,1	,2026-05-10 10:01:21,	,退款成功,143.65	,168.99	
趣白全自动洗面奶打泡机感应泡沫机绵密泡沫礼品新品懒人洗脸神器,260510-617569328792842,已收货,1	,2026-05-10 09:59:30,	,无售后或售后取消,168.99	,168.99	
趣白全自动洗面奶打泡机感应泡沫机绵密泡沫礼品新品懒人洗脸神器,260510-032516349463137,已发货，退款成功,1	,2026-05-10 09:57:37,	,退款成功,147.03	,168.99	
趣白全自动洗面奶打泡机感应泡沫机绵密泡沫礼品新品懒人洗脸神器,260510-455878919820758,已收货,1	,2026-05-10 09:51:25,	,无售后或售后取消,168.99	,168.99	
趣白全自动洗面奶打泡机感应泡沫机绵密泡沫礼品新品懒人洗脸神器,260510-475298578802987,已收货,1	,2026-05-10 09:51:25,	,无售后或售后取消,135.2	,168.99	
趣白全自动洗面奶打泡机感应泡沫机绵密泡沫礼品新品懒人洗脸神器,260510-588901333410938,已收货,1	,2026-05-10 09:47:51,	,无售后或售后取消,135.2	,168.99	
趣白全自动洗面奶打泡机感应泡沫机绵密泡沫礼品新品懒人洗脸神器,260510-453876171042746,已收货,1	,2026-05-10 09:13:34,	,售后处理中,168.99	,168.99	
趣白全自动洗面奶打泡机感应泡沫机绵密泡沫礼品新品懒人洗脸神器,260510-364296302231650,已收货,1	,2026-05-10 09:02:53,	,无售后或售后取消,160.55	,168.99	
趣白全自动洗面奶打泡机感应泡沫机绵密泡沫礼品新品懒人洗脸神器,260510-396865072722845,未发货，退款成功,1	,2026-05-10 09:02:22,	,退款成功,168.99	,168.99	
趣白全自动洗面奶打泡机感应泡沫机绵密泡沫礼品新品懒人洗脸神器,260510-479503399343611,已收货,1	,2026-05-10 09:00:57,	,无售后或售后取消,158.99	,168.99	
趣白全自动洗面奶打泡机感应泡沫机绵密泡沫礼品新品懒人洗脸神器,260510-277180618322845,未发货，退款成功,1	,2026-05-10 08:56:59,	,退款成功,160.55	,168.99	
趣白全自动洗面奶打泡机感应泡沫机绵密泡沫礼品新品懒人洗脸神器,260510-657121635862222,已收货,1	,2026-05-10 08:47:48,	,无售后或售后取消,152.1	,168.99	
趣白全自动洗面奶打泡机感应泡沫机绵密泡沫礼品新品懒人洗脸神器,260510-281647521390865,已发货，退款成功,1	,2026-05-10 08:41:46,	,退款成功,135.2	,168.99	
趣白全自动洗面奶打泡机感应泡沫机绵密泡沫礼品新品懒人洗脸神器,260510-479167824253462,已收货,1	,2026-05-10 08:38:11,	,无售后或售后取消,118.99	,168.99	
趣白全自动洗面奶打泡机感应泡沫机绵密泡沫礼品新品懒人洗脸神器,260510-233077522872959,已取消,1	,	,	,无售后或售后取消,168.99	,168.99	
趣白全自动洗面奶打泡机感应泡沫机绵密泡沫礼品新品懒人洗脸神器,260510-046410012251556,已收货，退款成功,1	,2026-05-10 08:27:40,	,退款成功,131.82	,168.99	
趣白全自动洗面奶打泡机感应泡沫机绵密泡沫礼品新品懒人洗脸神器,260510-681794608720499,已收货,1	,2026-05-10 08:17:46,	,无售后或售后取消,141.96	,168.99	
趣白全自动洗面奶打泡机感应泡沫机绵密泡沫礼品新品懒人洗脸神器,260510-343429639781981,未发货，退款成功,1	,2026-05-10 08:00:30,	,退款成功,126.75	,168.99	
趣白全自动洗面奶打泡机感应泡沫机绵密泡沫礼品新品懒人洗脸神器,260510-477186015580956,已收货,1	,2026-05-10 07:48:32,	,无售后或售后取消,143.65	,168.99	
趣白全自动洗面奶打泡机感应泡沫机绵密泡沫礼品新品懒人洗脸神器,260510-300784085430837,未发货，退款成功,1	,2026-05-10 07:25:05,	,退款成功,125.06	,168.99	
趣白全自动洗面奶打泡机感应泡沫机绵密泡沫礼品新品懒人洗脸神器,260510-466658301521070,已收货,1	,2026-05-10 07:23:36,	,无售后或售后取消,143.65	,168.99	
趣白全自动洗面奶打泡机感应泡沫机绵密泡沫礼品新品懒人洗脸神器,260510-462264789433219,已收货,1	,2026-05-10 07:10:38,	,无售后或售后取消,135.2	,168.99	
趣白全自动洗面奶打泡机感应泡沫机绵密泡沫礼品新品懒人洗脸神器,260510-169292623362080,已收货，退款成功,1	,2026-05-10 06:21:41,	,退款成功,133.51	,168.99	
趣白全自动洗面奶打泡机感应泡沫机绵密泡沫礼品新品懒人洗脸神器,260510-594542672291402,已收货,1	,2026-05-10 13:55:57,	,无售后或售后取消,138.99	,168.99	
趣白全自动洗面奶打泡机感应泡沫机绵密泡沫礼品新品懒人洗脸神器,260510-097748293250628,已收货,1	,2026-05-10 05:48:41,	,无售后或售后取消,168.99	,168.99	
趣白全自动洗面奶打泡机感应泡沫机绵密泡沫礼品新品懒人洗脸神器,260510-152882430281838,已发货，退款成功,1	,2026-05-10 05:32:43,	,退款成功,168.99	,168.99	
趣白全自动洗面奶打泡机感应泡沫机绵密泡沫礼品新品懒人洗脸神器,260510-340273405562400,已收货,1	,2026-05-10 04:17:57,	,无售后或售后取消,168.99	,168.99	
趣白全自动洗面奶打泡机感应泡沫机绵密泡沫礼品新品懒人洗脸神器,260510-342045540762116,未发货，退款成功,1	,2026-05-10 03:57:49,	,退款成功,160.99	,168.99	
趣白全自动洗面奶打泡机感应泡沫机绵密泡沫礼品新品懒人洗脸神器,260510-193829281370705,已收货,1	,2026-05-10 03:16:25,	,无售后或售后取消,118.99	,168.99	
趣白全自动洗面奶打泡机感应泡沫机绵密泡沫礼品新品懒人洗脸神器,260510-651438385572111,已取消,1	,	,	,无售后或售后取消,168.99	,168.99	
趣白全自动洗面奶打泡机感应泡沫机绵密泡沫礼品新品懒人洗脸神器,260510-498923006334016,未发货，退款成功,1	,2026-05-10 01:52:14,	,退款成功,168.99	,168.99	
趣白全自动洗面奶打泡机感应泡沫机绵密泡沫礼品新品懒人洗脸神器,260510-429045880471505,已收货,1	,2026-05-10 01:35:40,	,无售后或售后取消,138.99	,168.99	
趣白全自动洗面奶打泡机感应泡沫机绵密泡沫礼品新品懒人洗脸神器,260510-470978466152168,已收货,1	,2026-05-10 01:25:28,	,无售后或售后取消,154.99	,168.99	
趣白全自动洗面奶打泡机感应泡沫机绵密泡沫礼品新品懒人洗脸神器,260510-254982243891909,已收货,1	,2026-05-10 00:59:22,	,无售后或售后取消,126.75	,168.99	
趣白全自动洗面奶打泡机感应泡沫机绵密泡沫礼品新品懒人洗脸神器,260510-414879618711822,已收货,1	,2026-05-10 09:41:03,	,无售后或售后取消,136.89	,168.99	
趣白全自动洗面奶打泡机感应泡沫机绵密泡沫礼品新品懒人洗脸神器,260510-455753152932203,已收货,1	,2026-05-10 00:32:32,	,无售后或售后取消,138.99	,168.99	
趣白全自动洗面奶打泡机感应泡沫机绵密泡沫礼品新品懒人洗脸神器,260510-351828775333187,已收货,1	,2026-05-10 00:21:44,	,无售后或售后取消,126.75	,168.99	
趣白全自动洗面奶打泡机感应泡沫机绵密泡沫礼品新品懒人洗脸神器,260510-018371069591822,已取消,1	,	,	,无售后或售后取消,135.2	,168.99	
趣白全自动洗面奶打泡机感应泡沫机绵密泡沫礼品新品懒人洗脸神器,260510-523627446672697,已收货,1	,2026-05-10 00:21:18,	,无售后或售后取消,135.2	,168.99	
趣白全自动洗面奶打泡机感应泡沫机绵密泡沫礼品新品懒人洗脸神器,260510-192204061040538,已收货,1	,2026-05-10 00:12:04,	,无售后或售后取消,121.68	,168.99	
趣白全自动洗面奶打泡机感应泡沫机绵密泡沫礼品新品懒人洗脸神器,260510-461373499680778,未发货，退款成功,1	,2026-05-10 00:06:42,	,退款成功,148.99	,168.99	
趣白全自动洗面奶打泡机感应泡沫机绵密泡沫礼品新品懒人洗脸神器,260510-583469667991822,已取消,1	,	,	,无售后或售后取消,152.1	,168.99	
趣白全自动洗面奶打泡机感应泡沫机绵密泡沫礼品新品懒人洗脸神器,260509-124193369724082,未发货，退款成功,1	,2026-05-09 23:59:11,	,退款成功,158.99	,168.99	
趣白全自动洗面奶打泡机感应泡沫机绵密泡沫礼品新品懒人洗脸神器,260509-566325492073954,已发货，退款成功,1	,2026-05-09 23:57:10,	,退款成功,168.99	,168.99	
趣白全自动洗面奶打泡机感应泡沫机绵密泡沫礼品新品懒人洗脸神器,260509-535906240031094,未发货，退款成功,1	,2026-05-09 23:39:25,	,退款成功,168.99	,168.99	
趣白全自动洗面奶打泡机感应泡沫机绵密泡沫礼品新品懒人洗脸神器,260509-637827816981653,已收货,1	,2026-05-09 23:39:01,	,无售后或售后取消,143.65	,168.99	
趣白全自动洗面奶打泡机感应泡沫机绵密泡沫礼品新品懒人洗脸神器,260509-297722263870727,已收货,1	,2026-05-09 23:15:17,	,无售后或售后取消,135.2	,168.99	
趣白全自动洗面奶打泡机感应泡沫机绵密泡沫礼品新品懒人洗脸神器,260509-001447063142667,已收货,1	,2026-05-09 23:03:57,	,无售后或售后取消,143.65	,168.99	
趣白全自动洗面奶打泡机感应泡沫机绵密泡沫礼品新品懒人洗脸神器,260509-666286242083914,已收货,1	,2026-05-09 22:54:00,	,无售后或售后取消,118.3	,168.99	
趣白全自动洗面奶打泡机感应泡沫机绵密泡沫礼品新品懒人洗脸神器,260509-570446375343374,已收货,1	,2026-05-09 22:43:26,	,无售后或售后取消,135.2	,168.99	
趣白全自动洗面奶打泡机感应泡沫机绵密泡沫礼品新品懒人洗脸神器,260509-316732874253520,已收货,1	,2026-05-09 22:42:06,	,无售后或售后取消,145.34	,168.99	
趣白全自动洗面奶打泡机感应泡沫机绵密泡沫礼品新品懒人洗脸神器,260509-398375032460913,未发货，退款成功,1	,2026-05-10 08:58:19,	,退款成功,168.99	,168.99	
趣白全自动洗面奶打泡机感应泡沫机绵密泡沫礼品新品懒人洗脸神器,260509-432107764093014,已收货,1	,2026-05-09 22:14:42,	,无售后或售后取消,135.2	,168.99	
趣白全自动洗面奶打泡机感应泡沫机绵密泡沫礼品新品懒人洗脸神器,260509-556762458553132,已取消,1	,	,	,无售后或售后取消,135.2	,168.99	
趣白全自动洗面奶打泡机感应泡沫机绵密泡沫礼品新品懒人洗脸神器,260509-140341461393774,已收货,1	,2026-05-09 21:52:12,	,无售后或售后取消,126.75	,168.99	
趣白全自动洗面奶打泡机感应泡沫机绵密泡沫礼品新品懒人洗脸神器,260509-251668806052828,已收货,1	,2026-05-09 21:47:51,	,无售后或售后取消,121.68	,168.99	
趣白全自动洗面奶打泡机感应泡沫机绵密泡沫礼品新品懒人洗脸神器,260509-196062758433254,已收货,1	,2026-05-09 21:32:06,	,无售后或售后取消,133.51	,168.99	
趣白全自动洗面奶打泡机感应泡沫机绵密泡沫礼品新品懒人洗脸神器,260509-282129938731427,已发货，退款成功,1	,2026-05-09 21:01:12,	,退款成功,131.82	,168.99	
趣白全自动洗面奶打泡机感应泡沫机绵密泡沫礼品新品懒人洗脸神器,260509-511914883500952,已收货,1	,2026-05-09 20:45:13,	,无售后或售后取消,126.75	,168.99	
趣白全自动洗面奶打泡机感应泡沫机绵密泡沫礼品新品懒人洗脸神器,260509-579118067302973,已收货,1	,2026-05-09 20:34:16,	,无售后或售后取消,143.65	,168.99	
趣白全自动洗面奶打泡机感应泡沫机绵密泡沫礼品新品懒人洗脸神器,260509-471240589721514,已发货，退款成功,1	,2026-05-09 20:27:03,	,退款成功,121.68	,168.99	
趣白全自动洗面奶打泡机感应泡沫机绵密泡沫礼品新品懒人洗脸神器,260509-492421845362813,已收货,1	,2026-05-09 20:07:10,	,无售后或售后取消,168.99	,168.99	
趣白全自动洗面奶打泡机感应泡沫机绵密泡沫礼品新品懒人洗脸神器,260509-542050905691118,已发货，退款成功,1	,2026-05-09 20:05:19,	,退款成功,125.06	,168.99	
趣白全自动洗面奶打泡机感应泡沫机绵密泡沫礼品新品懒人洗脸神器,260509-644958196153713,已收货,1	,2026-05-09 19:43:11,	,无售后或售后取消,126.75	,168.99	
趣白全自动洗面奶打泡机感应泡沫机绵密泡沫礼品新品懒人洗脸神器,260509-311448093001122,已收货,1	,2026-05-09 19:30:04,	,无售后或售后取消,160.55	,168.99	
趣白全自动洗面奶打泡机感应泡沫机绵密泡沫礼品新品懒人洗脸神器,260509-389587945001120,已收货,1	,2026-05-09 19:29:28,	,无售后或售后取消,126.75	,168.99	
趣白全自动皂液器感应皂液器凝胶机洗洁精沐浴露卫生间厨房,260509-588723054880159,已收货，退款成功,1	,2026-05-09 19:28:03,发一个洗面奶水罐，包装好点。,退款成功,85.0	,85.0	
趣白全自动洗面奶打泡机感应泡沫机绵密泡沫礼品新品懒人洗脸神器,260509-142291822971644,已取消,1	,	,	,无售后或售后取消,168.99	,168.99	
趣白全自动洗面奶打泡机感应泡沫机绵密泡沫礼品新品懒人洗脸神器,260509-529174423951018,已收货,1	,2026-05-09 18:26:12,	,无售后或售后取消,135.2	,168.99	
趣白全自动洗面奶打泡机感应泡沫机绵密泡沫礼品新品懒人洗脸神器,260509-643123125790906,已收货,1	,2026-05-09 18:11:12,	,无售后或售后取消,138.58	,168.99	
趣白全自动洗面奶打泡机感应泡沫机绵密泡沫礼品新品懒人洗脸神器,260509-015833505343029,已收货,1	,2026-05-09 18:12:44,	,无售后或售后取消,118.3	,168.99	
趣白全自动洗面奶打泡机感应泡沫机绵密泡沫礼品新品懒人洗脸神器,260509-053288640070786,已收货,1	,2026-05-09 17:52:21,	,无售后或售后取消,168.99	,168.99	
趣白全自动洗面奶打泡机感应泡沫机绵密泡沫礼品新品懒人洗脸神器,260509-056832857630404,已收货,1	,2026-05-09 17:33:49,	,无售后或售后取消,118.3	,168.99	
趣白全自动洗面奶打泡机感应泡沫机绵密泡沫礼品新品懒人洗脸神器,260509-521530252912394,已收货,1	,2026-05-09 17:30:34,	,无售后或售后取消,135.2	,168.99	
趣白全自动洗面奶打泡机感应泡沫机绵密泡沫礼品新品懒人洗脸神器,260509-121341284690530,已收货,1	,2026-05-09 17:18:37,	,无售后或售后取消,168.99	,168.99	
趣白全自动洗面奶打泡机感应泡沫机绵密泡沫礼品新品懒人洗脸神器,260509-291179139463555,已收货,1	,2026-05-09 16:51:02,	,无售后或售后取消,138.58	,168.99	
趣白全自动洗面奶打泡机感应泡沫机绵密泡沫礼品新品懒人洗脸神器,260509-670082024980123,已收货,1	,2026-05-09 16:49:00,	,无售后或售后取消,135.2	,168.99	
趣白全自动洗面奶打泡机感应泡沫机绵密泡沫礼品新品懒人洗脸神器,260509-310095460690126,已收货,1	,2026-05-09 16:35:30,	,无售后或售后取消,118.3	,168.99	
趣白全自动洗面奶打泡机感应泡沫机绵密泡沫礼品新品懒人洗脸神器,260509-498335772251298,已收货,1	,2026-05-09 16:18:18,	,无售后或售后取消,126.75	,168.99	
趣白全自动洗面奶打泡机感应泡沫机绵密泡沫礼品新品懒人洗脸神器,260509-405274673591499,已收货，退款成功,1	,2026-05-09 16:06:49,	,退款成功,121.68	,168.99	
趣白全自动洗面奶打泡机感应泡沫机绵密泡沫礼品新品懒人洗脸神器,260509-158418911650488,已收货,1	,2026-05-09 15:46:06,	,无售后或售后取消,126.75	,168.99	
趣白全自动洗面奶打泡机感应泡沫机绵密泡沫礼品新品懒人洗脸神器,260509-412604229993799,已收货，退款成功,1	,2026-05-09 15:23:42,	,退款成功,168.99	,168.99	
趣白全自动洗面奶打泡机感应泡沫机绵密泡沫礼品新品懒人洗脸神器,260509-671770284471664,已取消,1	,	,	,无售后或售后取消,126.75	,168.99	
趣白全自动洗面奶打泡机感应泡沫机绵密泡沫礼品新品懒人洗脸神器,260509-336362279342685,已收货,1	,2026-05-09 14:49:04,	,无售后或售后取消,118.3	,168.99	
趣白全自动洗面奶打泡机感应泡沫机绵密泡沫礼品新品懒人洗脸神器,260509-528209692183995,已收货,1	,2026-05-09 14:27:49,	,无售后或售后取消,148.99	,168.99	
趣白全自动洗面奶打泡机感应泡沫机绵密泡沫礼品新品懒人洗脸神器,260509-202930941451088,已收货,1	,2026-05-09 14:27:22,	,无售后或售后取消,168.99	,168.99	
趣白全自动洗面奶打泡机感应泡沫机绵密泡沫礼品新品懒人洗脸神器,260509-524518756733447,已收货,1	,2026-05-09 14:22:49,	,无售后或售后取消,143.65	,168.99	
趣白全自动洗面奶打泡机感应泡沫机绵密泡沫礼品新品懒人洗脸神器,260509-361024724491088,已取消,1	,	,	,无售后或售后取消,168.99	,168.99	
趣白全自动洗面奶打泡机感应泡沫机绵密泡沫礼品新品懒人洗脸神器,260509-113099435541030,已收货,1	,2026-05-09 14:15:58,	,无售后或售后取消,135.2	,168.99	
趣白全自动洗面奶打泡机感应泡沫机绵密泡沫礼品新品懒人洗脸神器,260509-044459702622737,已收货,1	,2026-05-09 14:06:13,	,无售后或售后取消,135.2	,168.99	
趣白全自动洗面奶打泡机感应泡沫机绵密泡沫礼品新品懒人洗脸神器,260509-151802407331514,已收货,1	,2026-05-09 14:01:32,	,无售后或售后取消,145.34	,168.99	
趣白全自动洗面奶打泡机感应泡沫机绵密泡沫礼品新品懒人洗脸神器,260509-314321159830836,已收货,1	,2026-05-09 13:47:53,	,无售后或售后取消,138.99	,168.99	
趣白全自动洗面奶打泡机感应泡沫机绵密泡沫礼品新品懒人洗脸神器,260509-500611192401440,已发货，退款成功,1	,2026-05-09 13:35:50,	,退款成功,168.99	,168.99	
趣白全自动洗面奶打泡机感应泡沫机绵密泡沫礼品新品懒人洗脸神器,260509-680829949490662,已发货，退款成功,1	,2026-05-09 12:59:17,	,退款成功,168.99	,168.99	
趣白全自动洗面奶打泡机感应泡沫机绵密泡沫礼品新品懒人洗脸神器,260509-167667351883467,已取消,1	,	,	,无售后或售后取消,138.58	,168.99	
趣白全自动洗面奶打泡机感应泡沫机绵密泡沫礼品新品懒人洗脸神器,260509-067528332822744,已收货,1	,2026-05-09 12:55:00,	,无售后或售后取消,168.99	,168.99	
趣白全自动洗面奶打泡机感应泡沫机绵密泡沫礼品新品懒人洗脸神器,260509-335963799992172,已收货,1	,2026-05-09 12:45:00,	,无售后或售后取消,145.34	,168.99	
趣白全自动洗面奶打泡机感应泡沫机绵密泡沫礼品新品懒人洗脸神器,260509-064634252853601,已收货,1	,2026-05-09 12:33:36,	,无售后或售后取消,143.65	,168.99	
趣白全自动洗面奶打泡机感应泡沫机绵密泡沫礼品新品懒人洗脸神器,260509-311427152311664,已取消,1	,	,	,无售后或售后取消,145.34	,168.99	
趣白全自动洗面奶打泡机感应泡沫机绵密泡沫礼品新品懒人洗脸神器,260509-017343475220570,已发货，退款成功,1	,2026-05-09 12:01:52,	,退款成功,168.99	,168.99	
趣白全自动洗面奶打泡机感应泡沫机绵密泡沫礼品新品懒人洗脸神器,260509-341982604904020,已收货，退款成功,1	,2026-05-09 11:57:37,	,退款成功,118.3	,168.99	
趣白全自动洗面奶打泡机感应泡沫机绵密泡沫礼品新品懒人洗脸神器,260509-549003006271912,已收货,1	,2026-05-09 11:57:00,	,无售后或售后取消,160.55	,168.99	
趣白全自动洗面奶打泡机感应泡沫机绵密泡沫礼品新品懒人洗脸神器,260509-029213407540104,已发货，退款成功,1	,2026-05-09 11:50:10,	,退款成功,141.96	,168.99	
趣白全自动洗面奶打泡机感应泡沫机绵密泡沫礼品新品懒人洗脸神器,260509-660435177910868,已收货,1	,2026-05-09 11:45:13,	,无售后或售后取消,168.99	,168.99	
趣白全自动洗面奶打泡机感应泡沫机绵密泡沫礼品新品懒人洗脸神器,260509-333761758872137,已收货,1	,2026-05-09 11:07:16,	,无售后或售后取消,143.65	,168.99	
趣白全自动洗面奶打泡机感应泡沫机绵密泡沫礼品新品懒人洗脸神器,260509-585493440811218,已发货，退款成功,1	,2026-05-09 10:47:57,	,退款成功,148.99	,168.99	
趣白全自动洗面奶打泡机感应泡沫机绵密泡沫礼品新品懒人洗脸神器,260509-518248282530736,已收货,1	,2026-05-09 10:33:17,	,无售后或售后取消,168.99	,168.99	
趣白全自动洗面奶打泡机感应泡沫机绵密泡沫礼品新品懒人洗脸神器,260509-075245821581676,已收货,1	,2026-05-09 10:07:40,	,无售后或售后取消,168.99	,168.99	
趣白全自动洗面奶打泡机感应泡沫机绵密泡沫礼品新品懒人洗脸神器,260509-396256950681669,已发货，退款成功,1	,2026-05-09 09:59:19,	,退款成功,121.68	,168.99	
趣白全自动洗面奶打泡机感应泡沫机绵密泡沫礼品新品懒人洗脸神器,260509-229994698313536,已收货,1	,2026-05-09 09:46:04,	,无售后或售后取消,165.99	,168.99	
趣白全自动洗面奶打泡机感应泡沫机绵密泡沫礼品新品懒人洗脸神器,260509-563022467511175,已收货,1	,2026-05-09 09:36:12,	,无售后或售后取消,157.17	,168.99	
趣白全自动洗面奶打泡机感应泡沫机绵密泡沫礼品新品懒人洗脸神器,260509-263538665782438,已收货,1	,2026-05-09 09:26:33,	,无售后或售后取消,168.99	,168.99	
趣白全自动洗面奶打泡机感应泡沫机绵密泡沫礼品新品懒人洗脸神器,260509-472750528133762,已收货,1	,2026-05-09 09:03:51,	,无售后或售后取消,135.2	,168.99	
趣白全自动洗面奶打泡机感应泡沫机绵密泡沫礼品新品懒人洗脸神器,260509-219487936002467,已发货，退款成功,1	,2026-05-09 08:56:55,	,退款成功,163.99	,168.99	
趣白全自动洗面奶打泡机感应泡沫机绵密泡沫礼品新品懒人洗脸神器,260509-185608466012414,未发货，退款成功,1	,2026-05-09 08:50:02,	,退款成功,143.65	,168.99	
趣白全自动洗面奶打泡机感应泡沫机绵密泡沫礼品新品懒人洗脸神器,260509-187821013350667,已发货，退款成功,1	,2026-05-09 08:46:11,	,退款成功,138.58	,168.99	
趣白全自动洗面奶打泡机感应泡沫机绵密泡沫礼品新品懒人洗脸神器,260509-600184011071630,已收货，退款成功,1	,2026-05-09 08:43:24,	,退款成功,138.58	,168.99	
趣白全自动洗面奶打泡机感应泡沫机绵密泡沫礼品新品懒人洗脸神器,260509-218628103713013,已收货,1	,2026-05-09 08:43:12,	,无售后或售后取消,160.55	,168.99	
趣白全自动洗面奶打泡机感应泡沫机绵密泡沫礼品新品懒人洗脸神器,260509-541212024393817,已发货，退款成功,1	,2026-05-09 08:41:10,	,退款成功,135.2	,168.99	
趣白全自动洗面奶打泡机感应泡沫机绵密泡沫礼品新品懒人洗脸神器,260509-386630970973911,已收货,1	,2026-05-09 08:35:23,	,无售后或售后取消,152.1	,168.99	
趣白全自动洗面奶打泡机感应泡沫机绵密泡沫礼品新品懒人洗脸神器,260509-140865707631653,已收货,1	,2026-05-09 08:09:54,	,无售后或售后取消,168.99	,168.99	
趣白全自动洗面奶打泡机感应泡沫机绵密泡沫礼品新品懒人洗脸神器,260509-208740052550599,已发货，退款成功,1	,2026-05-09 08:09:30,	,退款成功,168.99	,168.99	
趣白全自动洗面奶打泡机感应泡沫机绵密泡沫礼品新品懒人洗脸神器,260509-436218119771672,已收货,1	,2026-05-09 07:43:14,	,无售后或售后取消,168.99	,168.99	
趣白全自动洗面奶打泡机感应泡沫机绵密泡沫礼品新品懒人洗脸神器,260509-529080062342112,已收货，退款成功,1	,2026-05-09 07:26:08,(收)[QBPH004]*[1]#,退款成功,145.34	,168.99	
趣白全自动洗面奶打泡机感应泡沫机绵密泡沫礼品新品懒人洗脸神器,260509-661127185982486,已发货，退款成功,1	,2026-05-09 07:14:44,	,退款成功,168.99	,168.99	
趣白全自动洗面奶打泡机感应泡沫机绵密泡沫礼品新品懒人洗脸神器,260509-526269888801248,已收货,1	,2026-05-09 07:05:28,	,无售后或售后取消,126.75	,168.99	
趣白全自动洗面奶打泡机感应泡沫机绵密泡沫礼品新品懒人洗脸神器,260509-644381447730057,未发货，退款成功,1	,2026-05-09 07:00:40,	,退款成功,138.58	,168.99	
趣白全自动洗面奶打泡机感应泡沫机绵密泡沫礼品新品懒人洗脸神器,260509-628526958090943,已收货,1	,2026-05-09 06:54:32,	,无售后或售后取消,168.99	,168.99	
趣白全自动洗面奶打泡机感应泡沫机绵密泡沫礼品新品懒人洗脸神器,260509-263454800232928,已收货,1	,2026-05-09 03:35:43,	,无售后或售后取消,135.2	,168.99	
趣白全自动洗面奶打泡机感应泡沫机绵密泡沫礼品新品懒人洗脸神器,260509-008566946091284,已发货，退款成功,1	,2026-05-09 03:07:31,	,退款成功,168.99	,168.99	
趣白全自动洗面奶打泡机感应泡沫机绵密泡沫礼品新品懒人洗脸神器,260509-537982452141584,已发货，退款成功,1	,2026-05-09 01:11:11,	,退款成功,160.55	,168.99	
趣白全自动洗面奶打泡机感应泡沫机绵密泡沫礼品新品懒人洗脸神器,260509-058888046202229,未发货，退款成功,1	,2026-05-09 00:18:47,	,退款成功,152.1	,168.99	
趣白全自动洗面奶打泡机感应泡沫机绵密泡沫礼品新品懒人洗脸神器,260508-084766912101625,未发货，退款成功,1	,2026-05-09 00:00:00,	,退款成功,126.75	,168.99	
趣白全自动洗面奶打泡机感应泡沫机绵密泡沫礼品新品懒人洗脸神器,260508-165549228452966,已收货,1	,2026-05-08 23:41:14,	,无售后或售后取消,121.68	,168.99	
趣白全自动洗面奶打泡机感应泡沫机绵密泡沫礼品新品懒人洗脸神器,260508-213532034603429,已收货,1	,2026-05-08 23:38:51,	,无售后或售后取消,143.65	,168.99	
趣白全自动洗面奶打泡机感应泡沫机绵密泡沫礼品新品懒人洗脸神器,260508-655632699723225,已收货,1	,2026-05-08 23:21:21,	,无售后或售后取消,162.58	,168.99	
趣白全自动洗面奶打泡机感应泡沫机绵密泡沫礼品新品懒人洗脸神器,260508-358246070562722,已发货，退款成功,1	,2026-05-08 23:19:22,	,退款成功,116.61	,168.99	
趣白全自动洗面奶打泡机感应泡沫机绵密泡沫礼品新品懒人洗脸神器,260508-361811198383233,已收货,1	,2026-05-08 22:39:48,	,无售后或售后取消,126.75	,168.99	
趣白全自动洗面奶打泡机感应泡沫机绵密泡沫礼品新品懒人洗脸神器,260508-281699960420417,已收货,1	,2026-05-08 22:26:41,	,无售后或售后取消,143.65	,168.99	
趣白全自动洗面奶打泡机感应泡沫机绵密泡沫礼品新品懒人洗脸神器,260508-011303687753637,已收货,1	,2026-05-08 22:20:42,	,无售后或售后取消,135.2	,168.99	
趣白全自动洗面奶打泡机感应泡沫机绵密泡沫礼品新品懒人洗脸神器,260508-137007020442992,已收货,1	,2026-05-08 22:04:03,	,无售后或售后取消,121.68	,168.99	
趣白全自动洗面奶打泡机感应泡沫机绵密泡沫礼品新品懒人洗脸神器,260508-602658608732831,已收货,1	,2026-05-08 22:02:34,	,无售后或售后取消,168.99	,168.99	
趣白全自动洗面奶打泡机感应泡沫机绵密泡沫礼品新品懒人洗脸神器,260508-380517772830760,已收货,1	,2026-05-08 22:00:37,HD,无售后或售后取消,130.13	,168.99	
趣白全自动洗面奶打泡机感应泡沫机绵密泡沫礼品新品懒人洗脸神器,260508-387857846612083,已收货,1	,2026-05-08 20:21:22,	,无售后或售后取消,168.99	,168.99	
趣白全自动洗面奶打泡机感应泡沫机绵密泡沫礼品新品懒人洗脸神器,260508-522652239492290,已收货,1	,2026-05-08 20:07:21,	,无售后或售后取消,119.99	,168.99	
趣白全自动洗面奶打泡机感应泡沫机绵密泡沫礼品新品懒人洗脸神器,260508-586908976760479,已收货,1	,2026-05-08 19:56:59,	,无售后或售后取消,135.2	,168.99	
趣白全自动洗面奶打泡机感应泡沫机绵密泡沫礼品新品懒人洗脸神器,260508-650337380772667,已取消,1	,	,	,无售后或售后取消,135.2	,168.99	
趣白全自动洗面奶打泡机感应泡沫机绵密泡沫礼品新品懒人洗脸神器,260508-170928412201682,已收货,1	,2026-05-08 19:34:27,	,无售后或售后取消,168.99	,168.99	
趣白全自动洗面奶打泡机感应泡沫机绵密泡沫礼品新品懒人洗脸神器,260508-287991406213483,已收货,1	,2026-05-08 18:51:08,	,无售后或售后取消,131.82	,168.99	
趣白全自动洗面奶打泡机感应泡沫机绵密泡沫礼品新品懒人洗脸神器,260508-492715415173483,已取消,1	,	,	,无售后或售后取消,138.99	,168.99	
趣白全自动洗面奶打泡机感应泡沫机绵密泡沫礼品新品懒人洗脸神器,260508-151582196031824,已发货，退款成功,1	,2026-05-08 18:16:12,	,退款成功,168.99	,168.99	
趣白全自动洗面奶打泡机感应泡沫机绵密泡沫礼品新品懒人洗脸神器,260508-282486402612003,已发货，退款成功,1	,2026-05-08 18:09:35,	,退款成功,141.96	,168.99	
趣白全自动洗面奶打泡机感应泡沫机绵密泡沫礼品新品懒人洗脸神器,260508-580261046711516,已发货，退款成功,1	,2026-05-08 17:51:37,	,退款成功,160.56	,168.99	
趣白全自动洗面奶打泡机感应泡沫机绵密泡沫礼品新品懒人洗脸神器,260508-411723446640982,已取消,1	,	,	,无售后或售后取消,133.51	,168.99	
趣白全自动洗面奶打泡机感应泡沫机绵密泡沫礼品新品懒人洗脸神器,260508-599848466850475,未发货，退款成功,1	,2026-05-08 16:43:09,	,退款成功,168.99	,168.99	
趣白全自动洗面奶打泡机感应泡沫机绵密泡沫礼品新品懒人洗脸神器,260508-103651765851801,已收货,1	,2026-05-08 16:33:26,	,无售后或售后取消,136.89	,168.99	
趣白全自动洗面奶打泡机感应泡沫机绵密泡沫礼品新品懒人洗脸神器,260508-420520989023310,已收货,1	,2026-05-08 16:32:43,	,无售后或售后取消,143.65	,168.99	
趣白全自动洗面奶打泡机感应泡沫机绵密泡沫礼品新品懒人洗脸神器,260508-611078685101293,已收货,1	,2026-05-08 16:30:55,	,无售后或售后取消,152.1	,168.99	
趣白全自动洗面奶打泡机感应泡沫机绵密泡沫礼品新品懒人洗脸神器,260508-377183301252678,已收货,1	,2026-05-08 16:25:47,	,无售后或售后取消,126.75	,168.99	
趣白全自动洗面奶打泡机感应泡沫机绵密泡沫礼品新品懒人洗脸神器,260508-181246369280327,未发货，退款成功,1	,2026-05-08 16:14:57,	,退款成功,118.3	,168.99	
趣白全自动洗面奶打泡机感应泡沫机绵密泡沫礼品新品懒人洗脸神器,260508-376910661243169,已收货,1	,2026-05-08 16:00:51,	,无售后或售后取消,126.75	,168.99	
趣白全自动洗面奶打泡机感应泡沫机绵密泡沫礼品新品懒人洗脸神器,260508-074207783212884,已收货,1	,2026-05-08 15:47:36,	,无售后或售后取消,168.99	,168.99	
趣白全自动洗面奶打泡机感应泡沫机绵密泡沫礼品新品懒人洗脸神器,260508-468640079412575,已收货,1	,2026-05-08 15:33:31,	,无售后或售后取消,152.1	,168.99	
趣白全自动洗面奶打泡机感应泡沫机绵密泡沫礼品新品懒人洗脸神器,260508-553522327040119,已发货，退款成功,1	,2026-05-08 15:14:17,	,退款成功,152.1	,168.99	
趣白全自动洗面奶打泡机感应泡沫机绵密泡沫礼品新品懒人洗脸神器,260508-097402242672029,已收货,1	,2026-05-08 15:07:35,	,无售后或售后取消,126.75	,168.99	
趣白全自动洗面奶打泡机感应泡沫机绵密泡沫礼品新品懒人洗脸神器,260508-035263639100926,已收货,1	,2026-05-08 14:27:31,	,无售后或售后取消,160.55	,168.99	
趣白全自动洗面奶打泡机感应泡沫机绵密泡沫礼品新品懒人洗脸神器,260508-352237667861449,已收货,1	,2026-05-08 13:59:05,	,无售后或售后取消,135.2	,168.99	
趣白全自动洗面奶打泡机感应泡沫机绵密泡沫礼品新品懒人洗脸神器,260508-098146731520505,已收货,1	,2026-05-08 13:45:42,	,无售后或售后取消,160.55	,168.99	
趣白全自动洗面奶打泡机感应泡沫机绵密泡沫礼品新品懒人洗脸神器,260508-169617671803386,已收货,1	,2026-05-08 13:23:35,	,无售后或售后取消,168.99	,168.99	
趣白全自动洗面奶打泡机感应泡沫机绵密泡沫礼品新品懒人洗脸神器,260508-184434050713343,已收货,1	,2026-05-08 13:14:52,	,无售后或售后取消,140.27	,168.99	
趣白全自动洗面奶打泡机感应泡沫机绵密泡沫礼品新品懒人洗脸神器,260508-327868782232370,已收货,1	,2026-05-08 13:03:35,	,无售后或售后取消,168.99	,168.99	
趣白全自动洗面奶打泡机感应泡沫机绵密泡沫礼品新品懒人洗脸神器,260508-496909708824066,已收货,1	,2026-05-08 12:37:55,	,无售后或售后取消,118.3	,168.99	
趣白全自动洗面奶打泡机感应泡沫机绵密泡沫礼品新品懒人洗脸神器,260508-502110635591542,已收货,1	,2026-05-08 12:34:55,	,无售后或售后取消,148.99	,168.99	
趣白全自动洗面奶打泡机感应泡沫机绵密泡沫礼品新品懒人洗脸神器,260508-100055160410186,未发货，退款成功,1	,2026-05-08 12:22:56,	,退款成功,168.99	,168.99	
趣白全自动洗面奶打泡机感应泡沫机绵密泡沫礼品新品懒人洗脸神器,260508-249686976823910,已取消,1	,	,	,无售后或售后取消,168.99	,168.99	
趣白全自动洗面奶打泡机感应泡沫机绵密泡沫礼品新品懒人洗脸神器,260508-163179425370781,已收货,1	,2026-05-08 11:49:11,	,无售后或售后取消,168.99	,168.99	
趣白全自动洗面奶打泡机感应泡沫机绵密泡沫礼品新品懒人洗脸神器,260508-512764188294048,已收货,1	,2026-05-08 11:22:39,	,无售后或售后取消,168.99	,168.99	
趣白全自动洗面奶打泡机感应泡沫机绵密泡沫礼品新品懒人洗脸神器,260508-524004964721619,已收货,1	,2026-05-08 11:04:35,	,无售后或售后取消,160.55	,168.99	
趣白全自动洗面奶打泡机感应泡沫机绵密泡沫礼品新品懒人洗脸神器,260508-048570089852244,已收货,1	,2026-05-08 10:41:43,	,无售后或售后取消,118.99	,168.99	
趣白全自动洗面奶打泡机感应泡沫机绵密泡沫礼品新品懒人洗脸神器,260508-664860126852924,已收货,1	,2026-05-08 10:39:38,	,无售后或售后取消,135.2	,168.99	
趣白全自动洗面奶打泡机感应泡沫机绵密泡沫礼品新品懒人洗脸神器,260508-538108291382045,已收货,1	,2026-05-08 10:21:10,	,无售后或售后取消,168.99	,168.99	
趣白全自动洗面奶打泡机感应泡沫机绵密泡沫礼品新品懒人洗脸神器,260508-014533323150963,已收货,1	,2026-05-08 10:19:02,	,无售后或售后取消,168.99	,168.99	
趣白全自动洗面奶打泡机感应泡沫机绵密泡沫礼品新品懒人洗脸神器,260508-362010448230152,已发货，退款成功,1	,2026-05-08 09:45:10,	,退款成功,126.75	,168.99	
趣白全自动洗面奶打泡机感应泡沫机绵密泡沫礼品新品懒人洗脸神器,260508-561250332190795,已收货,1	,2026-05-08 09:22:10,	,无售后或售后取消,145.34	,168.99	
趣白全自动洗面奶打泡机感应泡沫机绵密泡沫礼品新品懒人洗脸神器,260508-477951444493350,已收货,1	,2026-05-08 09:19:20,	,无售后或售后取消,143.65	,168.99	
趣白全自动洗面奶打泡机感应泡沫机绵密泡沫礼品新品懒人洗脸神器,260508-387616653643559,已收货,1	,2026-05-08 09:08:35,	,无售后或售后取消,126.75	,168.99	
趣白全自动洗面奶打泡机感应泡沫机绵密泡沫礼品新品懒人洗脸神器,260508-213028759951106,未发货，退款成功,1	,2026-05-08 08:06:45,	,退款成功,135.2	,168.99	
趣白全自动洗面奶打泡机感应泡沫机绵密泡沫礼品新品懒人洗脸神器,260508-436218109450981,已收货,1	,2026-05-08 08:00:29,	,无售后或售后取消,168.99	,168.99	
趣白全自动洗面奶打泡机感应泡沫机绵密泡沫礼品新品懒人洗脸神器,260508-601096272284088,已收货,1	,2026-05-08 07:56:34,	,无售后或售后取消,126.75	,168.99	
趣白全自动洗面奶打泡机感应泡沫机绵密泡沫礼品新品懒人洗脸神器,260508-014449437113935,已收货,1	,2026-05-08 07:44:47,	,无售后或售后取消,168.99	,168.99	
趣白全自动洗面奶打泡机感应泡沫机绵密泡沫礼品新品懒人洗脸神器,260508-511851896423455,已收货,1	,2026-05-08 06:40:32,	,无售后或售后取消,168.99	,168.99	
趣白全自动洗面奶打泡机感应泡沫机绵密泡沫礼品新品懒人洗脸神器,260508-184224335431438,已收货,1	,2026-05-08 06:33:14,	,无售后或售后取消,168.99	,168.99	
趣白全自动洗面奶打泡机感应泡沫机绵密泡沫礼品新品懒人洗脸神器,260508-667072601741750,已收货,1	,2026-05-08 05:31:07,	,无售后或售后取消,138.58	,168.99	
趣白全自动洗面奶打泡机感应泡沫机绵密泡沫礼品新品懒人洗脸神器,260508-475392960923751,已发货，退款成功,1	,2026-05-08 05:32:42,	,退款成功,136.89	,168.99	
趣白全自动洗面奶打泡机感应泡沫机绵密泡沫礼品新品懒人洗脸神器,260508-584937653853879,未发货，退款成功,1	,2026-05-08 02:43:55,	,退款成功,121.68	,168.99	
趣白全自动洗面奶打泡机感应泡沫机绵密泡沫礼品新品懒人洗脸神器,260508-651438333530379,未发货，退款成功,1	,2026-05-08 02:07:18,	,退款成功,168.99	,168.99	
趣白全自动洗面奶打泡机感应泡沫机绵密泡沫礼品新品懒人洗脸神器,260508-419954768250137,已收货,1	,2026-05-08 01:47:14,	,无售后或售后取消,143.65	,168.99	
趣白全自动洗面奶打泡机感应泡沫机绵密泡沫礼品新品懒人洗脸神器,260508-666107942540111,已收货,1	,2026-05-08 01:02:19,	,无售后或售后取消,135.2	,168.99	
趣白全自动洗面奶打泡机感应泡沫机绵密泡沫礼品新品懒人洗脸神器,260508-621700728330617,已取消,1	,	,	,无售后或售后取消,168.99	,168.99	
趣白全自动洗面奶打泡机感应泡沫机绵密泡沫礼品新品懒人洗脸神器,260508-605280038543790,已收货，退款成功,1	,2026-05-08 00:10:02,	,退款成功,160.55	,168.99	
趣白全自动洗面奶打泡机感应泡沫机绵密泡沫礼品新品懒人洗脸神器,260507-591040407902366,已收货,1	,2026-05-07 23:57:58,	,无售后或售后取消,168.99	,168.99	
趣白全自动洗面奶打泡机感应泡沫机绵密泡沫礼品新品懒人洗脸神器,260507-159215860002828,未发货，退款成功,1	,2026-05-07 23:40:54,	,退款成功,118.99	,168.99	
趣白全自动洗面奶打泡机感应泡沫机绵密泡沫礼品新品懒人洗脸神器,260507-542952732990113,已收货,1	,2026-05-07 23:13:18,	,无售后或售后取消,126.75	,168.99	
趣白全自动洗面奶打泡机感应泡沫机绵密泡沫礼品新品懒人洗脸神器,260507-510258071101764,已收货,1	,2026-05-07 23:03:01,	,无售后或售后取消,126.75	,168.99	
趣白全自动洗面奶打泡机感应泡沫机绵密泡沫礼品新品懒人洗脸神器,260507-314216312392133,未发货，退款成功,1	,2026-05-07 23:01:26,	,退款成功,126.75	,168.99	
趣白全自动洗面奶打泡机感应泡沫机绵密泡沫礼品新品懒人洗脸神器,260507-084683047293571,已取消,1	,	,	,无售后或售后取消,168.99	,168.99	
趣白全自动洗面奶打泡机感应泡沫机绵密泡沫礼品新品懒人洗脸神器,260507-079482141012374,已收货,1	,2026-05-07 22:46:57,	,无售后或售后取消,168.99	,168.99	
趣白全自动洗面奶打泡机感应泡沫机绵密泡沫礼品新品懒人洗脸神器,260507-132508577370274,已发货，退款成功,2	,2026-05-07 22:37:16,	,退款成功,250.96	,334.61	
趣白全自动洗面奶打泡机感应泡沫机绵密泡沫礼品新品懒人洗脸神器,260507-442845140492483,已取消,1	,	,	,无售后或售后取消,133.51	,168.99	
趣白全自动洗面奶打泡机感应泡沫机绵密泡沫礼品新品懒人洗脸神器,260507-523889579662637,已发货，退款成功,1	,2026-05-07 22:27:03,	,退款成功,168.99	,168.99	
趣白全自动洗面奶打泡机感应泡沫机绵密泡沫礼品新品懒人洗脸神器,260507-417626867223400,已收货，退款成功,1	,2026-05-07 22:20:50,	,退款成功,162.25	,168.99	
趣白全自动洗面奶打泡机感应泡沫机绵密泡沫礼品新品懒人洗脸神器,260507-562246469160494,已收货,1	,2026-05-07 21:49:27,	,无售后或售后取消,138.58	,168.99	
趣白全自动洗面奶打泡机感应泡沫机绵密泡沫礼品新品懒人洗脸神器,260507-481223022160538,已收货,1	,2026-05-07 21:39:47,	,无售后或售后取消,168.99	,168.99	
趣白全自动洗面奶打泡机感应泡沫机绵密泡沫礼品新品懒人洗脸神器,260507-546643710391385,已收货,1	,2026-05-07 21:34:32,	,无售后或售后取消,126.75	,168.99	
趣白全自动洗面奶打泡机感应泡沫机绵密泡沫礼品新品懒人洗脸神器,260507-432023847223339,已收货,1	,2026-05-07 21:01:28,	,无售后或售后取消,126.75	,168.99	
趣白全自动洗面奶打泡机感应泡沫机绵密泡沫礼品新品懒人洗脸神器,260507-061928906391903,已取消,1	,	,	,无售后或售后取消,118.3	,168.99	
趣白全自动洗面奶打泡机感应泡沫机绵密泡沫礼品新品懒人洗脸神器,260507-020059318710324,已发货，退款成功,1	,2026-05-07 20:36:13,	,退款成功,126.75	,168.99	
趣白全自动洗面奶打泡机感应泡沫机绵密泡沫礼品新品懒人洗脸神器,260507-624406074981625,未发货，退款成功,1	,2026-05-07 20:14:19,	,退款成功,133.51	,168.99	
趣白全自动洗面奶打泡机感应泡沫机绵密泡沫礼品新品懒人洗脸神器,260507-335187832410554,已收货，退款成功,1	,2026-05-07 20:00:37,	,退款成功,133.51	,168.99	
趣白全自动洗面奶打泡机感应泡沫机绵密泡沫礼品新品懒人洗脸神器,260507-346722189673155,已收货,1	,2026-05-07 19:36:06,	,无售后或售后取消,168.99	,168.99	
趣白全自动洗面奶打泡机感应泡沫机绵密泡沫礼品新品懒人洗脸神器,260507-024348014950946,未发货，退款成功,1	,2026-05-07 19:27:32,	,退款成功,118.3	,168.99	
趣白全自动洗面奶打泡机感应泡沫机绵密泡沫礼品新品懒人洗脸神器,260507-055878643222485,已收货,1	,2026-05-07 19:03:09,	,无售后或售后取消,126.75	,168.99	
趣白全自动洗面奶打泡机感应泡沫机绵密泡沫礼品新品懒人洗脸神器,260507-208173831753010,已收货,1	,2026-05-07 17:51:35,	,无售后或售后取消,168.99	,168.99	
趣白全自动洗面奶打泡机感应泡沫机绵密泡沫礼品新品懒人洗脸神器,260507-515165416971062,已收货,1	,2026-05-07 17:22:08,	,无售后或售后取消,152.1	,168.99	
趣白全自动洗面奶打泡机感应泡沫机绵密泡沫礼品新品懒人洗脸神器,260507-432474765700129,已收货,1	,2026-05-07 16:40:44,	,无售后或售后取消,160.55	,168.99	
趣白全自动洗面奶打泡机感应泡沫机绵密泡沫礼品新品懒人洗脸神器,260507-232039400991074,已收货,1	,2026-05-07 16:08:42,	,无售后或售后取消,118.3	,168.99	
趣白全自动洗面奶打泡机感应泡沫机绵密泡沫礼品新品懒人洗脸神器,260507-425145188732063,已收货,1	,2026-05-07 15:51:19,	,无售后或售后取消,143.65	,168.99	
趣白全自动洗面奶打泡机感应泡沫机绵密泡沫礼品新品懒人洗脸神器,260507-290675812783615,已收货,1	,2026-05-07 15:48:03,	,无售后或售后取消,135.2	,168.99	
趣白全自动洗面奶打泡机感应泡沫机绵密泡沫礼品新品懒人洗脸神器,260507-330385354292250,已收货,1	,2026-05-07 15:30:35,	,无售后或售后取消,157.51	,168.99	
趣白全自动洗面奶打泡机感应泡沫机绵密泡沫礼品新品懒人洗脸神器,260507-366257170760903,已收货,1	,2026-05-07 15:16:39,	,无售后或售后取消,126.75	,168.99	
趣白全自动洗面奶打泡机感应泡沫机绵密泡沫礼品新品懒人洗脸神器,260507-207051835000358,已收货,1	,2026-05-07 15:12:17,	,无售后或售后取消,140.27	,168.99	
趣白全自动洗面奶打泡机感应泡沫机绵密泡沫礼品新品懒人洗脸神器,260507-216677752393217,已收货,1	,2026-05-07 14:55:13,	,无售后或售后取消,152.1	,168.99	
趣白全自动洗面奶打泡机感应泡沫机绵密泡沫礼品新品懒人洗脸神器,260507-186206206360153,已收货,1	,2026-05-07 14:48:22,	,无售后或售后取消,135.2	,168.99	
趣白全自动洗面奶打泡机感应泡沫机绵密泡沫礼品新品懒人洗脸神器,260507-035882298953010,已发货，退款成功,1	,2026-05-07 14:44:28,	,退款成功,160.55	,168.99	
趣白全自动洗面奶打泡机感应泡沫机绵密泡沫礼品新品懒人洗脸神器,260507-205195886882085,已收货,1	,2026-05-07 14:23:37,	,无售后或售后取消,141.96	,168.99	
趣白全自动洗面奶打泡机感应泡沫机绵密泡沫礼品新品懒人洗脸神器,260507-415120780822492,已收货,1	,2026-05-07 14:18:37,	,无售后或售后取消,168.99	,168.99	
趣白全自动洗面奶打泡机感应泡沫机绵密泡沫礼品新品懒人洗脸神器,260507-516580984431001,未发货，退款成功,1	,2026-05-07 14:06:08,	,退款成功,143.65	,168.99	
趣白全自动洗面奶打泡机感应泡沫机绵密泡沫礼品新品懒人洗脸神器,260507-037790728571053,已发货，退款成功,1	,2026-05-07 13:42:49,	,退款成功,168.99	,168.99	
趣白全自动洗面奶打泡机感应泡沫机绵密泡沫礼品新品懒人洗脸神器,260507-500611223853388,已收货,1	,2026-05-07 13:37:30,	,无售后或售后取消,143.65	,168.99	
趣白全自动洗面奶打泡机感应泡沫机绵密泡沫礼品新品懒人洗脸神器,260507-173696632343403,已取消,1	,	,	,无售后或售后取消,126.75	,168.99	
趣白全自动洗面奶打泡机感应泡沫机绵密泡沫礼品新品懒人洗脸神器,260507-361905590610744,已收货,1	,2026-05-07 12:47:29,	,无售后或售后取消,133.99	,168.99	
趣白全自动洗面奶打泡机感应泡沫机绵密泡沫礼品新品懒人洗脸神器,260507-483383078511281,已收货,1	,2026-05-07 12:19:44,	,无售后或售后取消,141.96	,168.99	
趣白全自动洗面奶打泡机感应泡沫机绵密泡沫礼品新品懒人洗脸神器,260507-054064606720644,已收货,1	,2026-05-07 12:12:11,	,无售后或售后取消,126.75	,168.99	
趣白全自动洗面奶打泡机感应泡沫机绵密泡沫礼品新品懒人洗脸神器,260507-239547205211407,已收货,1	,2026-05-07 11:57:11,	,无售后或售后取消,168.99	,168.99	
趣白全自动洗面奶打泡机感应泡沫机绵密泡沫礼品新品懒人洗脸神器,260507-309644520962592,已收货,1	,2026-05-07 11:43:01,	,无售后或售后取消,135.2	,168.99	
趣白全自动洗面奶打泡机感应泡沫机绵密泡沫礼品新品懒人洗脸神器,260507-664147105352415,已收货,1	,2026-05-07 10:57:38,	,无售后或售后取消,135.2	,168.99	
趣白全自动洗面奶打泡机感应泡沫机绵密泡沫礼品新品懒人洗脸神器,260507-583857652070158,已收货,1	,2026-05-07 10:39:31,	,无售后或售后取消,162.26	,168.99	
趣白全自动洗面奶打泡机感应泡沫机绵密泡沫礼品新品懒人洗脸神器,260507-314027600291727,已收货,1	,2026-05-07 10:37:58,	,无售后或售后取消,118.3	,168.99	
趣白全自动洗面奶打泡机感应泡沫机绵密泡沫礼品新品懒人洗脸神器,260507-247600300352392,已发货，退款成功,1	,2026-05-07 10:31:48,	,退款成功,126.75	,168.99	
趣白全自动洗面奶打泡机感应泡沫机绵密泡沫礼品新品懒人洗脸神器,260507-173403041393632,已收货，退款成功,1	,2026-05-07 10:28:56,	,退款成功,147.03	,168.99	
趣白全自动洗面奶打泡机感应泡沫机绵密泡沫礼品新品懒人洗脸神器,260507-067329145212890,已收货,1	,2026-05-07 10:12:13,	,无售后或售后取消,135.2	,168.99	
趣白全自动洗面奶打泡机感应泡沫机绵密泡沫礼品新品懒人洗脸神器,260507-002852186521314,已收货,1	,2026-05-07 09:45:14,	,无售后或售后取消,133.51	,168.99	
趣白全自动洗面奶打泡机感应泡沫机绵密泡沫礼品新品懒人洗脸神器,260507-519768675900631,已收货,1	,2026-05-07 09:37:30,	,无售后或售后取消,141.96	,168.99	
趣白全自动洗面奶打泡机感应泡沫机绵密泡沫礼品新品懒人洗脸神器,260507-168988526180666,已发货，退款成功,1	,2026-05-07 09:21:35,	,退款成功,168.99	,168.99	
趣白全自动洗面奶打泡机感应泡沫机绵密泡沫礼品新品懒人洗脸神器,260507-596262284900666,已发货，退款成功,1	,2026-05-07 09:21:27,	,退款成功,141.96	,168.99	
趣白全自动洗面奶打泡机感应泡沫机绵密泡沫礼品新品懒人洗脸神器,260507-468021471652756,已收货，退款成功,1	,2026-05-07 09:11:08,(收)[QBPH004]*[1]#,退款成功,118.3	,168.99	
趣白全自动洗面奶打泡机感应泡沫机绵密泡沫礼品新品懒人洗脸神器,260507-482764398120290,已收货,1	,2026-05-07 09:07:32,	,无售后或售后取消,140.27	,168.99	
趣白全自动洗面奶打泡机感应泡沫机绵密泡沫礼品新品懒人洗脸神器,260507-542375974501017,已收货,1	,2026-05-07 09:06:13,	,无售后或售后取消,168.99	,168.99	
趣白全自动洗面奶打泡机感应泡沫机绵密泡沫礼品新品懒人洗脸神器,260507-488720309863724,已收货,1	,2026-05-07 09:04:52,	,无售后或售后取消,126.75	,168.99	
趣白全自动洗面奶打泡机感应泡沫机绵密泡沫礼品新品懒人洗脸神器,260507-107342805351456,已发货，退款成功,1	,2026-05-07 08:39:59,	,退款成功,168.99	,168.99	
趣白全自动洗面奶打泡机感应泡沫机绵密泡沫礼品新品懒人洗脸神器,260507-078538402103829,已收货，退款成功,1	,2026-05-07 07:50:49,	,退款成功,135.2	,168.99	
趣白全自动洗面奶打泡机感应泡沫机绵密泡沫礼品新品懒人洗脸神器,260507-095860877653711,已收货,1	,2026-05-07 07:39:54,	,无售后或售后取消,168.99	,168.99	
趣白全自动洗面奶打泡机感应泡沫机绵密泡沫礼品新品懒人洗脸神器,260507-633843290400556,已收货,1	,2026-05-07 07:11:07,	,无售后或售后取消,148.72	,168.99	
趣白全自动洗面奶打泡机感应泡沫机绵密泡沫礼品新品懒人洗脸神器,260507-016494150041286,已收货,1	,2026-05-07 06:26:47,	,无售后或售后取消,143.65	,168.99	
趣白全自动洗面奶打泡机感应泡沫机绵密泡沫礼品新品懒人洗脸神器,260507-675178135861339,已收货,1	,2026-05-07 05:41:22,	,无售后或售后取消,152.1	,168.99	
趣白全自动洗面奶打泡机感应泡沫机绵密泡沫礼品新品懒人洗脸神器,260507-239169717811884,已收货,1	,2026-05-07 05:34:50,	,无售后或售后取消,138.58	,168.99	
趣白全自动洗面奶打泡机感应泡沫机绵密泡沫礼品新品懒人洗脸神器,260507-146779696681603,已收货,1	,2026-05-07 04:45:50,	,无售后或售后取消,143.65	,168.99	
趣白全自动洗面奶打泡机感应泡沫机绵密泡沫礼品新品懒人洗脸神器,260507-112491293093704,已收货,1	,2026-05-07 04:00:45,	,无售后或售后取消,126.75	,168.99	
趣白全自动洗面奶打泡机感应泡沫机绵密泡沫礼品新品懒人洗脸神器,260507-214633081200233,已发货，退款成功,1	,2026-05-07 02:30:11,	,退款成功,168.99	,168.99	
趣白全自动洗面奶打泡机感应泡沫机绵密泡沫礼品新品懒人洗脸神器,260507-024851289651676,已收货,1	,2026-05-07 02:00:52,	,无售后或售后取消,152.1	,168.99	
趣白全自动洗面奶打泡机感应泡沫机绵密泡沫礼品新品懒人洗脸神器,260507-436920717673653,已收货,1	,2026-05-07 01:43:44,	,无售后或售后取消,143.65	,168.99	
趣白全自动洗面奶打泡机感应泡沫机绵密泡沫礼品新品懒人洗脸神器,260507-511055030603749,已收货,1	,2026-05-07 01:36:53,	,无售后或售后取消,126.75	,168.99	
趣白全自动洗面奶打泡机感应泡沫机绵密泡沫礼品新品懒人洗脸神器,260507-021359542622161,已收货,1	,2026-05-07 00:59:07,	,无售后或售后取消,126.75	,168.99	
趣白全自动洗面奶打泡机感应泡沫机绵密泡沫礼品新品懒人洗脸神器,260507-044061181441516,已发货，退款成功,1	,2026-05-07 00:50:52,	,退款成功,168.99	,168.99	
趣白全自动洗面奶打泡机感应泡沫机绵密泡沫礼品新品懒人洗脸神器,260506-525556805160935,已收货,1	,2026-05-06 23:44:06,	,无售后或售后取消,118.99	,168.99	
趣白全自动洗面奶打泡机感应泡沫机绵密泡沫礼品新品懒人洗脸神器,260506-124403106183906,已收货,1	,2026-05-06 23:40:04,	,无售后或售后取消,133.51	,168.99	
趣白全自动洗面奶打泡机感应泡沫机绵密泡沫礼品新品懒人洗脸神器,260506-153238924830295,已收货,1	,2026-05-06 23:03:20,	,无售后或售后取消,168.99	,168.99	
趣白全自动洗面奶打泡机感应泡沫机绵密泡沫礼品新品懒人洗脸神器,260506-137006978652402,已收货,1	,2026-05-06 22:52:36,	,无售后或售后取消,160.55	,168.99	
趣白全自动洗面奶打泡机感应泡沫机绵密泡沫礼品新品懒人洗脸神器,260506-659134912080116,已收货,1	,2026-05-06 22:49:10,	,无售后或售后取消,147.03	,168.99	
趣白全自动洗面奶打泡机感应泡沫机绵密泡沫礼品新品懒人洗脸神器,260506-143581529712785,已收货,1	,2026-05-06 21:47:58,	,无售后或售后取消,143.65	,168.99	
趣白全自动洗面奶打泡机感应泡沫机绵密泡沫礼品新品懒人洗脸神器,260506-498933481784077,已收货,1	,2026-05-06 21:51:25,	,无售后或售后取消,126.75	,168.99	
趣白全自动洗面奶打泡机感应泡沫机绵密泡沫礼品新品懒人洗脸神器,260506-263674980710126,已收货,1	,2026-05-06 21:33:15,	,无售后或售后取消,135.2	,168.99	
趣白全自动洗面奶打泡机感应泡沫机绵密泡沫礼品新品懒人洗脸神器,260506-245702398263103,已收货,1	,2026-05-06 20:42:09,	,无售后或售后取消,140.27	,168.99	
趣白全自动洗面奶打泡机感应泡沫机绵密泡沫礼品新品懒人洗脸神器,260506-090303403552746,已收货,1	,2026-05-06 20:29:21,	,无售后或售后取消,143.65	,168.99	
趣白全自动洗面奶打泡机感应泡沫机绵密泡沫礼品新品懒人洗脸神器,260506-530191490662179,已收货,1	,2026-05-06 20:27:59,	,无售后或售后取消,160.55	,168.99	
趣白全自动洗面奶打泡机感应泡沫机绵密泡沫礼品新品懒人洗脸神器,260506-480520497583369,已收货,1	,2026-05-06 19:59:06,	,无售后或售后取消,152.1	,168.99	
趣白全自动洗面奶打泡机感应泡沫机绵密泡沫礼品新品懒人洗脸神器,260506-686796357953077,未发货，退款成功,1	,2026-05-06 19:45:36,	,退款成功,118.99	,168.99	
趣白全自动洗面奶打泡机感应泡沫机绵密泡沫礼品新品懒人洗脸神器,260506-567248166450244,已收货,1	,2026-05-06 19:21:52,	,无售后或售后取消,133.51	,168.99	
趣白全自动洗面奶打泡机感应泡沫机绵密泡沫礼品新品懒人洗脸神器,260506-117325248853591,已收货,1	,2026-05-06 18:11:10,	,无售后或售后取消,143.65	,168.99	
趣白全自动洗面奶打泡机感应泡沫机绵密泡沫礼品新品懒人洗脸神器,260506-059076789793389,已收货,1	,2026-05-06 17:43:22,	,无售后或售后取消,143.65	,168.99	
趣白全自动洗面奶打泡机感应泡沫机绵密泡沫礼品新品懒人洗脸神器,260506-259585502851985,已取消,1	,	,	,无售后或售后取消,168.99	,168.99	
趣白全自动洗面奶打泡机感应泡沫机绵密泡沫礼品新品懒人洗脸神器,260506-436008425091985,已取消,1	,	,	,无售后或售后取消,168.99	,168.99	
趣白全自动洗面奶打泡机感应泡沫机绵密泡沫礼品新品懒人洗脸神器,260506-307117504893221,已取消,1	,	,	,无售后或售后取消,118.3	,168.99	
趣白全自动洗面奶打泡机感应泡沫机绵密泡沫礼品新品懒人洗脸神器,260506-031205681513239,已收货,1	,2026-05-06 16:54:54,	,无售后或售后取消,135.2	,168.99	
趣白全自动洗面奶打泡机感应泡沫机绵密泡沫礼品新品懒人洗脸神器,260506-036238846382560,已收货，退款成功,1	,2026-05-06 16:15:06,(收)[QBPH004]*[1]#,退款成功,143.65	,168.99	
趣白全自动洗面奶打泡机感应泡沫机绵密泡沫礼品新品懒人洗脸神器,260506-355928697192985,已收货,1	,2026-05-06 16:04:28,	,无售后或售后取消,152.1	,168.99	
趣白全自动洗面奶打泡机感应泡沫机绵密泡沫礼品新品懒人洗脸神器,260506-649907433090686,已收货,1	,2026-05-06 16:00:35,	,无售后或售后取消,135.2	,168.99	
趣白全自动洗面奶打泡机感应泡沫机绵密泡沫礼品新品懒人洗脸神器,260506-627908360482301,已收货,1	,2026-05-06 15:23:30,	,无售后或售后取消,143.65	,168.99	
趣白全自动洗面奶打泡机感应泡沫机绵密泡沫礼品新品懒人洗脸神器,260506-281878228521682,已收货,1	,2026-05-06 15:13:04,	,无售后或售后取消,168.99	,168.99	
趣白全自动洗面奶打泡机感应泡沫机绵密泡沫礼品新品懒人洗脸神器,260506-391433438780303,已收货,1	,2026-05-06 14:28:43,	,无售后或售后取消,152.1	,168.99	
趣白全自动洗面奶打泡机感应泡沫机绵密泡沫礼品新品懒人洗脸神器,260506-572585490760940,已收货,1	,2026-05-06 14:17:12,	,无售后或售后取消,138.58	,168.99	
趣白全自动洗面奶打泡机感应泡沫机绵密泡沫礼品新品懒人洗脸神器,260506-294964436571279,已收货,1	,2026-05-06 14:08:37,	,无售后或售后取消,168.99	,168.99	
趣白全自动洗面奶打泡机感应泡沫机绵密泡沫礼品新品懒人洗脸神器,260506-495399790891523,未发货，退款成功,1	,2026-05-06 14:06:58,	,退款成功,168.99	,168.99	
趣白全自动洗面奶打泡机感应泡沫机绵密泡沫礼品新品懒人洗脸神器,260506-036836482673882,未发货，退款成功,1	,2026-05-06 14:01:35,	,退款成功,168.99	,168.99	
趣白全自动洗面奶打泡机感应泡沫机绵密泡沫礼品新品懒人洗脸神器,260506-027525127771041,已发货，退款成功,1	,2026-05-06 13:42:28,	,退款成功,119.99	,168.99	
趣白全自动洗面奶打泡机感应泡沫机绵密泡沫礼品新品懒人洗脸神器,260506-540142507631051,已收货,1	,2026-05-06 13:33:59,	,无售后或售后取消,148.99	,168.99	
趣白全自动洗面奶打泡机感应泡沫机绵密泡沫礼品新品懒人洗脸神器,260506-610082506270952,已收货,1	,2026-05-06 13:29:44,	,无售后或售后取消,126.75	,168.99	
趣白全自动洗面奶打泡机感应泡沫机绵密泡沫礼品新品懒人洗脸神器,260506-662469383702105,未发货，退款成功,1	,2026-05-06 13:27:48,	,退款成功,135.2	,168.99	
趣白全自动洗面奶打泡机感应泡沫机绵密泡沫礼品新品懒人洗脸神器,260506-498377746771409,已收货，退款成功,1	,2026-05-06 13:19:29,	,退款成功,143.65	,168.99	
趣白全自动洗面奶打泡机感应泡沫机绵密泡沫礼品新品懒人洗脸神器,260506-264671075900788,已收货,1	,2026-05-06 12:07:44,	,无售后或售后取消,135.2	,168.99	
趣白全自动洗面奶打泡机感应泡沫机绵密泡沫礼品新品懒人洗脸神器,260506-553564280383145,已收货,1	,2026-05-06 11:54:23,	,无售后或售后取消,168.99	,168.99	
趣白全自动洗面奶打泡机感应泡沫机绵密泡沫礼品新品懒人洗脸神器,260506-206831665480981,已收货,1	,2026-05-06 11:51:13,	,无售后或售后取消,152.1	,168.99	
趣白全自动洗面奶打泡机感应泡沫机绵密泡沫礼品新品懒人洗脸神器,260506-282161333783341,已收货,1	,2026-05-06 11:44:09,	,无售后或售后取消,168.99	,168.99	
趣白全自动洗面奶打泡机感应泡沫机绵密泡沫礼品新品懒人洗脸神器,260506-534522129953135,已发货，退款成功,1	,2026-05-06 11:42:25,	,退款成功,130.13	,168.99	
趣白全自动洗面奶打泡机感应泡沫机绵密泡沫礼品新品懒人洗脸神器,260506-236265182811285,已收货,1	,2026-05-06 11:35:02,	,无售后或售后取消,126.75	,168.99	
趣白全自动洗面奶打泡机感应泡沫机绵密泡沫礼品新品懒人洗脸神器,260506-154528663193756,已收货,1	,2026-05-06 11:32:23,	,无售后或售后取消,168.99	,168.99	
趣白全自动洗面奶打泡机感应泡沫机绵密泡沫礼品新品懒人洗脸神器,260506-322940464771789,已发货，退款成功,1	,2026-05-06 10:54:04,	,退款成功,126.75	,168.99	
趣白全自动洗面奶打泡机感应泡沫机绵密泡沫礼品新品懒人洗脸神器,260506-563588666940631,已取消,1	,	,	,无售后或售后取消,143.65	,168.99	
趣白全自动洗面奶打泡机感应泡沫机绵密泡沫礼品新品懒人洗脸神器,260506-023079196294016,已收货,1	,2026-05-06 11:06:21,	,无售后或售后取消,133.99	,168.99	
趣白全自动洗面奶打泡机感应泡沫机绵密泡沫礼品新品懒人洗脸神器,260506-560285642292824,已收货,1	,2026-05-06 10:41:33,	,无售后或售后取消,152.1	,168.99	
趣白全自动洗面奶打泡机感应泡沫机绵密泡沫礼品新品懒人洗脸神器,260506-512502013574016,已取消,1	,	,	,无售后或售后取消,135.2	,168.99	
趣白全自动洗面奶打泡机感应泡沫机绵密泡沫礼品新品懒人洗脸神器,260506-048622549291503,已收货,1	,2026-05-06 10:21:25,	,无售后或售后取消,152.1	,168.99	
趣白全自动洗面奶打泡机感应泡沫机绵密泡沫礼品新品懒人洗脸神器,260506-416127424111123,已发货，退款成功,1	,2026-05-06 10:20:21,	,退款成功,168.99	,168.99	
趣白全自动洗面奶打泡机感应泡沫机绵密泡沫礼品新品懒人洗脸神器,260506-626566131312555,已发货，退款成功,1	,2026-05-06 10:03:51,	,退款成功,143.65	,168.99	
趣白全自动洗面奶打泡机感应泡沫机绵密泡沫礼品新品懒人洗脸神器,260506-126038853130080,已收货,1	,2026-05-06 09:55:15,	,无售后或售后取消,168.99	,168.99	
趣白全自动洗面奶打泡机感应泡沫机绵密泡沫礼品新品懒人洗脸神器,260506-568454070682958,已收货,1	,2026-05-06 09:49:14,	,无售后或售后取消,143.65	,168.99	
趣白全自动洗面奶打泡机感应泡沫机绵密泡沫礼品新品懒人洗脸神器,260506-220620418663604,已收货,1	,2026-05-06 09:22:05,不感应,无售后或售后取消,135.2	,168.99	
趣白全自动洗面奶打泡机感应泡沫机绵密泡沫礼品新品懒人洗脸神器,260506-404876203650898,已发货，退款成功,1	,2026-05-06 09:17:43,	,退款成功,168.99	,168.99	
趣白全自动皂液器感应皂液器凝胶机洗洁精沐浴露卫生间厨房,260506-592078466583904,已收货,1	,2026-05-06 09:06:06,	,无售后或售后取消,70.55	,85.0	
趣白全自动洗面奶打泡机感应泡沫机绵密泡沫礼品新品懒人洗脸神器,260506-330437835074074,已发货，退款成功,1	,2026-05-06 09:03:45,	,退款成功,126.75	,168.99	
趣白全自动洗面奶打泡机感应泡沫机绵密泡沫礼品新品懒人洗脸神器,260506-465253251382091,已发货，退款成功,1	,2026-05-06 09:01:52,	,退款成功,168.99	,168.99	
趣白全自动洗面奶打泡机感应泡沫机绵密泡沫礼品新品懒人洗脸神器,260506-393268457081832,已收货,1	,2026-05-06 08:45:19,	,无售后或售后取消,135.2	,168.99	
趣白全自动洗面奶打泡机感应泡沫机绵密泡沫礼品新品懒人洗脸神器,260506-539555336551068,已收货,1	,2026-05-06 08:33:16,	,无售后或售后取消,131.82	,168.99	
趣白全自动洗面奶打泡机感应泡沫机绵密泡沫礼品新品懒人洗脸神器,260506-406302267032208,已发货，退款成功,1	,2026-05-06 08:17:32,	,退款成功,135.2	,168.99	
趣白全自动洗面奶打泡机感应泡沫机绵密泡沫礼品新品懒人洗脸神器,260506-359063897681458,已收货,1	,2026-05-06 07:33:08,	,无售后或售后取消,160.55	,168.99	
趣白全自动洗面奶打泡机感应泡沫机绵密泡沫礼品新品懒人洗脸神器,260506-134553300570112,已收货,1	,2026-05-06 07:27:33,	,无售后或售后取消,118.99	,168.99	
趣白全自动洗面奶打泡机感应泡沫机绵密泡沫礼品新品懒人洗脸神器,260506-366351521432208,已收货,1	,2026-05-06 07:27:50,	,无售后或售后取消,118.99	,168.99	
趣白全自动洗面奶打泡机感应泡沫机绵密泡沫礼品新品懒人洗脸神器,260506-128649869722150,已收货,1	,2026-05-06 07:12:26,	,无售后或售后取消,157.17	,168.99	
趣白全自动洗面奶打泡机感应泡沫机绵密泡沫礼品新品懒人洗脸神器,260506-600016166421116,已收货,1	,2026-05-06 07:02:15,	,无售后或售后取消,143.65	,168.99	
趣白全自动洗面奶打泡机感应泡沫机绵密泡沫礼品新品懒人洗脸神器,260506-053099948443751,未发货，退款成功,1	,2026-05-06 06:19:48,	,退款成功,152.1	,168.99	
趣白全自动洗面奶打泡机感应泡沫机绵密泡沫礼品新品懒人洗脸神器,260506-012090089101944,已收货,1	,2026-05-06 05:21:20,	,无售后或售后取消,118.99	,168.99	
趣白全自动洗面奶打泡机感应泡沫机绵密泡沫礼品新品懒人洗脸神器,260506-531250614622095,已收货,1	,2026-05-06 04:54:52,	,无售后或售后取消,126.75	,168.99	
趣白全自动洗面奶打泡机感应泡沫机绵密泡沫礼品新品懒人洗脸神器,260506-093260409182181,已收货,1	,2026-05-06 08:24:37,	,无售后或售后取消,118.3	,168.99	
趣白全自动洗面奶打泡机感应泡沫机绵密泡沫礼品新品懒人洗脸神器,260506-202459103620135,已收货,1	,2026-05-06 01:25:27,	,无售后或售后取消,143.65	,168.99	
趣白全自动洗面奶打泡机感应泡沫机绵密泡沫礼品新品懒人洗脸神器,260506-524581661033653,已收货,1	,2026-05-06 00:40:19,	,无售后或售后取消,135.2	,168.99	
趣白全自动洗面奶打泡机感应泡沫机绵密泡沫礼品新品懒人洗脸神器,260506-390531725672867,已收货，退款成功,1	,2026-05-06 00:37:43,	,退款成功,141.96	,168.99	
趣白全自动洗面奶打泡机感应泡沫机绵密泡沫礼品新品懒人洗脸神器,260506-547660818733412,已发货，退款成功,1	,2026-05-06 00:27:17,	,退款成功,118.99	,168.99	
趣白全自动洗面奶打泡机感应泡沫机绵密泡沫礼品新品懒人洗脸神器,260506-525630185110413,已收货,1	,2026-05-06 00:23:41,	,无售后或售后取消,141.96	,168.99	
趣白全自动洗面奶打泡机感应泡沫机绵密泡沫礼品新品懒人洗脸神器,260506-583469678980152,已收货,1	,2026-05-06 00:09:50,	,无售后或售后取消,135.2	,168.99	
趣白全自动洗面奶打泡机感应泡沫机绵密泡沫礼品新品懒人洗脸神器,260506-421621962240080,已收货,1	,2026-05-06 00:03:30,	,无售后或售后取消,168.99	,168.99	
趣白全自动洗面奶打泡机感应泡沫机绵密泡沫礼品新品懒人洗脸神器,260506-237880011183476,未发货，退款成功,1	,2026-05-06 00:02:52,	,退款成功,168.99	,168.99	
趣白全自动洗面奶打泡机感应泡沫机绵密泡沫礼品新品懒人洗脸神器,260506-189813255680080,未发货，退款成功,1	,2026-05-06 00:02:34,	,退款成功,168.99	,168.99	
趣白全自动洗面奶打泡机感应泡沫机绵密泡沫礼品新品懒人洗脸神器,260506-355530228021734,未发货，退款成功,1	,2026-05-06 00:01:59,	,退款成功,138.58	,168.99	
趣白全自动洗面奶打泡机感应泡沫机绵密泡沫礼品新品懒人洗脸神器,260505-219624313273733,已收货,1	,2026-05-05 23:57:32,	,无售后或售后取消,131.82	,168.99	
趣白全自动洗面奶打泡机感应泡沫机绵密泡沫礼品新品懒人洗脸神器,260505-163672287643617,已收货,1	,2026-05-05 23:53:30,	,无售后或售后取消,168.99	,168.99	
趣白全自动洗面奶打泡机感应泡沫机绵密泡沫礼品新品懒人洗脸神器,260505-097685399973222,已收货,1	,2026-05-05 23:40:12,	,无售后或售后取消,141.96	,168.99	
趣白全自动洗面奶打泡机感应泡沫机绵密泡沫礼品新品懒人洗脸神器,260505-137510264460416,已收货,1	,2026-05-05 23:28:11,	,无售后或售后取消,152.1	,168.99	
趣白全自动洗面奶打泡机感应泡沫机绵密泡沫礼品新品懒人洗脸神器,260505-239746444940416,未发货，退款成功,1	,2026-05-05 23:07:06,	,退款成功,158.99	,168.99	
趣白全自动洗面奶打泡机感应泡沫机绵密泡沫礼品新品懒人洗脸神器,260505-303940277903169,未发货，退款成功,1	,2026-05-05 23:07:02,	,退款成功,168.99	,168.99	
趣白全自动洗面奶打泡机感应泡沫机绵密泡沫礼品新品懒人洗脸神器,260505-051275426113944,已收货,1	,2026-05-05 22:42:56,	,无售后或售后取消,116.61	,168.99	
趣白全自动洗面奶打泡机感应泡沫机绵密泡沫礼品新品懒人洗脸神器,260505-182934618511106,未发货，退款成功,1	,2026-05-05 22:07:32,	,退款成功,145.34	,168.99	
趣白全自动洗面奶打泡机感应泡沫机绵密泡沫礼品新品懒人洗脸神器,260505-293265743383241,已收货,1	,2026-05-05 21:52:10,	,无售后或售后取消,126.75	,168.99	
趣白全自动洗面奶打泡机感应泡沫机绵密泡沫礼品新品懒人洗脸神器,260505-341678517900921,已发货，退款成功,1	,2026-05-05 21:26:02,	,退款成功,168.99	,168.99	
趣白全自动洗面奶打泡机感应泡沫机绵密泡沫礼品新品懒人洗脸神器,260505-529342144011803,已收货,1	,2026-05-05 21:19:47,	,无售后或售后取消,116.61	,168.99	
趣白全自动洗面奶打泡机感应泡沫机绵密泡沫礼品新品懒人洗脸神器,260505-526112602441918,已收货,1	,2026-05-05 21:14:55,	,无售后或售后取消,135.2	,168.99	
趣白全自动洗面奶打泡机感应泡沫机绵密泡沫礼品新品懒人洗脸神器,260505-091666531972881,已发货，退款成功,1	,2026-05-05 21:06:12,	,退款成功,121.68	,168.99	
趣白全自动洗面奶打泡机感应泡沫机绵密泡沫礼品新品懒人洗脸神器,260505-360427077933108,已发货，退款成功,1	,2026-05-05 20:57:35,	,退款成功,116.61	,168.99	
趣白全自动洗面奶打泡机感应泡沫机绵密泡沫礼品新品懒人洗脸神器,260505-004404099372877,未发货，退款成功,1	,2026-05-05 20:56:34,	,退款成功,116.61	,168.99	
趣白全自动洗面奶打泡机感应泡沫机绵密泡沫礼品新品懒人洗脸神器,260505-342758572323432,已收货,1	,2026-05-05 20:19:23,	,无售后或售后取消,121.68	,168.99	
趣白全自动洗面奶打泡机感应泡沫机绵密泡沫礼品新品懒人洗脸神器,260505-683755518301940,已发货，退款成功,1	,2026-05-05 20:11:06,	,退款成功,121.68	,168.99	
趣白全自动洗面奶打泡机感应泡沫机绵密泡沫礼品新品懒人洗脸神器,260505-106766036483085,已收货,1	,2026-05-05 19:55:05,	,无售后或售后取消,135.2	,168.99	
趣白全自动洗面奶打泡机感应泡沫机绵密泡沫礼品新品懒人洗脸神器,260505-483991304521918,已取消,1	,	,	,无售后或售后取消,135.2	,168.99	
趣白全自动洗面奶打泡机感应泡沫机绵密泡沫礼品新品懒人洗脸神器,260505-381702653591553,已收货,1	,2026-05-05 19:47:27,	,无售后或售后取消,163.99	,168.99	
趣白全自动洗面奶打泡机感应泡沫机绵密泡沫礼品新品懒人洗脸神器,260505-534647959040978,已收货,1	,2026-05-05 19:39:36,	,无售后或售后取消,168.99	,168.99	
趣白全自动洗面奶打泡机感应泡沫机绵密泡沫礼品新品懒人洗脸神器,260505-231127129702888,已收货,1	,2026-05-05 19:39:04,	,无售后或售后取消,116.61	,168.99	
趣白全自动洗面奶打泡机感应泡沫机绵密泡沫礼品新品懒人洗脸神器,260505-597101177261702,已收货,1	,2026-05-05 19:10:52,	,无售后或售后取消,116.61	,168.99	
趣白全自动洗面奶打泡机感应泡沫机绵密泡沫礼品新品懒人洗脸神器,260505-672357487022048,已收货,1	,2026-05-05 18:44:25,	,无售后或售后取消,131.82	,168.99	
趣白全自动洗面奶打泡机感应泡沫机绵密泡沫礼品新品懒人洗脸神器,260505-050981793353365,已收货,1	,2026-05-05 18:43:17,	,无售后或售后取消,125.06	,168.99	
趣白全自动洗面奶打泡机感应泡沫机绵密泡沫礼品新品懒人洗脸神器,260505-439059822911302,已收货,1	,2026-05-05 18:42:25,	,无售后或售后取消,161.99	,168.99	
趣白全自动洗面奶打泡机感应泡沫机绵密泡沫礼品新品懒人洗脸神器,260505-204682073661859,已收货,1	,2026-05-05 18:26:34,	,无售后或售后取消,126.75	,168.99	
趣白全自动洗面奶打泡机感应泡沫机绵密泡沫礼品新品懒人洗脸神器,260505-500716071351176,已发货，退款成功,1	,2026-05-05 18:09:42,	,退款成功,126.75	,168.99	
趣白全自动洗面奶打泡机感应泡沫机绵密泡沫礼品新品懒人洗脸神器,260505-420478983681325,已收货,1	,2026-05-05 18:07:38,	,无售后或售后取消,136.89	,168.99	
趣白全自动洗面奶打泡机感应泡沫机绵密泡沫礼品新品懒人洗脸神器,260505-501271795262466,已收货,1	,2026-05-05 17:56:27,	,无售后或售后取消,168.99	,168.99	
趣白全自动洗面奶打泡机感应泡沫机绵密泡沫礼品新品懒人洗脸神器,260505-013233099041892,已收货,1	,2026-05-05 17:51:15,	,无售后或售后取消,125.06	,168.99	
趣白全自动洗面奶打泡机感应泡沫机绵密泡沫礼品新品懒人洗脸神器,260505-039174827543764,已收货,1	,2026-05-05 17:50:20,	,无售后或售后取消,133.51	,168.99	
趣白全自动洗面奶打泡机感应泡沫机绵密泡沫礼品新品懒人洗脸神器,260505-078307694102739,已发货，退款成功,1	,2026-05-05 17:44:31,	,退款成功,133.51	,168.99	
趣白全自动洗面奶打泡机感应泡沫机绵密泡沫礼品新品懒人洗脸神器,260505-537594509661419,已发货，退款成功,1	,2026-05-05 17:43:52,	,退款成功,118.3	,168.99	
趣白全自动洗面奶打泡机感应泡沫机绵密泡沫礼品新品懒人洗脸神器,260505-589194862161478,已取消,1	,	,	,无售后或售后取消,168.99	,168.99	
趣白全自动洗面奶打泡机感应泡沫机绵密泡沫礼品新品懒人洗脸神器,260505-130736515472931,已发货，退款成功,1	,2026-05-05 17:35:36,	,退款成功,130.13	,168.99	
趣白全自动洗面奶打泡机感应泡沫机绵密泡沫礼品新品懒人洗脸神器,260505-673982717492504,已收货，退款成功,1	,2026-05-05 17:32:41,(收)[QBPH004]*[1]#,退款成功,136.89	,168.99	
趣白全自动洗面奶打泡机感应泡沫机绵密泡沫礼品新品懒人洗脸神器,260505-168244089254076,已收货,1	,2026-05-05 17:31:48,	,无售后或售后取消,147.03	,168.99	
趣白全自动洗面奶打泡机感应泡沫机绵密泡沫礼品新品懒人洗脸神器,260505-471701931580655,已收货,1	,2026-05-06 17:04:55,	,无售后或售后取消,125.06	,168.99	
趣白全自动洗面奶打泡机感应泡沫机绵密泡沫礼品新品懒人洗脸神器,260505-642546419240939,已收货,1	,2026-05-05 16:59:25,	,无售后或售后取消,143.65	,168.99	
趣白全自动洗面奶打泡机感应泡沫机绵密泡沫礼品新品懒人洗脸神器,260505-617003170123663,已收货,1	,2026-05-05 16:52:13,	,无售后或售后取消,168.99	,168.99	
趣白全自动洗面奶打泡机感应泡沫机绵密泡沫礼品新品懒人洗脸神器,260505-099447007532531,已收货,1	,2026-05-05 16:50:06,	,无售后或售后取消,168.99	,168.99	
趣白全自动洗面奶打泡机感应泡沫机绵密泡沫礼品新品懒人洗脸神器,260505-148321124743437,未发货，退款成功,1	,2026-05-05 16:49:35,	,退款成功,145.34	,168.99	
趣白全自动洗面奶打泡机感应泡沫机绵密泡沫礼品新品懒人洗脸神器,260505-574745495191124,已取消,1	,	,	,无售后或售后取消,126.75	,168.99	
趣白全自动洗面奶打泡机感应泡沫机绵密泡沫礼品新品懒人洗脸神器,260505-271245647452019,已收货,1	,2026-05-05 16:22:32,	,无售后或售后取消,143.65	,168.99	
趣白全自动洗面奶打泡机感应泡沫机绵密泡沫礼品新品懒人洗脸神器,260505-251322713721475,已收货,1	,2026-05-05 16:13:18,	,无售后或售后取消,116.61	,168.99	
趣白全自动洗面奶打泡机感应泡沫机绵密泡沫礼品新品懒人洗脸神器,260505-169145874852605,已收货,1	,2026-05-06 15:11:10,	,无售后或售后取消,118.3	,168.99	
趣白全自动洗面奶打泡机感应泡沫机绵密泡沫礼品新品懒人洗脸神器,260505-562540060172686,已收货,1	,2026-05-05 16:05:58,	,无售后或售后取消,168.99	,168.99	
趣白全自动洗面奶打泡机感应泡沫机绵密泡沫礼品新品懒人洗脸神器,260505-662762996143476,已收货,1	,2026-05-05 15:55:51,	,无售后或售后取消,136.89	,168.99	
趣白全自动洗面奶打泡机感应泡沫机绵密泡沫礼品新品懒人洗脸神器,260505-023404296582615,未发货，退款成功,1	,2026-05-05 15:49:23,	,退款成功,168.99	,168.99	
趣白全自动洗面奶打泡机感应泡沫机绵密泡沫礼品新品懒人洗脸神器,260505-398762974851483,已收货,1	,2026-05-05 14:55:49,	,无售后或售后取消,135.2	,168.99	
趣白全自动洗面奶打泡机感应泡沫机绵密泡沫礼品新品懒人洗脸神器,260505-645429992972254,已收货,1	,2026-05-05 14:49:31,	,无售后或售后取消,168.99	,168.99	
趣白全自动洗面奶打泡机感应泡沫机绵密泡沫礼品新品懒人洗脸神器,260505-127601262922521,已收货，退款成功,1	,2026-05-05 14:41:21,	,退款成功,136.89	,168.99	
趣白全自动洗面奶打泡机感应泡沫机绵密泡沫礼品新品懒人洗脸神器,260505-311175493932270,已收货,1	,2026-05-05 14:33:32,	,无售后或售后取消,125.06	,168.99	
趣白全自动洗面奶打泡机感应泡沫机绵密泡沫礼品新品懒人洗脸神器,260505-080048299663228,已发货，退款成功,1	,2026-05-05 14:30:43,	,退款成功,167.99	,168.99	
趣白全自动洗面奶打泡机感应泡沫机绵密泡沫礼品新品懒人洗脸神器,260505-200540188180094,已收货,1	,2026-05-05 14:24:43,	,无售后或售后取消,168.99	,168.99	
趣白全自动洗面奶打泡机感应泡沫机绵密泡沫礼品新品懒人洗脸神器,260505-130359038323570,已收货,1	,2026-05-05 14:13:09,	,无售后或售后取消,135.2	,168.99	
趣白全自动洗面奶打泡机感应泡沫机绵密泡沫礼品新品懒人洗脸神器,260505-096427098463243,已收货,1	,2026-05-05 14:08:34,	,无售后或售后取消,148.99	,168.99	
趣白全自动洗面奶打泡机感应泡沫机绵密泡沫礼品新品懒人洗脸神器,260505-665342471802671,已取消,1	,	,	,无售后或售后取消,125.06	,168.99	
趣白全自动洗面奶打泡机感应泡沫机绵密泡沫礼品新品懒人洗脸神器,260505-163777113601356,已收货,1	,2026-05-05 14:00:43,	,无售后或售后取消,116.61	,168.99	
趣白全自动洗面奶打泡机感应泡沫机绵密泡沫礼品新品懒人洗脸神器,260505-035714537071838,已收货,1	,2026-05-05 13:59:36,	,无售后或售后取消,126.75	,168.99	
趣白全自动洗面奶打泡机感应泡沫机绵密泡沫礼品新品懒人洗脸神器,260505-313062889042040,已收货,1	,2026-05-05 13:42:53,	,无售后或售后取消,118.99	,168.99	
趣白全自动洗面奶打泡机感应泡沫机绵密泡沫礼品新品懒人洗脸神器,260505-643081203313945,已收货,1	,2026-05-05 13:39:10,	,无售后或售后取消,145.34	,168.99	
趣白全自动洗面奶打泡机感应泡沫机绵密泡沫礼品新品懒人洗脸神器,260505-353957394731690,已收货,1	,2026-05-05 13:22:08,	,无售后或售后取消,135.2	,168.99	
趣白全自动洗面奶打泡机感应泡沫机绵密泡沫礼品新品懒人洗脸神器,260505-207429384531867,已收货,1	,2026-05-05 12:43:21,	,无售后或售后取消,145.34	,168.99	
趣白全自动洗面奶打泡机感应泡沫机绵密泡沫礼品新品懒人洗脸神器,260505-272556439861810,已收货,1	,2026-05-05 12:36:03,	,无售后或售后取消,121.68	,168.99	
趣白全自动洗面奶打泡机感应泡沫机绵密泡沫礼品新品懒人洗脸神器,260505-059013927220334,已收货,1	,2026-05-05 12:32:16,	,无售后或售后取消,118.3	,168.99	
趣白全自动洗面奶打泡机感应泡沫机绵密泡沫礼品新品懒人洗脸神器,260505-127517397303886,已收货,1	,2026-05-05 12:24:15,	,无售后或售后取消,168.99	,168.99	
趣白全自动洗面奶打泡机感应泡沫机绵密泡沫礼品新品懒人洗脸神器,260505-166461468282733,未发货，退款成功,1	,2026-05-05 12:12:13,	,退款成功,168.99	,168.99	
趣白全自动洗面奶打泡机感应泡沫机绵密泡沫礼品新品懒人洗脸神器,260505-410559475331432,已发货，退款成功,1	,2026-05-05 12:10:33,	,退款成功,143.65	,168.99	
趣白全自动洗面奶打泡机感应泡沫机绵密泡沫礼品新品懒人洗脸神器,260505-167069663620236,已收货,1	,2026-05-05 12:09:38,	,无售后或售后取消,168.99	,168.99	
趣白全自动洗面奶打泡机感应泡沫机绵密泡沫礼品新品懒人洗脸神器,260505-676488844852977,已发货，退款成功,1	,2026-05-05 12:08:23,	,退款成功,135.2	,168.99	
趣白全自动洗面奶打泡机感应泡沫机绵密泡沫礼品新品懒人洗脸神器,260505-274171184682416,已收货,1	,2026-05-05 12:05:02,	,无售后或售后取消,145.34	,168.99	
趣白全自动洗面奶打泡机感应泡沫机绵密泡沫礼品新品懒人洗脸神器,260505-069415790973470,已发货，退款成功,1	,2026-05-06 06:58:31,	,退款成功,135.2	,168.99	
趣白全自动洗面奶打泡机感应泡沫机绵密泡沫礼品新品懒人洗脸神器,260505-567751524773719,已收货,1	,2026-05-05 11:49:43,	,无售后或售后取消,118.3	,168.99	
趣白全自动洗面奶打泡机感应泡沫机绵密泡沫礼品新品懒人洗脸神器,260505-267030434122673,已收货,1	,2026-05-05 11:32:37,	,无售后或售后取消,160.55	,168.99	
趣白全自动洗面奶打泡机感应泡沫机绵密泡沫礼品新品懒人洗脸神器,260505-375117616640235,已收货,1	,2026-05-05 11:47:54,	,无售后或售后取消,125.06	,168.99	
趣白全自动洗面奶打泡机感应泡沫机绵密泡沫礼品新品懒人洗脸神器,260505-148027512320235,已取消,1	,	,	,无售后或售后取消,135.2	,168.99	
趣白全自动洗面奶打泡机感应泡沫机绵密泡沫礼品新品懒人洗脸神器,260505-252203559323117,已收货,1	,2026-05-05 11:16:53,	,无售后或售后取消,168.99	,168.99	
趣白全自动洗面奶打泡机感应泡沫机绵密泡沫礼品新品懒人洗脸神器,260505-478066798131163,已收货,1	,2026-05-05 11:12:02,	,无售后或售后取消,168.99	,168.99	
趣白全自动洗面奶打泡机感应泡沫机绵密泡沫礼品新品懒人洗脸神器,260505-605500229232683,已收货,1	,2026-05-05 11:08:38,	,无售后或售后取消,152.1	,168.99	
趣白全自动洗面奶打泡机感应泡沫机绵密泡沫礼品新品懒人洗脸神器,260505-033984428451748,已收货,1	,2026-05-05 10:57:23,	,无售后或售后取消,133.51	,168.99	
趣白全自动洗面奶打泡机感应泡沫机绵密泡沫礼品新品懒人洗脸神器,260505-601211563523775,已收货，退款成功,1	,2026-05-05 14:00:44,	,退款成功,133.51	,168.99	
趣白全自动洗面奶打泡机感应泡沫机绵密泡沫礼品新品懒人洗脸神器,260505-033648853321459,已收货,1	,2026-05-05 10:47:46,	,无售后或售后取消,126.75	,168.99	
趣白全自动洗面奶打泡机感应泡沫机绵密泡沫礼品新品懒人洗脸神器,260505-682769794583027,已收货,1	,2026-05-05 10:42:50,	,无售后或售后取消,160.55	,168.99	
趣白全自动洗面奶打泡机感应泡沫机绵密泡沫礼品新品懒人洗脸神器,260505-628222933311016,已收货,1	,2026-05-05 10:34:03,	,无售后或售后取消,136.89	,168.99	
趣白全自动洗面奶打泡机感应泡沫机绵密泡沫礼品新品懒人洗脸神器,260505-217768302233445,已收货，退款成功,1	,2026-05-05 10:28:38,	,退款成功,168.99	,168.99	
趣白全自动洗面奶打泡机感应泡沫机绵密泡沫礼品新品懒人洗脸神器,260505-215335585390989,已收货,1	,2026-05-05 10:22:10,	,无售后或售后取消,133.51	,168.99	
趣白全自动洗面奶打泡机感应泡沫机绵密泡沫礼品新品懒人洗脸神器,260505-236862871193604,已收货,1	,2026-05-05 10:19:38,	,无售后或售后取消,160.55	,168.99	
趣白全自动洗面奶打泡机感应泡沫机绵密泡沫礼品新品懒人洗脸神器,260505-312821716531658,已发货，退款成功,1	,2026-05-05 10:16:18,	,退款成功,141.96	,168.99	
趣白全自动洗面奶打泡机感应泡沫机绵密泡沫礼品新品懒人洗脸神器,260505-402789506560689,已收货,1	,2026-05-05 10:12:41,	,无售后或售后取消,135.2	,168.99	
趣白全自动洗面奶打泡机感应泡沫机绵密泡沫礼品新品懒人洗脸神器,260505-055291482492477,已收货,1	,2026-05-05 10:12:20,	,无售后或售后取消,143.65	,168.99	
趣白全自动洗面奶打泡机感应泡沫机绵密泡沫礼品新品懒人洗脸神器,260505-279204381052521,已取消,1	,	,	,无售后或售后取消,168.99	,168.99	
趣白全自动洗面奶打泡机感应泡沫机绵密泡沫礼品新品懒人洗脸神器,260505-371175002463005,已收货,1	,2026-05-05 10:06:21,	,无售后或售后取消,143.65	,168.99	
趣白全自动洗面奶打泡机感应泡沫机绵密泡沫礼品新品懒人洗脸神器,260505-201116926392522,已收货,1	,2026-05-05 10:03:37,	,无售后或售后取消,143.65	,168.99	
趣白全自动洗面奶打泡机感应泡沫机绵密泡沫礼品新品懒人洗脸神器,260505-003628080661763,已发货，退款成功,1	,2026-05-05 10:02:18,	,退款成功,126.75	,168.99	
趣白全自动洗面奶打泡机感应泡沫机绵密泡沫礼品新品懒人洗脸神器,260505-600655797780825,已收货,1	,2026-05-05 10:01:27,	,无售后或售后取消,136.89	,168.99	
趣白全自动洗面奶打泡机感应泡沫机绵密泡沫礼品新品懒人洗脸神器,260505-342821445191326,已收货,1	,2026-05-05 10:01:14,	,无售后或售后取消,131.82	,168.99	
趣白全自动洗面奶打泡机感应泡沫机绵密泡沫礼品新品懒人洗脸神器,260505-620138402140897,已收货,1	,2026-05-05 10:00:00,	,无售后或售后取消,152.1	,168.99	
趣白全自动洗面奶打泡机感应泡沫机绵密泡沫礼品新品懒人洗脸神器,260505-191616816761294,已收货,1	,2026-05-05 09:53:11,	,无售后或售后取消,143.65	,168.99	
趣白全自动洗面奶打泡机感应泡沫机绵密泡沫礼品新品懒人洗脸神器,260505-346502009120150,已收货,1	,2026-05-05 09:47:45,	,无售后或售后取消,133.99	,168.99	
趣白全自动洗面奶打泡机感应泡沫机绵密泡沫礼品新品懒人洗脸神器,260505-526867515030747,已收货,1	,2026-05-05 09:32:10,	,无售后或售后取消,126.75	,168.99	
趣白全自动洗面奶打泡机感应泡沫机绵密泡沫礼品新品懒人洗脸神器,260505-226125422180702,已取消,1	,	,	,无售后或售后取消,168.99	,168.99	
趣白全自动洗面奶打泡机感应泡沫机绵密泡沫礼品新品懒人洗脸神器,260505-305387281930476,已收货,1	,2026-05-05 09:04:29,	,无售后或售后取消,118.3	,168.99	
趣白全自动洗面奶打泡机感应泡沫机绵密泡沫礼品新品懒人洗脸神器,260505-079335298643348,已收货,1	,2026-05-05 08:58:48,	,无售后或售后取消,126.75	,168.99	
趣白全自动洗面奶打泡机感应泡沫机绵密泡沫礼品新品懒人洗脸神器,260505-477395761493937,未发货，退款成功,2	,2026-05-05 03:19:58,	,退款成功,320.0	,334.61	
趣白全自动洗面奶打泡机感应泡沫机绵密泡沫礼品新品懒人洗脸神器,260505-412803469653754,已收货,1	,2026-05-05 01:09:17,	,无售后或售后取消,118.3	,168.99	
趣白全自动洗面奶打泡机感应泡沫机绵密泡沫礼品新品懒人洗脸神器,260505-485574581873910,已收货，退款成功,1	,2026-05-05 01:07:45,	,退款成功,135.2	,168.99	
趣白全自动洗面奶打泡机感应泡沫机绵密泡沫礼品新品懒人洗脸神器,260505-147985600883988,未发货，退款成功,1	,2026-05-05 01:04:12,	,退款成功,130.13	,168.99	
趣白全自动洗面奶打泡机感应泡沫机绵密泡沫礼品新品懒人洗脸神器,260505-554885527843739,已收货,1	,2026-05-05 00:56:18,	,无售后或售后取消,138.58	,168.99	
趣白全自动洗面奶打泡机感应泡沫机绵密泡沫礼品新品懒人洗脸神器,260505-198275295553841,已收货,1	,2026-05-05 00:54:14,	,无售后或售后取消,126.75	,168.99	
趣白全自动洗面奶打泡机感应泡沫机绵密泡沫礼品新品懒人洗脸神器,260505-257026998634024,已收货,1	,2026-05-05 00:46:29,	,无售后或售后取消,148.99	,168.99	
趣白全自动洗面奶打泡机感应泡沫机绵密泡沫礼品新品懒人洗脸神器,260505-337693908621372,已收货,1	,2026-05-05 00:36:19,	,无售后或售后取消,148.72	,168.99	
趣白全自动洗面奶打泡机感应泡沫机绵密泡沫礼品新品懒人洗脸神器,260505-103033095782027,已发货，退款成功,1	,2026-05-05 00:35:09,	,退款成功,168.99	,168.99	
趣白全自动洗面奶打泡机感应泡沫机绵密泡沫礼品新品懒人洗脸神器,260505-537646938503789,已发货，退款成功,1	,2026-05-05 00:14:58,	,退款成功,143.65	,168.99	
趣白全自动洗面奶打泡机感应泡沫机绵密泡沫礼品新品懒人洗脸神器,260505-174021690920482,已收货，退款成功,1	,2026-05-05 00:11:57,	,退款成功,135.2	,168.99	
趣白全自动洗面奶打泡机感应泡沫机绵密泡沫礼品新品懒人洗脸神器,260505-159991764600132,已收货,1	,2026-05-05 00:08:01,	,无售后或售后取消,143.65	,168.99	
趣白全自动洗面奶打泡机感应泡沫机绵密泡沫礼品新品懒人洗脸神器,260505-517388377683778,已取消,1	,	,	,无售后或售后取消,168.99	,168.99	
趣白全自动洗面奶打泡机感应泡沫机绵密泡沫礼品新品懒人洗脸神器,260505-383611103650368,已收货,1	,2026-05-05 00:00:23,	,无售后或售后取消,135.2	,168.99	
趣白全自动洗面奶打泡机感应泡沫机绵密泡沫礼品新品懒人洗脸神器,260504-237366156830781,已收货,1	,2026-05-04 23:41:09,	,无售后或售后取消,168.99	,168.99	
趣白全自动洗面奶打泡机感应泡沫机绵密泡沫礼品新品懒人洗脸神器,260504-621721741751125,已收货,1	,2026-05-04 23:37:09,	,无售后或售后取消,168.99	,168.99	
趣白全自动洗面奶打泡机感应泡沫机绵密泡沫礼品新品懒人洗脸神器,260504-026822581793291,已收货,1	,2026-05-04 23:33:01,	,无售后或售后取消,130.13	,168.99	
趣白全自动洗面奶打泡机感应泡沫机绵密泡沫礼品新品懒人洗脸神器,260504-457053314601396,已收货，退款成功,1	,2026-05-04 23:15:12,	,退款成功,118.99	,168.99	
趣白全自动洗面奶打泡机感应泡沫机绵密泡沫礼品新品懒人洗脸神器,260504-220955942461754,已取消,1	,	,	,无售后或售后取消,135.2	,168.99	
趣白全自动洗面奶打泡机感应泡沫机绵密泡沫礼品新品懒人洗脸神器,260504-234304345690404,已收货，退款成功,1	,2026-05-04 23:05:53,	,退款成功,143.65	,168.99	
趣白全自动洗面奶打泡机感应泡沫机绵密泡沫礼品新品懒人洗脸神器,260504-201767063934054,已收货,1	,2026-05-05 17:50:32,	,无售后或售后取消,126.75	,168.99	
趣白全自动洗面奶打泡机感应泡沫机绵密泡沫礼品新品懒人洗脸神器,260504-315789166160004,已收货,1	,2026-05-04 22:48:17,	,无售后或售后取消,168.99	,168.99	
趣白全自动洗面奶打泡机感应泡沫机绵密泡沫礼品新品懒人洗脸神器,260504-277327450450458,未发货，退款成功,1	,2026-05-04 22:45:38,	,退款成功,152.1	,168.99	
趣白全自动洗面奶打泡机感应泡沫机绵密泡沫礼品新品懒人洗脸神器,260504-615157603992303,已收货,1	,2026-05-04 22:36:36,	,无售后或售后取消,126.75	,168.99	
趣白全自动洗面奶打泡机感应泡沫机绵密泡沫礼品新品懒人洗脸神器,260504-192350819852034,已发货，退款成功,1	,2026-05-04 22:29:57,	,退款成功,160.55	,168.99	
趣白全自动洗面奶打泡机感应泡沫机绵密泡沫礼品新品懒人洗脸神器,260504-637125323172682,已收货,1	,2026-05-04 22:11:45,	,无售后或售后取消,152.1	,168.99	
趣白全自动洗面奶打泡机感应泡沫机绵密泡沫礼品新品懒人洗脸神器,260504-012100647273625,已收货,1	,2026-05-04 22:03:58,	,无售后或售后取消,126.75	,168.99	
趣白全自动洗面奶打泡机感应泡沫机绵密泡沫礼品新品懒人洗脸神器,260504-321199838773765,已发货，退款成功,1	,2026-05-04 21:52:13,	,退款成功,143.65	,168.99	
趣白全自动洗面奶打泡机感应泡沫机绵密泡沫礼品新品懒人洗脸神器,260504-525808453254016,已取消,1	,	,	,无售后或售后取消,133.99	,168.99	
趣白全自动洗面奶打泡机感应泡沫机绵密泡沫礼品新品懒人洗脸神器,260504-255779161630335,已收货,1	,2026-05-04 21:33:41,	,无售后或售后取消,168.99	,168.99	
趣白全自动洗面奶打泡机感应泡沫机绵密泡沫礼品新品懒人洗脸神器,260504-584224622191631,已收货,1	,2026-05-04 21:30:09,	,无售后或售后取消,136.89	,168.99	
趣白全自动洗面奶打泡机感应泡沫机绵密泡沫礼品新品懒人洗脸神器,260504-258453030433331,已收货,1	,2026-05-04 21:27:44,	,无售后或售后取消,135.2	,168.99	
趣白全自动洗面奶打泡机感应泡沫机绵密泡沫礼品新品懒人洗脸神器,260504-151246640662155,已收货,1	,2026-05-04 21:26:41,	,无售后或售后取消,155.48	,168.99	
趣白全自动洗面奶打泡机感应泡沫机绵密泡沫礼品新品懒人洗脸神器,260504-026319265411251,已收货,1	,2026-05-04 21:06:11,	,无售后或售后取消,168.99	,168.99	
趣白全自动洗面奶打泡机感应泡沫机绵密泡沫礼品新品懒人洗脸神器,260504-294408711802828,已收货,1	,2026-05-04 20:54:51,	,无售后或售后取消,152.1	,168.99	
趣白全自动洗面奶打泡机感应泡沫机绵密泡沫礼品新品懒人洗脸神器,260504-486224761183127,已收货,1	,2026-05-04 20:28:48,	,无售后或售后取消,152.1	,168.99	
趣白全自动洗面奶打泡机感应泡沫机绵密泡沫礼品新品懒人洗脸神器,260504-415550707302395,已发货，退款成功,1	,2026-05-04 19:46:38,	,退款成功,143.65	,168.99	
趣白全自动洗面奶打泡机感应泡沫机绵密泡沫礼品新品懒人洗脸神器,260504-251459080573775,已收货,1	,2026-05-04 19:37:29,	,无售后或售后取消,135.2	,168.99	
趣白全自动洗面奶打泡机感应泡沫机绵密泡沫礼品新品懒人洗脸神器,260504-108265490010762,已收货，退款成功,1	,2026-05-04 19:32:33,	,退款成功,168.99	,168.99	
趣白全自动洗面奶打泡机感应泡沫机绵密泡沫礼品新品懒人洗脸神器,260504-685055680070782,已收货,1	,2026-05-04 19:03:28,	,无售后或售后取消,126.75	,168.99	
趣白全自动洗面奶打泡机感应泡沫机绵密泡沫礼品新品懒人洗脸神器,260504-421254960760608,已收货,1	,2026-05-04 18:56:52,	,无售后或售后取消,168.99	,168.99	
趣白全自动洗面奶打泡机感应泡沫机绵密泡沫礼品新品懒人洗脸神器,260504-508496463411676,已收货,1	,2026-05-04 18:10:48,	,无售后或售后取消,135.2	,168.99	
趣白全自动洗面奶打泡机感应泡沫机绵密泡沫礼品新品懒人洗脸神器,260504-634440968573510,已发货，退款成功,1	,2026-05-04 17:35:50,	,退款成功,133.51	,168.99	
趣白全自动洗面奶打泡机感应泡沫机绵密泡沫礼品新品懒人洗脸神器,260504-293139966310126,已取消,1	,	,	,无售后或售后取消,138.99	,168.99	
趣白全自动洗面奶打泡机感应泡沫机绵密泡沫礼品新品懒人洗脸神器,260504-459874056570024,已收货,1	,2026-05-04 17:21:31,	,无售后或售后取消,141.96	,168.99	
趣白全自动洗面奶打泡机感应泡沫机绵密泡沫礼品新品懒人洗脸神器,260504-308428172862747,已收货,1	,2026-05-04 17:10:54,	,无售后或售后取消,168.99	,168.99	
趣白全自动洗面奶打泡机感应泡沫机绵密泡沫礼品新品懒人洗脸神器,260504-051044749722296,已收货,1	,2026-05-04 16:42:53,	,无售后或售后取消,168.99	,168.99	
趣白全自动洗面奶打泡机感应泡沫机绵密泡沫礼品新品懒人洗脸神器,260504-454977206703175,已收货,1	,2026-05-04 16:36:08,	,无售后或售后取消,143.65	,168.99	
趣白全自动洗面奶打泡机感应泡沫机绵密泡沫礼品新品懒人洗脸神器,260504-666737067640071,已收货,1	,2026-05-04 16:14:57,	,无售后或售后取消,143.65	,168.99	
趣白全自动洗面奶打泡机感应泡沫机绵密泡沫礼品新品懒人洗脸神器,260504-592235732491222,已收货,1	,2026-05-04 15:47:31,	,无售后或售后取消,168.99	,168.99	
趣白全自动洗面奶打泡机感应泡沫机绵密泡沫礼品新品懒人洗脸神器,260504-362639593791231,已发货，退款成功,1	,2026-05-04 15:31:50,	,退款成功,165.99	,168.99	
趣白全自动洗面奶打泡机感应泡沫机绵密泡沫礼品新品懒人洗脸神器,260504-105161757070206,已取消,1	,	,	,无售后或售后取消,126.75	,168.99	
趣白全自动洗面奶打泡机感应泡沫机绵密泡沫礼品新品懒人洗脸神器,260504-441744167321406,已收货,1	,2026-05-04 14:44:47,	,无售后或售后取消,118.3	,168.99	
趣白全自动洗面奶打泡机感应泡沫机绵密泡沫礼品新品懒人洗脸神器,260504-248858622350206,已取消,1	,	,	,无售后或售后取消,135.2	,168.99	
趣白全自动洗面奶打泡机感应泡沫机绵密泡沫礼品新品懒人洗脸神器,260504-518111915563472,已收货,1	,2026-05-04 13:58:12,	,无售后或售后取消,168.99	,168.99	
趣白全自动洗面奶打泡机感应泡沫机绵密泡沫礼品新品懒人洗脸神器,260504-403806645812602,未发货，退款成功,1	,2026-05-04 13:46:41,	,退款成功,168.99	,168.99	
趣白全自动洗面奶打泡机感应泡沫机绵密泡沫礼品新品懒人洗脸神器,260504-645618798981857,已收货,1	,2026-05-04 13:37:09,	,无售后或售后取消,126.75	,168.99	
趣白全自动洗面奶打泡机感应泡沫机绵密泡沫礼品新品懒人洗脸神器,260504-359053453630314,已收货,1	,2026-05-04 13:09:06,	,无售后或售后取消,131.82	,168.99	
趣白全自动洗面奶打泡机感应泡沫机绵密泡沫礼品新品懒人洗脸神器,260504-169449941390658,已收货,1	,2026-05-04 13:08:06,	,无售后或售后取消,136.89	,168.99	
趣白全自动洗面奶打泡机感应泡沫机绵密泡沫礼品新品懒人洗脸神器,260504-538989105483073,已发货，退款成功,1	,2026-05-04 13:07:07,	,退款成功,168.99	,168.99	
趣白全自动洗面奶打泡机感应泡沫机绵密泡沫礼品新品懒人洗脸神器,260504-249162709290177,已收货,1	,2026-05-04 12:57:00,	,无售后或售后取消,116.61	,168.99	
趣白全自动洗面奶打泡机感应泡沫机绵密泡沫礼品新品懒人洗脸神器,260504-173361150321157,已收货，退款成功,1	,2026-05-04 12:53:13,	,退款成功,126.75	,168.99	
趣白全自动洗面奶打泡机感应泡沫机绵密泡沫礼品新品懒人洗脸神器,260504-047490066732261,已收货,1	,2026-05-04 12:41:23,	,无售后或售后取消,152.1	,168.99	
趣白全自动洗面奶打泡机感应泡沫机绵密泡沫礼品新品懒人洗脸神器,260504-003324035483702,已收货,1	,2026-05-04 12:23:05,	,无售后或售后取消,143.65	,168.99	
趣白全自动洗面奶打泡机感应泡沫机绵密泡沫礼品新品懒人洗脸神器,260504-530673866283235,已取消,1	,	,	,无售后或售后取消,163.99	,168.99	
趣白全自动洗面奶打泡机感应泡沫机绵密泡沫礼品新品懒人洗脸神器,260504-292280123830245,已发货，退款成功,1	,2026-05-04 12:08:48,	,退款成功,136.89	,168.99	
趣白全自动洗面奶打泡机感应泡沫机绵密泡沫礼品新品懒人洗脸神器,260504-331528291900631,已取消,1	,	,	,无售后或售后取消,135.2	,168.99	
趣白全自动洗面奶打泡机感应泡沫机绵密泡沫礼品新品懒人洗脸神器,260504-022292795700162,已发货，退款成功,1	,2026-05-04 11:47:23,	,退款成功,135.2	,168.99	
趣白全自动洗面奶打泡机感应泡沫机绵密泡沫礼品新品懒人洗脸神器,260504-407728330321655,已收货,1	,2026-05-04 11:42:23,	,无售后或售后取消,136.89	,168.99	
趣白全自动洗面奶打泡机感应泡沫机绵密泡沫礼品新品懒人洗脸神器,260504-067842905702040,已取消,1	,	,	,无售后或售后取消,164.99	,168.99	
趣白全自动洗面奶打泡机感应泡沫机绵密泡沫礼品新品懒人洗脸神器,260504-470359764512463,已收货,1	,2026-05-04 11:14:36,	,无售后或售后取消,168.99	,168.99	
趣白全自动洗面奶打泡机感应泡沫机绵密泡沫礼品新品懒人洗脸神器,260504-560715568782735,已收货,1	,2026-05-04 11:01:58,	,无售后或售后取消,152.1	,168.99	
趣白全自动洗面奶打泡机感应泡沫机绵密泡沫礼品新品懒人洗脸神器,260504-285611159100735,已收货,1	,2026-05-04 10:55:08,	,无售后或售后取消,143.65	,168.99	
趣白全自动洗面奶打泡机感应泡沫机绵密泡沫礼品新品懒人洗脸神器,260504-024379441541830,已收货,1	,2026-05-04 10:54:00,	,无售后或售后取消,168.99	,168.99	
趣白全自动洗面奶打泡机感应泡沫机绵密泡沫礼品新品懒人洗脸神器,260504-379049798011175,已收货,1	,2026-05-04 10:39:09,	,无售后或售后取消,118.3	,168.99	
趣白全自动洗面奶打泡机感应泡沫机绵密泡沫礼品新品懒人洗脸神器,260504-284677926412166,已收货,1	,2026-05-04 10:28:34,	,无售后或售后取消,135.2	,168.99	
趣白全自动洗面奶打泡机感应泡沫机绵密泡沫礼品新品懒人洗脸神器,260504-282192832942469,已发货，退款成功,1	,2026-05-04 09:56:05,	,退款成功,126.75	,168.99	
趣白全自动洗面奶打泡机感应泡沫机绵密泡沫礼品新品懒人洗脸神器,260504-340451735853331,已取消,1	,	,	,无售后或售后取消,136.89	,168.99	
趣白全自动洗面奶打泡机感应泡沫机绵密泡沫礼品新品懒人洗脸神器,260504-223399124612894,已收货，退款成功,1	,2026-05-04 09:51:19,	,退款成功,126.75	,168.99	
趣白全自动洗面奶打泡机感应泡沫机绵密泡沫礼品新品懒人洗脸神器,260504-550083029370387,已收货，退款成功,1	,2026-05-04 09:50:17,	,退款成功,143.65	,168.99	
趣白全自动洗面奶打泡机感应泡沫机绵密泡沫礼品新品懒人洗脸神器,260504-097706361172136,已收货,1	,2026-05-04 09:37:21,	,无售后或售后取消,126.75	,168.99	
趣白全自动洗面奶打泡机感应泡沫机绵密泡沫礼品新品懒人洗脸神器,260504-477353766520575,已收货,1	,2026-05-04 09:36:48,	,无售后或售后取消,135.2	,168.99	
趣白全自动洗面奶打泡机感应泡沫机绵密泡沫礼品新品懒人洗脸神器,260504-135905963533945,已收货,1	,2026-05-04 09:30:19,	,无售后或售后取消,126.75	,168.99	
趣白全自动洗面奶打泡机感应泡沫机绵密泡沫礼品新品懒人洗脸神器,260504-239295536713920,已收货，退款成功,1	,2026-05-04 09:25:38,	,退款成功,152.1	,168.99	
趣白全自动洗面奶打泡机感应泡沫机绵密泡沫礼品新品懒人洗脸神器,260504-548342351422370,已收货,1	,2026-05-04 09:12:26,	,无售后或售后取消,118.3	,168.99	
趣白全自动洗面奶打泡机感应泡沫机绵密泡沫礼品新品懒人洗脸神器,260504-056969204041642,已发货，退款成功,1	,2026-05-04 08:46:53,	,退款成功,126.75	,168.99	
趣白全自动洗面奶打泡机感应泡沫机绵密泡沫礼品新品懒人洗脸神器,260504-357878996632208,已取消,1	,	,	,无售后或售后取消,118.99	,168.99	
趣白全自动洗面奶打泡机感应泡沫机绵密泡沫礼品新品懒人洗脸神器,260504-423708639532816,已收货,1	,2026-05-04 08:37:39,	,无售后或售后取消,168.99	,168.99	
趣白全自动洗面奶打泡机感应泡沫机绵密泡沫礼品新品懒人洗脸神器,260504-450604572221495,已发货，退款成功,1	,2026-05-04 08:37:02,	,退款成功,168.99	,168.99	
趣白全自动洗面奶打泡机感应泡沫机绵密泡沫礼品新品懒人洗脸神器,260504-585105446520172,已取消,1	,	,	,无售后或售后取消,168.99	,168.99	
趣白全自动洗面奶打泡机感应泡沫机绵密泡沫礼品新品懒人洗脸神器,260504-389021703763252,已收货,1	,2026-05-04 07:58:59,	,无售后或售后取消,118.99	,168.99	
趣白全自动洗面奶打泡机感应泡沫机绵密泡沫礼品新品懒人洗脸神器,260504-514452416822152,已收货,1	,2026-05-04 07:51:02,	,无售后或售后取消,168.99	,168.99	
趣白全自动洗面奶打泡机感应泡沫机绵密泡沫礼品新品懒人洗脸神器,260504-134993712740112,已收货,1	,2026-05-04 07:38:00,	,无售后或售后取消,140.27	,168.99	
趣白全自动洗面奶打泡机感应泡沫机绵密泡沫礼品新品懒人洗脸神器,260504-483152401933109,未发货，退款成功,1	,2026-05-04 07:25:15,	,退款成功,141.96	,168.99	
趣白全自动洗面奶打泡机感应泡沫机绵密泡沫礼品新品懒人洗脸神器,260504-311720691351742,已收货，退款成功,1	,2026-05-04 07:16:48,	,退款成功,136.89	,168.99	
趣白全自动洗面奶打泡机感应泡沫机绵密泡沫礼品新品懒人洗脸神器,260504-300815563142906,已收货,1	,2026-05-04 06:54:25,	,无售后或售后取消,135.2	,168.99	
趣白全自动洗面奶打泡机感应泡沫机绵密泡沫礼品新品懒人洗脸神器,260504-647957133702906,已取消,1	,	,	,无售后或售后取消,135.2	,168.99	
趣白全自动洗面奶打泡机感应泡沫机绵密泡沫礼品新品懒人洗脸神器,260504-261242252901337,已发货，退款成功,1	,2026-05-04 06:31:43,	,退款成功,135.2	,168.99	
趣白全自动洗面奶打泡机感应泡沫机绵密泡沫礼品新品懒人洗脸神器,260504-201421023673381,已收货,1	,2026-05-04 06:22:10,	,无售后或售后取消,168.99	,168.99	
趣白全自动洗面奶打泡机感应泡沫机绵密泡沫礼品新品懒人洗脸神器,260504-109932715620756,已收货,1	,2026-05-04 06:17:18,	,无售后或售后取消,143.65	,168.99	
趣白全自动洗面奶打泡机感应泡沫机绵密泡沫礼品新品懒人洗脸神器,260504-096857014612185,已收货,1	,2026-05-04 06:05:27,	,无售后或售后取消,135.2	,168.99	
趣白全自动洗面奶打泡机感应泡沫机绵密泡沫礼品新品懒人洗脸神器,260504-033323773482389,已发货，退款成功,1	,2026-05-04 06:01:32,	,退款成功,136.89	,168.99	
趣白全自动洗面奶打泡机感应泡沫机绵密泡沫礼品新品懒人洗脸神器,260504-010538238281547,已收货,1	,2026-05-04 04:03:40,	,无售后或售后取消,159.99	,168.99	
趣白全自动洗面奶打泡机感应泡沫机绵密泡沫礼品新品懒人洗脸神器,260504-681626867281723,已收货,4	,2026-05-04 03:25:42,	,无售后或售后取消,624.21	,669.21	
趣白全自动洗面奶打泡机感应泡沫机绵密泡沫礼品新品懒人洗脸神器,260504-512722224652289,已发货，退款成功,1	,2026-05-04 02:37:43,	,退款成功,143.65	,168.99	
趣白全自动洗面奶打泡机感应泡沫机绵密泡沫礼品新品懒人洗脸神器,260504-253356982690480,已收货,1	,2026-05-04 01:15:49,	,无售后或售后取消,160.55	,168.99	
趣白全自动洗面奶打泡机感应泡沫机绵密泡沫礼品新品懒人洗脸神器,260504-676121812630794,已收货,1	,2026-05-04 01:07:34,	,无售后或售后取消,168.99	,168.99	
趣白全自动洗面奶打泡机感应泡沫机绵密泡沫礼品新品懒人洗脸神器,260504-141977218703410,已收货,1	,2026-05-04 01:07:14,	,无售后或售后取消,143.65	,168.99	
趣白全自动洗面奶打泡机感应泡沫机绵密泡沫礼品新品懒人洗脸神器,260504-152714626682671,已取消,1	,	,	,无售后或售后取消,126.75	,168.99	
趣白全自动洗面奶打泡机感应泡沫机绵密泡沫礼品新品懒人洗脸神器,260504-603287785802019,已收货,1	,2026-05-04 12:14:02,	,无售后或售后取消,131.82	,168.99	
趣白全自动洗面奶打泡机感应泡沫机绵密泡沫礼品新品懒人洗脸神器,260504-294744297802019,已取消,1	,	,	,无售后或售后取消,143.65	,168.99	
趣白全自动洗面奶打泡机感应泡沫机绵密泡沫礼品新品懒人洗脸神器,260504-568967893343880,已收货,1	,2026-05-04 00:28:59,	,无售后或售后取消,128.44	,168.99	
趣白全自动洗面奶打泡机感应泡沫机绵密泡沫礼品新品懒人洗脸神器,260504-143675953552801,未发货，退款成功,1	,2026-05-04 00:15:37,	,退款成功,168.99	,168.99	
趣白全自动洗面奶打泡机感应泡沫机绵密泡沫礼品新品懒人洗脸神器,260504-411670965872110,已收货,1	,2026-05-04 00:01:17,	,无售后或售后取消,168.99	,168.99	
趣白全自动洗面奶打泡机感应泡沫机绵密泡沫礼品新品懒人洗脸神器,260503-529258278492484,已收货,1	,2026-05-03 23:19:38,	,无售后或售后取消,148.72	,168.99	
趣白全自动洗面奶打泡机感应泡沫机绵密泡沫礼品新品懒人洗脸神器,260503-566755398010347,未发货，退款成功,1	,2026-05-03 23:19:18,	,退款成功,138.58	,168.99	
趣白全自动洗面奶打泡机感应泡沫机绵密泡沫礼品新品懒人洗脸神器,260503-553700595350326,已发货，退款成功,1	,2026-05-03 22:55:11,	,退款成功,152.1	,168.99	
趣白全自动洗面奶打泡机感应泡沫机绵密泡沫礼品新品懒人洗脸神器,260503-198914926972690,已收货,1	,2026-05-03 22:54:17,	,无售后或售后取消,135.2	,168.99	
趣白全自动洗面奶打泡机感应泡沫机绵密泡沫礼品新品懒人洗脸神器,260503-030901552773652,已收货,1	,2026-05-03 22:47:48,	,无售后或售后取消,152.1	,168.99	
趣白全自动洗面奶打泡机感应泡沫机绵密泡沫礼品新品懒人洗脸神器,260503-106671706471326,已收货,1	,2026-05-04 13:01:28,	,无售后或售后取消,126.75	,168.99	
趣白全自动洗面奶打泡机感应泡沫机绵密泡沫礼品新品懒人洗脸神器,260503-417008217621977,已收货,1	,2026-05-03 22:36:35,	,无售后或售后取消,135.2	,168.99	
趣白全自动洗面奶打泡机感应泡沫机绵密泡沫礼品新品懒人洗脸神器,260503-223902513553759,已收货,1	,2026-05-03 22:28:45,	,无售后或售后取消,152.1	,168.99	
趣白全自动洗面奶打泡机感应泡沫机绵密泡沫礼品新品懒人洗脸神器,260503-645167849022034,已收货,1	,2026-05-03 22:17:45,	,无售后或售后取消,165.29	,168.99	
趣白全自动洗面奶打泡机感应泡沫机绵密泡沫礼品新品懒人洗脸神器,260503-294524065322914,已取消,1	,	,	,无售后或售后取消,135.2	,168.99	
趣白全自动洗面奶打泡机感应泡沫机绵密泡沫礼品新品懒人洗脸神器,260503-019891525230903,未发货，退款成功,1	,2026-05-03 21:57:47,	,退款成功,130.13	,168.99	
趣白全自动洗面奶打泡机感应泡沫机绵密泡沫礼品新品懒人洗脸神器,260503-384219235913984,已收货,1	,2026-05-03 21:50:16,	,无售后或售后取消,118.3	,168.99	
趣白全自动洗面奶打泡机感应泡沫机绵密泡沫礼品新品懒人洗脸神器,260503-552452811070166,已收货,1	,2026-05-03 21:48:32,	,无售后或售后取消,152.1	,168.99	
趣白全自动洗面奶打泡机感应泡沫机绵密泡沫礼品新品懒人洗脸神器,260503-469887895160794,未发货，退款成功,1	,2026-05-03 21:17:25,	,退款成功,168.99	,168.99	
趣白全自动洗面奶打泡机感应泡沫机绵密泡沫礼品新品懒人洗脸神器,260503-063721981572708,已取消,1	,	,	,无售后或售后取消,168.99	,168.99	
趣白全自动洗面奶打泡机感应泡沫机绵密泡沫礼品新品懒人洗脸神器,260503-613920336172817,已收货,1	,2026-05-03 20:43:17,	,无售后或售后取消,118.3	,168.99	
趣白全自动洗面奶打泡机感应泡沫机绵密泡沫礼品新品懒人洗脸神器,260503-252518152560319,已收货,1	,2026-05-03 20:19:55,	,无售后或售后取消,168.99	,168.99	
趣白全自动洗面奶打泡机感应泡沫机绵密泡沫礼品新品懒人洗脸神器,260503-275272241503693,已收货,1	,2026-05-03 20:16:37,	,无售后或售后取消,118.3	,168.99	
趣白全自动洗面奶打泡机感应泡沫机绵密泡沫礼品新品懒人洗脸神器,260503-045990623531755,已取消,1	,	,	,无售后或售后取消,118.3	,168.99	
趣白全自动洗面奶打泡机感应泡沫机绵密泡沫礼品新品懒人洗脸神器,260503-347382761051781,已收货,1	,2026-05-03 20:11:00,	,无售后或售后取消,126.75	,168.99	
趣白全自动洗面奶打泡机感应泡沫机绵密泡沫礼品新品懒人洗脸神器,260503-080551688492825,已收货,1	,2026-05-03 20:09:32,	,无售后或售后取消,168.99	,168.99	
趣白全自动洗面奶打泡机感应泡沫机绵密泡沫礼品新品懒人洗脸神器,260503-347928041011600,已收货，退款成功,1	,2026-05-03 19:54:52,(收)[QBPH004]*[1]#,退款成功,168.99	,168.99	
趣白全自动洗面奶打泡机感应泡沫机绵密泡沫礼品新品懒人洗脸神器,260503-002527096462683,已收货,1	,2026-05-03 19:43:31,	,无售后或售后取消,168.99	,168.99	
趣白全自动洗面奶打泡机感应泡沫机绵密泡沫礼品新品懒人洗脸神器,260503-236747517553723,已收货,1	,2026-05-03 19:32:34,	,无售后或售后取消,135.2	,168.99	
趣白全自动洗面奶打泡机感应泡沫机绵密泡沫礼品新品懒人洗脸神器,260503-226544914771076,已发货，退款成功,1	,2026-05-03 19:17:18,	,退款成功,118.3	,168.99	
趣白全自动洗面奶打泡机感应泡沫机绵密泡沫礼品新品懒人洗脸神器,260503-655915794730853,已收货,1	,2026-05-03 19:15:49,	,无售后或售后取消,126.75	,168.99	
趣白全自动洗面奶打泡机感应泡沫机绵密泡沫礼品新品懒人洗脸神器,260503-142082086480362,已收货,1	,2026-05-03 19:08:56,	,无售后或售后取消,118.3	,168.99	
趣白全自动洗面奶打泡机感应泡沫机绵密泡沫礼品新品懒人洗脸神器,260503-406679723542320,已取消,1	,	,	,无售后或售后取消,136.89	,168.99	
趣白全自动洗面奶打泡机感应泡沫机绵密泡沫礼品新品懒人洗脸神器,260503-129991974422320,已取消,1	,	,	,无售后或售后取消,148.72	,168.99	
趣白全自动洗面奶打泡机感应泡沫机绵密泡沫礼品新品懒人洗脸神器,260503-381807552804018,已收货，退款成功,1	,2026-05-03 18:50:36,	,退款成功,168.99	,168.99	
趣白全自动洗面奶打泡机感应泡沫机绵密泡沫礼品新品懒人洗脸神器,260503-617695230294069,已收货,1	,2026-05-03 18:16:05,	,无售后或售后取消,140.27	,168.99	
趣白全自动洗面奶打泡机感应泡沫机绵密泡沫礼品新品懒人洗脸神器,260503-483540396373553,已收货,1	,2026-05-03 18:02:59,	,无售后或售后取消,126.75	,168.99	
趣白全自动洗面奶打泡机感应泡沫机绵密泡沫礼品新品懒人洗脸神器,260503-355928645231107,已收货,1	,2026-05-03 18:01:43,	,无售后或售后取消,133.51	,168.99	
趣白全自动洗面奶打泡机感应泡沫机绵密泡沫礼品新品懒人洗脸神器,260503-175961618751592,已收货,1	,2026-05-03 17:41:47,	,无售后或售后取消,168.99	,168.99	
趣白全自动洗面奶打泡机感应泡沫机绵密泡沫礼品新品懒人洗脸神器,260503-468755422840698,已收货，退款成功,1	,2026-05-03 17:26:11,	,退款成功,135.2	,168.99	
趣白全自动洗面奶打泡机感应泡沫机绵密泡沫礼品新品懒人洗脸神器,260503-612840303021324,已收货,1	,2026-05-03 17:23:35,	,无售后或售后取消,152.1	,168.99	
趣白全自动洗面奶打泡机感应泡沫机绵密泡沫礼品新品懒人洗脸神器,260503-436627126632180,已收货,1	,2026-05-03 17:23:24,	,无售后或售后取消,152.1	,168.99	
趣白全自动洗面奶打泡机感应泡沫机绵密泡沫礼品新品懒人洗脸神器,260503-431258345053805,已收货,1	,2026-05-03 17:03:00,	,无售后或售后取消,135.2	,168.99	
趣白全自动洗面奶打泡机感应泡沫机绵密泡沫礼品新品懒人洗脸神器,260503-479325068840630,已收货,1	,2026-05-03 16:46:20,	,无售后或售后取消,148.99	,168.99	
趣白全自动洗面奶打泡机感应泡沫机绵密泡沫礼品新品懒人洗脸神器,260503-310305113741431,已收货，退款成功,1	,2026-05-03 16:22:18,	,退款成功,152.1	,168.99	
趣白全自动洗面奶打泡机感应泡沫机绵密泡沫礼品新品懒人洗脸神器,260503-300668731791135,已收货,1	,2026-05-03 16:01:19,	,无售后或售后取消,152.1	,168.99	
趣白全自动洗面奶打泡机感应泡沫机绵密泡沫礼品新品懒人洗脸神器,260503-128471581040517,已收货,1	,2026-05-03 15:56:35,	,无售后或售后取消,118.3	,168.99	
趣白全自动洗面奶打泡机感应泡沫机绵密泡沫礼品新品懒人洗脸神器,260503-013799288330177,已收货,1	,2026-05-03 15:50:26,	,无售后或售后取消,168.99	,168.99	
趣白全自动洗面奶打泡机感应泡沫机绵密泡沫礼品新品懒人洗脸神器,260503-594259536190764,已收货,1	,2026-05-03 15:46:25,	,无售后或售后取消,135.2	,168.99	
趣白全自动洗面奶打泡机感应泡沫机绵密泡沫礼品新品懒人洗脸神器,260503-223703221823970,已收货,1	,2026-05-03 15:46:04,	,售后处理中,135.2	,168.99	
趣白全自动洗面奶打泡机感应泡沫机绵密泡沫礼品新品懒人洗脸神器,260503-218995125792687,已发货，退款成功,1	,2026-05-03 15:33:18,	,退款成功,160.55	,168.99	
趣白全自动洗面奶打泡机感应泡沫机绵密泡沫礼品新品懒人洗脸神器,260503-660036677263169,已取消,1	,	,	,无售后或售后取消,168.99	,168.99	
趣白全自动洗面奶打泡机感应泡沫机绵密泡沫礼品新品懒人洗脸神器,260503-469447503451946,已收货,1	,2026-05-03 14:48:51,	,无售后或售后取消,168.99	,168.99	
趣白全自动洗面奶打泡机感应泡沫机绵密泡沫礼品新品懒人洗脸神器,260503-120009561630735,已收货,1	,2026-05-03 14:06:31,	,无售后或售后取消,167.54	,168.99	
趣白全自动洗面奶打泡机感应泡沫机绵密泡沫礼品新品懒人洗脸神器,260503-134595285310975,已收货,1	,2026-05-03 14:02:44,	,无售后或售后取消,143.65	,168.99	
趣白全自动洗面奶打泡机感应泡沫机绵密泡沫礼品新品懒人洗脸神器,260503-333237470821888,已发货，退款成功,2	,2026-05-03 13:59:19,	,退款成功,334.61	,334.61	
趣白全自动洗面奶打泡机感应泡沫机绵密泡沫礼品新品懒人洗脸神器,260503-608394288662668,已收货,1	,2026-05-03 13:36:29,	,无售后或售后取消,168.99	,168.99	
趣白全自动洗面奶打泡机感应泡沫机绵密泡沫礼品新品懒人洗脸神器,260503-204220689962593,已收货,1	,2026-05-03 13:31:42,	,无售后或售后取消,148.72	,168.99	
趣白全自动洗面奶打泡机感应泡沫机绵密泡沫礼品新品懒人洗脸神器,260503-206380766791392,已收货,1	,2026-05-03 12:47:57,	,无售后或售后取消,118.99	,168.99	
趣白全自动洗面奶打泡机感应泡沫机绵密泡沫礼品新品懒人洗脸神器,260503-061362685482402,已收货,1	,2026-05-03 12:13:00,	,无售后或售后取消,168.99	,168.99	
趣白全自动洗面奶打泡机感应泡沫机绵密泡沫礼品新品懒人洗脸神器,260503-430891353623680,已收货,1	,2026-05-03 11:55:10,	,无售后或售后取消,152.1	,168.99	
趣白全自动洗面奶打泡机感应泡沫机绵密泡沫礼品新品懒人洗脸神器,260503-203717405102905,已收货,1	,2026-05-03 11:52:04,	,无售后或售后取消,168.99	,168.99	
趣白全自动洗面奶打泡机感应泡沫机绵密泡沫礼品新品懒人洗脸神器,260503-587873676820898,已发货，退款成功,1	,2026-05-03 11:51:30,	,退款成功,140.27	,168.99	
趣白全自动洗面奶打泡机感应泡沫机绵密泡沫礼品新品懒人洗脸神器,260503-618922002042174,已收货,1	,2026-05-03 11:39:52,	,无售后或售后取消,168.99	,168.99	
趣白全自动洗面奶打泡机感应泡沫机绵密泡沫礼品新品懒人洗脸神器,260503-611340787313578,已取消,1	,	,	,无售后或售后取消,145.34	,168.99	
趣白全自动洗面奶打泡机感应泡沫机绵密泡沫礼品新品懒人洗脸神器,260503-295750899342609,已收货,1	,2026-05-03 11:37:34,	,无售后或售后取消,145.34	,168.99	
趣白全自动洗面奶打泡机感应泡沫机绵密泡沫礼品新品懒人洗脸神器,260503-227855645031326,已取消,1	,	,	,无售后或售后取消,126.75	,168.99	
趣白全自动洗面奶打泡机感应泡沫机绵密泡沫礼品新品懒人洗脸神器,260503-318609867053083,已收货,1	,2026-05-03 11:32:16,	,无售后或售后取消,136.89	,168.99	
趣白全自动洗面奶打泡机感应泡沫机绵密泡沫礼品新品懒人洗脸神器,260503-328927875391308,已收货,1	,2026-05-03 11:25:33,	,无售后或售后取消,148.99	,168.99	
趣白全自动洗面奶打泡机感应泡沫机绵密泡沫礼品新品懒人洗脸神器,260503-350203420182320,已取消,1	,	,	,无售后或售后取消,143.65	,168.99	
趣白全自动洗面奶打泡机感应泡沫机绵密泡沫礼品新品懒人洗脸神器,260503-606748055042733,已收货,1	,2026-05-03 10:56:12,	,无售后或售后取消,145.34	,168.99	
趣白全自动洗面奶打泡机感应泡沫机绵密泡沫礼品新品懒人洗脸神器,260503-351608522273707,已收货,1	,2026-05-03 10:54:58,	,无售后或售后取消,138.99	,168.99	
趣白全自动洗面奶打泡机感应泡沫机绵密泡沫礼品新品懒人洗脸神器,260503-397871695362767,已取消,1	,	,	,无售后或售后取消,143.65	,168.99	
趣白全自动洗面奶打泡机感应泡沫机绵密泡沫礼品新品懒人洗脸神器,260503-182242526722767,已收货，退款成功,1	,2026-05-03 10:45:02,	,退款成功,135.2	,168.99	
趣白全自动洗面奶打泡机感应泡沫机绵密泡沫礼品新品懒人洗脸神器,260503-380486305360886,已收货,1	,2026-05-03 10:34:46,	,无售后或售后取消,168.99	,168.99	
趣白全自动洗面奶打泡机感应泡沫机绵密泡沫礼品新品懒人洗脸神器,260503-663465510451147,已收货,1	,2026-05-03 10:00:15,	,无售后或售后取消,118.3	,168.99	
趣白全自动洗面奶打泡机感应泡沫机绵密泡沫礼品新品懒人洗脸神器,260503-651752906280953,已收货,1	,2026-05-03 09:44:33,	,无售后或售后取消,118.99	,168.99	
趣白全自动洗面奶打泡机感应泡沫机绵密泡沫礼品新品懒人洗脸神器,260503-435368783443035,已收货,1	,2026-05-03 09:42:20,	,无售后或售后取消,143.65	,168.99	
趣白全自动洗面奶打泡机感应泡沫机绵密泡沫礼品新品懒人洗脸神器,260503-448549383710827,已收货,1	,2026-05-03 09:37:25,	,无售后或售后取消,141.96	,168.99	
趣白全自动洗面奶打泡机感应泡沫机绵密泡沫礼品新品懒人洗脸神器,260503-644328998413013,已收货,1	,2026-05-03 09:31:28,	,无售后或售后取消,135.2	,168.99	
趣白全自动洗面奶打泡机感应泡沫机绵密泡沫礼品新品懒人洗脸神器,260503-025815990632862,已收货,1	,2026-05-03 09:24:13,	,无售后或售后取消,168.99	,168.99	
趣白全自动洗面奶打泡机感应泡沫机绵密泡沫礼品新品懒人洗脸神器,260503-462212318821958,已收货,1	,2026-05-03 09:22:45,	,无售后或售后取消,168.99	,168.99	
趣白全自动洗面奶打泡机感应泡沫机绵密泡沫礼品新品懒人洗脸神器,260503-019052685680435,已收货，退款成功,1	,2026-05-03 09:21:03,	,退款成功,148.99	,168.99	
趣白全自动洗面奶打泡机感应泡沫机绵密泡沫礼品新品懒人洗脸神器,260503-304108061000369,已收货,1	,2026-05-03 09:03:16,	,无售后或售后取消,168.99	,168.99	
趣白全自动洗面奶打泡机感应泡沫机绵密泡沫礼品新品懒人洗脸神器,260503-451443485083702,未发货，退款成功,1	,2026-05-03 08:44:30,	,退款成功,143.65	,168.99	
趣白全自动洗面奶打泡机感应泡沫机绵密泡沫礼品新品懒人洗脸神器,260503-145175396662438,已收货,1	,2026-05-03 08:41:41,	,无售后或售后取消,143.65	,168.99	
趣白全自动洗面奶打泡机感应泡沫机绵密泡沫礼品新品懒人洗脸神器,260503-410496560732503,已收货,1	,2026-05-03 08:41:16,	,无售后或售后取消,141.96	,168.99	
趣白全自动洗面奶打泡机感应泡沫机绵密泡沫礼品新品懒人洗脸神器,260503-542239670632811,已收货,1	,2026-05-03 08:19:26,	,无售后或售后取消,168.99	,168.99	
趣白全自动洗面奶打泡机感应泡沫机绵密泡沫礼品新品懒人洗脸神器,260503-268183836192753,已收货,1	,2026-05-03 07:57:40,	,无售后或售后取消,145.34	,168.99	
趣白全自动洗面奶打泡机感应泡沫机绵密泡沫礼品新品懒人洗脸神器,260503-127129403741083,已收货,1	,2026-05-04 00:22:25,	,无售后或售后取消,126.75	,168.99	
趣白全自动洗面奶打泡机感应泡沫机绵密泡沫礼品新品懒人洗脸神器,260503-088374055293470,已发货，退款成功,1	,2026-05-04 07:36:13,	,退款成功,136.89	,168.99	
趣白全自动洗面奶打泡机感应泡沫机绵密泡沫礼品新品懒人洗脸神器,260503-665520761170044,已收货,1	,2026-05-03 07:15:16,	,无售后或售后取消,131.82	,168.99	
趣白全自动洗面奶打泡机感应泡沫机绵密泡沫礼品新品懒人洗脸神器,260503-031960604183605,已发货，退款成功,1	,2026-05-03 06:45:23,	,退款成功,168.99	,168.99	
趣白全自动洗面奶打泡机感应泡沫机绵密泡沫礼品新品懒人洗脸神器,260503-495273909763381,已收货,1	,2026-05-03 06:11:59,	,无售后或售后取消,145.34	,168.99	
趣白全自动洗面奶打泡机感应泡沫机绵密泡沫礼品新品懒人洗脸神器,260503-332325230182393,已收货,1	,2026-05-03 06:07:37,	,无售后或售后取消,133.99	,168.99	
趣白全自动洗面奶打泡机感应泡沫机绵密泡沫礼品新品懒人洗脸神器,260503-114798138982393,已取消,1	,	,	,无售后或售后取消,148.99	,168.99	
趣白全自动洗面奶打泡机感应泡沫机绵密泡沫礼品新品懒人洗脸神器,260503-148772001321826,已取消,1	,	,	,无售后或售后取消,130.13	,168.99	
趣白全自动洗面奶打泡机感应泡沫机绵密泡沫礼品新品懒人洗脸神器,260503-084011989341592,已收货,1	,2026-05-03 05:44:42,	,无售后或售后取消,143.65	,168.99	
趣白全自动洗面奶打泡机感应泡沫机绵密泡沫礼品新品懒人洗脸神器,260503-428762754683242,已收货,1	,2026-05-03 05:31:41,	,无售后或售后取消,128.44	,168.99	
趣白全自动洗面奶打泡机感应泡沫机绵密泡沫礼品新品懒人洗脸神器,260503-545437837631584,已收货,1	,2026-05-03 04:37:54,	,无售后或售后取消,160.55	,168.99	
趣白全自动洗面奶打泡机感应泡沫机绵密泡沫礼品新品懒人洗脸神器,260503-527486216511584,已取消,1	,	,	,无售后或售后取消,168.99	,168.99	
趣白全自动洗面奶打泡机感应泡沫机绵密泡沫礼品新品懒人洗脸神器,260503-070181271940662,已收货,1	,2026-05-03 04:22:35,	,无售后或售后取消,118.3	,168.99	
趣白全自动洗面奶打泡机感应泡沫机绵密泡沫礼品新品懒人洗脸神器,260503-210868693293460,已收货,1	,2026-05-03 04:04:29,	,无售后或售后取消,168.99	,168.99	
趣白全自动洗面奶打泡机感应泡沫机绵密泡沫礼品新品懒人洗脸神器,260503-592613250602412,已收货,1	,2026-05-03 00:53:59,	,无售后或售后取消,168.99	,168.99	
趣白全自动洗面奶打泡机感应泡沫机绵密泡沫礼品新品懒人洗脸神器,260503-180030073252926,已发货，退款成功,1	,2026-05-03 00:28:14,	,退款成功,160.99	,168.99	
趣白全自动洗面奶打泡机感应泡沫机绵密泡沫礼品新品懒人洗脸神器,260503-603287785833947,已收货，退款成功,1	,2026-05-03 00:15:52,	,退款成功,135.2	,168.99	
趣白全自动洗面奶打泡机感应泡沫机绵密泡沫礼品新品懒人洗脸神器,260503-539261714814054,已取消,1	,	,	,无售后或售后取消,140.27	,168.99	
趣白全自动洗面奶打泡机感应泡沫机绵密泡沫礼品新品懒人洗脸神器,260503-175783340432787,已收货,1	,2026-05-03 00:01:48,	,无售后或售后取消,163.99	,168.99	
趣白全自动洗面奶打泡机感应泡沫机绵密泡沫礼品新品懒人洗脸神器,260502-593850601872787,未发货，退款成功,1	,2026-05-02 23:39:19,	,退款成功,168.99	,168.99	
趣白全自动洗面奶打泡机感应泡沫机绵密泡沫礼品新品懒人洗脸神器,260502-099426014831859,已收货,1	,2026-05-02 23:33:29,	,无售后或售后取消,168.99	,168.99	
趣白全自动洗面奶打泡机感应泡沫机绵密泡沫礼品新品懒人洗脸神器,260502-671487127141712,已发货，退款成功,1	,2026-05-02 23:25:04,	,退款成功,152.1	,168.99	
趣白全自动洗面奶打泡机感应泡沫机绵密泡沫礼品新品懒人洗脸神器,260502-459213391362265,已收货，退款成功,1	,2026-05-03 15:46:34,(收)[QBPH004]*[1]#,退款成功,118.3	,168.99	
趣白全自动洗面奶打泡机感应泡沫机绵密泡沫礼品新品懒人洗脸神器,260502-246855769663410,已收货，退款成功,1	,2026-05-02 23:19:21,	,退款成功,135.2	,168.99	
趣白全自动洗面奶打泡机感应泡沫机绵密泡沫礼品新品懒人洗脸神器,260502-353810573693335,已发货，退款成功,1	,2026-05-02 23:06:16,	,退款成功,135.2	,168.99	
趣白全自动洗面奶打泡机感应泡沫机绵密泡沫礼品新品懒人洗脸神器,260502-392891001252665,已取消,1	,	,	,无售后或售后取消,165.99	,168.99	
趣白全自动洗面奶打泡机感应泡沫机绵密泡沫礼品新品懒人洗脸神器,260502-288599590414078,已取消,1	,	,	,无售后或售后取消,136.89	,168.99	
趣白全自动洗面奶打泡机感应泡沫机绵密泡沫礼品新品懒人洗脸神器,260502-602438449452763,未发货，退款成功,1	,2026-05-02 22:32:53,	,退款成功,126.75	,168.99	
趣白全自动洗面奶打泡机感应泡沫机绵密泡沫礼品新品懒人洗脸神器,260502-476839974501488,已收货,1	,2026-05-02 22:27:17,	,无售后或售后取消,143.65	,168.99	
趣白全自动洗面奶打泡机感应泡沫机绵密泡沫礼品新品懒人洗脸神器,260502-065399755120891,已收货,1	,2026-05-02 22:21:43,	,无售后或售后取消,143.65	,168.99	
趣白全自动洗面奶打泡机感应泡沫机绵密泡沫礼品新品懒人洗脸神器,260502-131376104981893,已收货,1	,2026-05-02 22:06:27,	,无售后或售后取消,168.99	,168.99	
趣白全自动洗面奶打泡机感应泡沫机绵密泡沫礼品新品懒人洗脸神器,260502-073326989740451,已收货,1	,2026-05-02 21:50:58,	,无售后或售后取消,168.99	,168.99	
趣白全自动洗面奶打泡机感应泡沫机绵密泡沫礼品新品懒人洗脸神器,260502-256030882210812,已收货,1	,2026-05-02 21:30:34,	,无售后或售后取消,118.99	,168.99	
趣白全自动洗面奶打泡机感应泡沫机绵密泡沫礼品新品懒人洗脸神器,260502-198747154752531,已收货,1	,2026-05-02 21:15:53,	,无售后或售后取消,119.4	,170.57	
趣白全自动洗面奶打泡机感应泡沫机绵密泡沫礼品新品懒人洗脸神器,260502-188628375133056,已收货,1	,2026-05-02 20:56:25,	,无售后或售后取消,135.2	,168.99	
趣白全自动洗面奶打泡机感应泡沫机绵密泡沫礼品新品懒人洗脸神器,260502-108349417910990,已收货,1	,2026-05-02 20:26:38,	,无售后或售后取消,152.1	,168.99	
趣白全自动洗面奶打泡机感应泡沫机绵密泡沫礼品新品懒人洗脸神器,260502-366540265110137,已收货,1	,2026-05-02 20:26:21,	,无售后或售后取消,126.75	,168.99	
趣白全自动洗面奶打泡机感应泡沫机绵密泡沫礼品新品懒人洗脸神器,260502-441953820210742,已收货,1	,2026-05-02 20:14:35,	,无售后或售后取消,168.99	,168.99	
趣白全自动洗面奶打泡机感应泡沫机绵密泡沫礼品新品懒人洗脸神器,260502-623661627832543,已收货,1	,2026-05-02 20:12:10,	,无售后或售后取消,143.65	,168.99	
趣白全自动洗面奶打泡机感应泡沫机绵密泡沫礼品新品懒人洗脸神器,260502-168757849753840,已收货,1	,2026-05-02 19:30:20,	,无售后或售后取消,136.89	,168.99	
趣白全自动洗面奶打泡机感应泡沫机绵密泡沫礼品新品懒人洗脸神器,260502-441953862042654,未发货，退款成功,1	,2026-05-02 19:18:55,	,退款成功,133.51	,168.99	
趣白全自动洗面奶打泡机感应泡沫机绵密泡沫礼品新品懒人洗脸神器,260502-399780103791579,已取消,1	,	,	,无售后或售后取消,168.99	,168.99	
趣白全自动洗面奶打泡机感应泡沫机绵密泡沫礼品新品懒人洗脸神器,260502-265562396163574,已收货，退款成功,1	,2026-05-02 19:13:11,	,退款成功,126.75	,168.99	
趣白全自动洗面奶打泡机感应泡沫机绵密泡沫礼品新品懒人洗脸神器,260502-638006105751699,已发货，退款成功,1	,2026-05-02 19:06:39,	,退款成功,119.99	,168.99	
趣白全自动洗面奶打泡机感应泡沫机绵密泡沫礼品新品懒人洗脸神器,260502-102194255421636,已发货，退款成功,1	,2026-05-02 18:47:20,	,退款成功,168.99	,168.99	
趣白全自动洗面奶打泡机感应泡沫机绵密泡沫礼品新品懒人洗脸神器,260502-327847800330327,已收货,1	,2026-05-02 18:26:11,	,无售后或售后取消,159.99	,168.99	
趣白全自动洗面奶打泡机感应泡沫机绵密泡沫礼品新品懒人洗脸神器,260502-679991120160159,已收货,1	,2026-05-02 18:10:59,	,无售后或售后取消,160.55	,168.99	
趣白全自动洗面奶打泡机感应泡沫机绵密泡沫礼品新品懒人洗脸神器,260502-608090274172540,已发货，退款成功,1	,2026-05-02 17:43:17,	,退款成功,148.99	,168.99	
趣白全自动洗面奶打泡机感应泡沫机绵密泡沫礼品新品懒人洗脸神器,260502-252182577481566,已发货，退款成功,1	,2026-05-02 17:00:31,	,退款成功,155.99	,168.99	
趣白全自动洗面奶打泡机感应泡沫机绵密泡沫礼品新品懒人洗脸神器,260502-417679327592109,已收货,1	,2026-05-02 16:52:17,	,无售后或售后取消,126.75	,168.99	
趣白全自动洗面奶打泡机感应泡沫机绵密泡沫礼品新品懒人洗脸神器,260502-202480053913743,已发货，退款成功,1	,2026-05-02 16:51:44,	,退款成功,135.2	,168.99	
趣白全自动洗面奶打泡机感应泡沫机绵密泡沫礼品新品懒人洗脸神器,260502-401122270821966,已收货,1	,2026-05-02 16:37:19,	,无售后或售后取消,135.2	,168.99	
趣白全自动洗面奶打泡机感应泡沫机绵密泡沫礼品新品懒人洗脸神器,260502-619855286690773,已收货,1	,2026-05-02 16:13:15,	,无售后或售后取消,168.99	,168.99	
趣白全自动洗面奶打泡机感应泡沫机绵密泡沫礼品新品懒人洗脸神器,260502-195087614280943,已收货,1	,2026-05-02 16:05:54,	,无售后或售后取消,133.51	,168.99	
趣白全自动洗面奶打泡机感应泡沫机绵密泡沫礼品新品懒人洗脸神器,260502-558366737921054,已收货,1	,2026-05-02 15:57:36,	,无售后或售后取消,126.75	,168.99	
趣白全自动洗面奶打泡机感应泡沫机绵密泡沫礼品新品懒人洗脸神器,260502-309854257543789,已收货,1	,2026-05-02 15:53:09,	,无售后或售后取消,126.75	,168.99	
趣白全自动洗面奶打泡机感应泡沫机绵密泡沫礼品新品懒人洗脸神器,260502-349983249942125,已收货,1	,2026-05-02 15:20:58,	,无售后或售后取消,126.75	,168.99	
趣白全自动洗面奶打泡机感应泡沫机绵密泡沫礼品新品懒人洗脸神器,260502-334202222950726,已发货，退款成功,1	,2026-05-02 15:15:06,	,退款成功,118.3	,168.99	
趣白全自动洗面奶打泡机感应泡沫机绵密泡沫礼品新品懒人洗脸神器,260502-013023342182711,已取消,1	,	,	,无售后或售后取消,143.65	,168.99	
趣白全自动洗面奶打泡机感应泡沫机绵密泡沫礼品新品懒人洗脸神器,260502-584874729093753,已发货，退款成功,1	,2026-05-02 14:49:36,	,退款成功,145.34	,168.99	
趣白全自动洗面奶打泡机感应泡沫机绵密泡沫礼品新品懒人洗脸神器,260502-672074350884027,已收货,1	,2026-05-02 14:48:24,	,无售后或售后取消,135.2	,168.99	
趣白全自动洗面奶打泡机感应泡沫机绵密泡沫礼品新品懒人洗脸神器,260502-297816605033897,已收货,1	,2026-05-02 14:37:36,	,无售后或售后取消,168.99	,168.99	
趣白全自动洗面奶打泡机感应泡沫机绵密泡沫礼品新品懒人洗脸神器,260502-563924211313495,已收货,1	,2026-05-02 14:32:45,	,无售后或售后取消,138.99	,168.99	
趣白全自动洗面奶打泡机感应泡沫机绵密泡沫礼品新品懒人洗脸神器,260502-673290719611754,已收货,1	,2026-05-02 14:31:23,	,无售后或售后取消,125.06	,168.99	
趣白全自动洗面奶打泡机感应泡沫机绵密泡沫礼品新品懒人洗脸神器,260502-331245228421511,已取消,1	,	,	,无售后或售后取消,131.82	,168.99	
趣白全自动洗面奶打泡机感应泡沫机绵密泡沫礼品新品懒人洗脸神器,260502-419136868781930,已收货,1	,2026-05-02 14:04:20,	,无售后或售后取消,150.61	,168.99	
趣白全自动洗面奶打泡机感应泡沫机绵密泡沫礼品新品懒人洗脸神器,260502-167331776132331,已收货,1	,2026-05-02 14:02:02,	,无售后或售后取消,168.99	,168.99	
趣白全自动洗面奶打泡机感应泡沫机绵密泡沫礼品新品懒人洗脸神器,260502-440443901530219,已收货,1	,2026-05-02 14:01:16,	,无售后或售后取消,118.3	,168.99	
趣白全自动洗面奶打泡机感应泡沫机绵密泡沫礼品新品懒人洗脸神器,260502-455690217842143,已收货,1	,2026-05-02 13:51:36,	,无售后或售后取消,126.75	,168.99	
趣白全自动洗面奶打泡机感应泡沫机绵密泡沫礼品新品懒人洗脸神器,260502-566902208883087,已收货，退款成功,1	,2026-05-02 13:49:42,	,退款成功,168.99	,168.99	
趣白全自动洗面奶打泡机感应泡沫机绵密泡沫礼品新品懒人洗脸神器,260502-186657021480613,已收货，退款成功,1	,2026-05-02 13:44:57,	,退款成功,135.2	,168.99	
趣白全自动洗面奶打泡机感应泡沫机绵密泡沫礼品新品懒人洗脸神器,260502-451181309510548,未发货，退款成功,1	,2026-05-02 13:45:03,	,退款成功,135.32	,168.99	
趣白全自动洗面奶打泡机感应泡沫机绵密泡沫礼品新品懒人洗脸神器,260502-216090591642377,已收货,1	,2026-05-02 12:54:34,	,无售后或售后取消,118.3	,168.99	
趣白全自动洗面奶打泡机感应泡沫机绵密泡沫礼品新品懒人洗脸神器,260502-155482919352289,已收货,1	,2026-05-02 12:38:52,	,无售后或售后取消,152.1	,168.99	
趣白全自动洗面奶打泡机感应泡沫机绵密泡沫礼品新品懒人洗脸神器,260502-066364455323742,未发货，退款成功,1	,2026-05-02 12:29:09,	,退款成功,135.2	,168.99	
趣白全自动洗面奶打泡机感应泡沫机绵密泡沫礼品新品懒人洗脸神器,260502-673122915880125,已发货，退款成功,1	,2026-05-02 12:08:27,	,退款成功,135.2	,168.99	
趣白全自动洗面奶打泡机感应泡沫机绵密泡沫礼品新品懒人洗脸神器,260502-532938832230168,已收货,1	,2026-05-02 12:02:48,	,无售后或售后取消,126.75	,168.99	
趣白全自动洗面奶打泡机感应泡沫机绵密泡沫礼品新品懒人洗脸神器,260502-633214144890506,已收货,1	,2026-05-02 11:41:14,	,无售后或售后取消,143.65	,168.99	
趣白全自动洗面奶打泡机感应泡沫机绵密泡沫礼品新品懒人洗脸神器,260502-629911109990034,已收货,1	,2026-05-02 11:36:05,	,无售后或售后取消,126.75	,168.99	
趣白全自动洗面奶打泡机感应泡沫机绵密泡沫礼品新品懒人洗脸神器,260502-196429749911170,已收货，退款成功,1	,2026-05-02 11:29:40,	,退款成功,168.99	,168.99	
趣白全自动洗面奶打泡机感应泡沫机绵密泡沫礼品新品懒人洗脸神器,260502-208687633920114,已收货,1	,2026-05-02 11:02:44,	,无售后或售后取消,114.92	,168.99	
趣白全自动洗面奶打泡机感应泡沫机绵密泡沫礼品新品懒人洗脸神器,260502-052114255483628,已发货，退款成功,1	,2026-05-02 11:01:36,	,退款成功,118.99	,168.99	
趣白全自动洗面奶打泡机感应泡沫机绵密泡沫礼品新品懒人洗脸神器,260502-100264907132194,已发货，退款成功,1	,2026-05-02 10:55:16,	,退款成功,160.55	,168.99	
趣白全自动洗面奶打泡机感应泡沫机绵密泡沫礼品新品懒人洗脸神器,260502-029580367503027,已收货,1	,2026-05-02 10:49:00,	,无售后或售后取消,152.1	,168.99	
趣白全自动洗面奶打泡机感应泡沫机绵密泡沫礼品新品懒人洗脸神器,260502-368868073030332,已收货,1	,2026-05-02 10:47:45,	,无售后或售后取消,126.75	,168.99	
趣白全自动洗面奶打泡机感应泡沫机绵密泡沫礼品新品懒人洗脸神器,260502-112617100923628,未发货，退款成功,1	,2026-05-02 10:46:27,	,退款成功,118.99	,168.99	
趣白全自动洗面奶打泡机感应泡沫机绵密泡沫礼品新品懒人洗脸神器,260502-511547871561159,已收货,1	,2026-05-02 10:44:00,	,无售后或售后取消,126.75	,168.99	
趣白全自动洗面奶打泡机感应泡沫机绵密泡沫礼品新品懒人洗脸神器,260502-123952176640690,已收货,1	,2026-05-02 10:36:32,	,无售后或售后取消,168.99	,168.99	
趣白全自动洗面奶打泡机感应泡沫机绵密泡沫礼品新品懒人洗脸神器,260502-214328972932622,已收货,1	,2026-05-02 10:15:02,	,无售后或售后取消,118.3	,168.99	
趣白全自动洗面奶打泡机感应泡沫机绵密泡沫礼品新品懒人洗脸神器,260502-634241759520263,已收货,1	,2026-05-02 10:09:21,	,无售后或售后取消,118.3	,168.99	
趣白全自动洗面奶打泡机感应泡沫机绵密泡沫礼品新品懒人洗脸神器,260502-590977483131200,已发货，退款成功,1	,2026-05-02 10:06:17,	,退款成功,158.99	,168.99	
趣白全自动洗面奶打泡机感应泡沫机绵密泡沫礼品新品懒人洗脸神器,260502-161564660002560,已收货,1	,2026-05-02 10:04:28,	,无售后或售后取消,140.27	,168.99	
趣白全自动洗面奶打泡机感应泡沫机绵密泡沫礼品新品懒人洗脸神器,260502-666024035841711,已收货,1	,2026-05-02 09:50:58,	,无售后或售后取消,133.51	,168.99	
趣白全自动洗面奶打泡机感应泡沫机绵密泡沫礼品新品懒人洗脸神器,260502-662909817192681,已收货,1	,2026-05-02 09:48:01,	,无售后或售后取消,135.2	,168.99	
趣白全自动洗面奶打泡机感应泡沫机绵密泡沫礼品新品懒人洗脸神器,260502-036721159711021,已发货，退款成功,1	,2026-05-02 09:23:28,	,退款成功,168.99	,168.99	
趣白全自动洗面奶打泡机感应泡沫机绵密泡沫礼品新品懒人洗脸神器,260502-174105618853221,已收货,1	,2026-05-02 09:02:12,	,无售后或售后取消,126.75	,168.99	
趣白全自动洗面奶打泡机感应泡沫机绵密泡沫礼品新品懒人洗脸神器,260502-046410043723794,已收货,1	,2026-05-02 08:55:33,	,无售后或售后取消,141.96	,168.99	
趣白全自动洗面奶打泡机感应泡沫机绵密泡沫礼品新品懒人洗脸神器,260502-365575586233829,已发货，退款成功,1	,2026-05-02 08:40:20,	,退款成功,135.2	,168.99	
趣白全自动洗面奶打泡机感应泡沫机绵密泡沫礼品新品懒人洗脸神器,260502-504459445852908,已收货,1	,2026-05-02 07:55:55,	,无售后或售后取消,143.65	,168.99	
趣白全自动洗面奶打泡机感应泡沫机绵密泡沫礼品新品懒人洗脸神器,260502-184675243663545,已发货，退款成功,1	,2026-05-02 07:54:26,	,退款成功,133.51	,168.99	
趣白全自动洗面奶打泡机感应泡沫机绵密泡沫礼品新品懒人洗脸神器,260502-530306833930240,已收货，退款成功,1	,2026-05-02 07:03:15,	,退款成功,136.89	,168.99	
趣白全自动洗面奶打泡机感应泡沫机绵密泡沫礼品新品懒人洗脸神器,260502-234052677272632,已发货，退款成功,1	,2026-05-02 07:02:45,	,退款成功,160.99	,168.99	
趣白全自动洗面奶打泡机感应泡沫机绵密泡沫礼品新品懒人洗脸神器,260502-365208563321346,已收货,1	,2026-05-02 06:09:21,	,无售后或售后取消,147.03	,168.99	
趣白全自动洗面奶打泡机感应泡沫机绵密泡沫礼品新品懒人洗脸神器,260502-641739015772419,未发货，退款成功,1	,2026-05-02 06:04:26,	,退款成功,168.99	,168.99	
趣白全自动洗面奶打泡机感应泡沫机绵密泡沫礼品新品懒人洗脸神器,260502-045088827781329,已收货,1	,2026-05-02 05:55:37,	,无售后或售后取消,135.2	,168.99	
趣白全自动洗面奶打泡机感应泡沫机绵密泡沫礼品新品懒人洗脸神器,260502-477175508602671,已取消,1	,	,	,无售后或售后取消,125.06	,168.99	
趣白全自动洗面奶打泡机感应泡沫机绵密泡沫礼品新品懒人洗脸神器,260502-237575892502220,已收货，退款成功,1	,2026-05-02 05:02:25,	,退款成功,145.34	,168.99	
趣白全自动洗面奶打泡机感应泡沫机绵密泡沫礼品新品懒人洗脸神器,260502-441345666702750,已取消,1	,	,	,无售后或售后取消,143.65	,168.99	
趣白全自动洗面奶打泡机感应泡沫机绵密泡沫礼品新品懒人洗脸神器,260502-082795620653209,已收货,1	,2026-05-02 03:06:29,	,无售后或售后取消,143.65	,168.99	
趣白全自动洗面奶打泡机感应泡沫机绵密泡沫礼品新品懒人洗脸神器,260502-336509079951942,已收货，退款成功,1	,2026-05-02 03:05:06,	,退款成功,138.58	,168.99	
趣白全自动洗面奶打泡机感应泡沫机绵密泡沫礼品新品懒人洗脸神器,260502-580040866174054,已取消,1	,	,	,无售后或售后取消,140.27	,168.99	
趣白全自动洗面奶打泡机感应泡沫机绵密泡沫礼品新品懒人洗脸神器,260502-445015724451594,已收货,1	,2026-05-02 01:58:59,	,无售后或售后取消,138.58	,168.99	
趣白全自动洗面奶打泡机感应泡沫机绵密泡沫礼品新品懒人洗脸神器,260502-436060895591033,已收货,1	,2026-05-02 01:26:40,	,无售后或售后取消,118.3	,168.99	
趣白全自动洗面奶打泡机感应泡沫机绵密泡沫礼品新品懒人洗脸神器,260502-606632681083762,已发货，待收货,1	,2026-05-02 01:21:09,	,无售后或售后取消,143.65	,168.99	
趣白全自动皂液器感应皂液器凝胶机洗洁精沐浴露卫生间厨房,260502-079943504173074,已收货,1	,2026-05-02 01:16:56,	,无售后或售后取消,85.0	,85.0	
趣白全自动洗面奶打泡机感应泡沫机绵密泡沫礼品新品懒人洗脸神器,260502-109597202070950,已收货,1	,2026-05-02 01:14:27,	,无售后或售后取消,143.65	,168.99	
趣白全自动洗面奶打泡机感应泡沫机绵密泡沫礼品新品懒人洗脸神器,260502-338920804702964,已收货,1	,2026-05-02 00:52:17,	,无售后或售后取消,147.03	,168.99	
趣白全自动洗面奶打泡机感应泡沫机绵密泡沫礼品新品懒人洗脸神器,260502-566314954363654,已收货,1	,2026-05-02 00:49:14,	,无售后或售后取消,118.3	,168.99	
趣白全自动洗面奶打泡机感应泡沫机绵密泡沫礼品新品懒人洗脸神器,260502-686523748751979,已收货,1	,2026-05-02 00:44:03,	,无售后或售后取消,118.3	,168.99	
趣白全自动洗面奶打泡机感应泡沫机绵密泡沫礼品新品懒人洗脸神器,260502-220976966062226,已收货,1	,2026-05-02 00:35:15,	,无售后或售后取消,133.51	,168.99	
趣白全自动洗面奶打泡机感应泡沫机绵密泡沫礼品新品懒人洗脸神器,260502-132833635852483,已取消,1	,	,	,无售后或售后取消,126.75	,168.99	
趣白全自动洗面奶打泡机感应泡沫机绵密泡沫礼品新品懒人洗脸神器,260502-434498517351525,已收货,1	,2026-05-02 00:27:22,	,无售后或售后取消,156.18	,168.99	
趣白全自动洗面奶打泡机感应泡沫机绵密泡沫礼品新品懒人洗脸神器,260502-651102861603382,已收货,1	,2026-05-02 00:21:34,	,无售后或售后取消,126.75	,168.99	
趣白全自动洗面奶打泡机感应泡沫机绵密泡沫礼品新品懒人洗脸神器,260502-561124482653438,已收货,1	,2026-05-02 00:15:19,	,无售后或售后取消,143.65	,168.99	
趣白全自动洗面奶打泡机感应泡沫机绵密泡沫礼品新品懒人洗脸神器,260501-588398016882387,已收货,1	,2026-05-01 23:32:54,	,无售后或售后取消,168.99	,168.99	
趣白全自动洗面奶打泡机感应泡沫机绵密泡沫礼品新品懒人洗脸神器,260501-640512213393914,已收货，退款成功,1	,2026-05-01 23:25:54,	,退款成功,133.51	,168.99	
趣白全自动洗面奶打泡机感应泡沫机绵密泡沫礼品新品懒人洗脸神器,260501-409993275753338,已收货,1	,2026-05-01 23:21:21,	,无售后或售后取消,160.55	,168.99	
趣白全自动洗面奶打泡机感应泡沫机绵密泡沫礼品新品懒人洗脸神器,260501-188513021503180,已收货,1	,2026-05-01 23:07:46,	,无售后或售后取消,135.2	,168.99	
趣白全自动洗面奶打泡机感应泡沫机绵密泡沫礼品新品懒人洗脸神器,260501-531649041993010,已取消,1	,	,	,无售后或售后取消,168.99	,168.99	
趣白全自动洗面奶打泡机感应泡沫机绵密泡沫礼品新品懒人洗脸神器,260501-559048332873010,已取消,1	,	,	,无售后或售后取消,168.99	,168.99	
趣白全自动洗面奶打泡机感应泡沫机绵密泡沫礼品新品懒人洗脸神器,260501-658725998963843,已发货，退款成功,1	,2026-05-01 22:48:47,	,退款成功,118.3	,168.99	
趣白全自动洗面奶打泡机感应泡沫机绵密泡沫礼品新品懒人洗脸神器,260501-417459136800451,已收货,1	,2026-05-01 22:48:27,	,无售后或售后取消,168.99	,168.99	
趣白全自动洗面奶打泡机感应泡沫机绵密泡沫礼品新品懒人洗脸神器,260501-634430461502590,已收货,1	,2026-05-01 22:46:36,	,无售后或售后取消,152.1	,168.99	
趣白全自动洗面奶打泡机感应泡沫机绵密泡沫礼品新品懒人洗脸神器,260501-470391263550510,已收货,1	,2026-05-01 22:40:58,	,无售后或售后取消,140.27	,168.99	
趣白全自动洗面奶打泡机感应泡沫机绵密泡沫礼品新品懒人洗脸神器,260501-319417259653876,已收货,1	,2026-05-01 22:29:29,	,无售后或售后取消,143.65	,168.99	
趣白全自动洗面奶打泡机感应泡沫机绵密泡沫礼品新品懒人洗脸神器,260501-236789481882472,已收货,1	,2026-05-01 22:27:59,	,无售后或售后取消,143.65	,168.99	
趣白全自动洗面奶打泡机感应泡沫机绵密泡沫礼品新品懒人洗脸神器,260501-664797191721158,已收货,1	,2026-05-01 22:23:31,已登记,无售后或售后取消,143.65	,168.99	
【购买前须联系客服确认】补收差价专用商品,260501-174755694102306,已收货，退款成功,2400	,2026-05-01 22:14:29,	,退款成功,24.0	,24.0	
趣白全自动洗面奶打泡机感应泡沫机绵密泡沫礼品新品懒人洗脸神器,260501-419849900421827,已发货，退款成功,1	,2026-05-01 22:09:00,	,退款成功,168.99	,168.99	
趣白全自动洗面奶打泡机感应泡沫机绵密泡沫礼品新品懒人洗脸神器,260501-071817008732953,已收货,1	,2026-05-01 21:55:16,	,无售后或售后取消,136.89	,168.99	
趣白全自动洗面奶打泡机感应泡沫机绵密泡沫礼品新品懒人洗脸神器,260501-118006813000637,已收货,1	,2026-05-01 21:50:37,	,无售后或售后取消,135.2	,168.99	
趣白全自动洗面奶打泡机感应泡沫机绵密泡沫礼品新品懒人洗脸神器,260501-240008630621796,已收货,1	,2026-05-01 21:33:09,	,无售后或售后取消,152.1	,168.99	
趣白全自动洗面奶打泡机感应泡沫机绵密泡沫礼品新品懒人洗脸神器,260501-393635490200634,已收货,1	,2026-05-01 21:25:30,	,无售后或售后取消,143.65	,168.99	
趣白全自动洗面奶打泡机感应泡沫机绵密泡沫礼品新品懒人洗脸神器,260501-207796313731321,已收货,1	,2026-05-01 21:04:26,	,无售后或售后取消,135.2	,168.99	
趣白全自动洗面奶打泡机感应泡沫机绵密泡沫礼品新品懒人洗脸神器,260501-545930668371832,已发货，退款成功,1	,2026-05-01 21:01:06,	,退款成功,118.3	,168.99	
趣白全自动洗面奶打泡机感应泡沫机绵密泡沫礼品新品懒人洗脸神器,260501-145626263071967,已发货，退款成功,1	,2026-05-01 20:52:52,	,退款成功,114.92	,168.99	
趣白全自动洗面奶打泡机感应泡沫机绵密泡沫礼品新品懒人洗脸神器,260501-652749073932590,已发货，退款成功,1	,2026-05-01 20:41:57,	,退款成功,119.99	,168.99	
趣白全自动洗面奶打泡机感应泡沫机绵密泡沫礼品新品懒人洗脸神器,260501-051296376392594,已收货,1	,2026-05-01 20:28:41,	,无售后或售后取消,148.99	,168.99	
趣白全自动洗面奶打泡机感应泡沫机绵密泡沫礼品新品懒人洗脸神器,260501-666779020892155,已收货,1	,2026-05-01 20:23:30,	,无售后或售后取消,138.99	,168.99	
趣白全自动洗面奶打泡机感应泡沫机绵密泡沫礼品新品懒人洗脸神器,260501-122610009621747,已收货,1	,2026-05-01 20:06:06,	,无售后或售后取消,168.99	,168.99	
趣白全自动洗面奶打泡机感应泡沫机绵密泡沫礼品新品懒人洗脸神器,260501-590746754571307,已收货,1	,2026-05-01 19:38:41,	,无售后或售后取消,143.65	,168.99	
趣白全自动洗面奶打泡机感应泡沫机绵密泡沫礼品新品懒人洗脸神器,260501-569607493133072,已收货,1	,2026-05-01 19:35:36,	,无售后或售后取消,125.06	,168.99	
趣白全自动洗面奶打泡机感应泡沫机绵密泡沫礼品新品懒人洗脸神器,260501-138244309393583,已收货,1	,2026-05-01 19:34:16,	,无售后或售后取消,126.75	,168.99	
趣白全自动洗面奶打泡机感应泡沫机绵密泡沫礼品新品懒人洗脸神器,260501-332073551382305,已发货，退款成功,1	,2026-05-01 19:26:26,此单客户要求5月3日发货,退款成功,126.75	,168.99	
趣白全自动洗面奶打泡机感应泡沫机绵密泡沫礼品新品懒人洗脸神器,260501-516119642522182,已收货,1	,2026-05-01 19:17:54,	,无售后或售后取消,135.2	,168.99	
趣白全自动洗面奶打泡机感应泡沫机绵密泡沫礼品新品懒人洗脸神器,260501-087283473953167,已取消,1	,	,	,无售后或售后取消,118.3	,168.99	
趣白全自动洗面奶打泡机感应泡沫机绵密泡沫礼品新品懒人洗脸神器,260501-522148954502054,已收货,1	,2026-05-01 19:12:22,	,无售后或售后取消,125.06	,168.99	
趣白全自动洗面奶打泡机感应泡沫机绵密泡沫礼品新品懒人洗脸神器,260501-621103071531755,已取消,1	,	,	,无售后或售后取消,118.3	,168.99	
趣白全自动洗面奶打泡机感应泡沫机绵密泡沫礼品新品懒人洗脸神器,260501-479083968842306,已收货,1	,2026-05-01 19:10:44,	,无售后或售后取消,168.99	,168.99	
趣白全自动洗面奶打泡机感应泡沫机绵密泡沫礼品新品懒人洗脸神器,260501-074375545144094,已收货,1	,2026-05-01 19:06:26,	,无售后或售后取消,143.65	,168.99	
趣白全自动洗面奶打泡机感应泡沫机绵密泡沫礼品新品懒人洗脸神器,260501-530327867822401,已收货,1	,2026-05-01 19:00:06,	,无售后或售后取消,168.99	,168.99	
趣白全自动洗面奶打泡机感应泡沫机绵密泡沫礼品新品懒人洗脸神器,260501-263045803623133,已收货,1	,2026-05-01 18:53:05,	,无售后或售后取消,141.96	,168.99	
趣白全自动洗面奶打泡机感应泡沫机绵密泡沫礼品新品懒人洗脸神器,260501-439227574713117,已发货，退款成功,1	,2026-05-01 18:46:42,	,退款成功,126.75	,168.99	
趣白全自动洗面奶打泡机感应泡沫机绵密泡沫礼品新品懒人洗脸神器,260501-530715778572583,已收货,1	,2026-05-01 18:41:14,	,无售后或售后取消,126.75	,168.99	
趣白全自动洗面奶打泡机感应泡沫机绵密泡沫礼品新品懒人洗脸神器,260501-616038428160656,已发货，退款成功,1	,2026-05-01 17:44:26,	,退款成功,114.92	,168.99	
趣白全自动洗面奶打泡机感应泡沫机绵密泡沫礼品新品懒人洗脸神器,260501-100002752941750,已取消,1	,	,	,无售后或售后取消,126.75	,168.99	
趣白全自动洗面奶打泡机感应泡沫机绵密泡沫礼品新品懒人洗脸神器,260501-133095811462203,已收货,1	,2026-05-01 17:13:49,	,无售后或售后取消,126.75	,168.99	
趣白全自动洗面奶打泡机感应泡沫机绵密泡沫礼品新品懒人洗脸神器,260501-401531277603292,已收货，退款成功,1	,2026-05-01 17:03:27,	,退款成功,135.2	,168.99	
趣白全自动洗面奶打泡机感应泡沫机绵密泡沫礼品新品懒人洗脸神器,260501-532351587891766,已收货,1	,2026-05-01 16:59:24,	,无售后或售后取消,135.2	,168.99	
趣白全自动洗面奶打泡机感应泡沫机绵密泡沫礼品新品懒人洗脸神器,260501-395585861930238,已发货，退款成功,1	,2026-05-01 16:43:53,	,退款成功,126.75	,168.99	
趣白全自动洗面奶打泡机感应泡沫机绵密泡沫礼品新品懒人洗脸神器,260501-460964503043834,已发货，退款成功,1	,2026-05-01 16:15:23,	,退款成功,133.51	,168.99	
趣白全自动洗面奶打泡机感应泡沫机绵密泡沫礼品新品懒人洗脸神器,260501-513781306882265,已取消,1	,	,	,无售后或售后取消,126.75	,168.99	
趣白全自动洗面奶打泡机感应泡沫机绵密泡沫礼品新品懒人洗脸神器,260501-392209447210886,已收货,1	,2026-05-01 15:51:18,	,无售后或售后取消,145.34	,168.99	
趣白全自动洗面奶打泡机感应泡沫机绵密泡沫礼品新品懒人洗脸神器,260501-441083522713920,已收货，退款成功,1	,2026-05-01 15:47:31,	,退款成功,126.75	,168.99	
趣白全自动洗面奶打泡机感应泡沫机绵密泡沫礼品新品懒人洗脸神器,260501-500768478770864,已取消,1	,	,	,无售后或售后取消,118.3	,168.99	
趣白全自动洗面奶打泡机感应泡沫机绵密泡沫礼品新品懒人洗脸神器,260501-566430329230185,已收货,1	,2026-05-01 15:05:37,	,无售后或售后取消,126.75	,168.99	
趣白全自动洗面奶打泡机感应泡沫机绵密泡沫礼品新品懒人洗脸神器,260501-600645364100952,已取消,1	,	,	,无售后或售后取消,148.99	,168.99	
趣白全自动洗面奶打泡机感应泡沫机绵密泡沫礼品新品懒人洗脸神器,260501-552662484630419,已收货,1	,2026-05-01 14:33:15,	,无售后或售后取消,168.99	,168.99	
趣白全自动洗面奶打泡机感应泡沫机绵密泡沫礼品新品懒人洗脸神器,260501-152054033921502,已收货，退款成功,1	,2026-05-01 14:19:15,	,退款成功,138.58	,168.99	
趣白全自动洗面奶打泡机感应泡沫机绵密泡沫礼品新品懒人洗脸神器,260501-171421284742450,已收货,1	,2026-05-01 14:11:11,	,无售后或售后取消,126.75	,168.99	
趣白全自动洗面奶打泡机感应泡沫机绵密泡沫礼品新品懒人洗脸神器,260501-479209725471508,已收货,1	,2026-05-01 14:08:04,	,无售后或售后取消,163.49	,168.99	
趣白全自动洗面奶打泡机感应泡沫机绵密泡沫礼品新品懒人洗脸神器,260501-183081397910557,已取消,1	,	,	,无售后或售后取消,138.99	,168.99	
趣白全自动洗面奶打泡机感应泡沫机绵密泡沫礼品新品懒人洗脸神器,260501-436260124990141,已收货,1	,2026-05-01 13:34:45,	,无售后或售后取消,133.51	,168.99	
趣白全自动洗面奶打泡机感应泡沫机绵密泡沫礼品新品懒人洗脸神器,260501-454725475911409,已收货,1	,2026-05-01 13:27:11,	,无售后或售后取消,126.75	,168.99	
趣白全自动洗面奶打泡机感应泡沫机绵密泡沫礼品新品懒人洗脸神器,260501-405809447250343,已收货,1	,2026-05-01 13:23:40,	,无售后或售后取消,135.2	,168.99	
趣白全自动洗面奶打泡机感应泡沫机绵密泡沫礼品新品懒人洗脸神器,260501-185251950091354,已收货,1	,2026-05-01 13:20:50,	,无售后或售后取消,118.3	,168.99	
趣白全自动洗面奶打泡机感应泡沫机绵密泡沫礼品新品懒人洗脸神器,260501-132969972140591,已收货,1	,2026-05-01 13:07:26,	,无售后或售后取消,118.3	,168.99	
趣白全自动洗面奶打泡机感应泡沫机绵密泡沫礼品新品懒人洗脸神器,260501-320549721723006,已收货,1	,2026-05-01 13:03:28,	,无售后或售后取消,138.99	,168.99	
趣白全自动洗面奶打泡机感应泡沫机绵密泡沫礼品新品懒人洗脸神器,260501-588817405502959,已收货,1	,2026-05-01 12:48:20,	,无售后或售后取消,143.65	,168.99	
趣白全自动洗面奶打泡机感应泡沫机绵密泡沫礼品新品懒人洗脸神器,260501-252748818792644,已收货,1	,2026-05-01 23:25:30,	,无售后或售后取消,135.2	,168.99	
趣白全自动洗面奶打泡机感应泡沫机绵密泡沫礼品新品懒人洗脸神器,260501-330511235463100,已发货，退款成功,1	,2026-05-01 12:25:04,	,退款成功,141.96	,168.99	
趣白全自动洗面奶打泡机感应泡沫机绵密泡沫礼品新品懒人洗脸神器,260501-273258923590951,已发货，退款成功,1	,2026-05-01 12:14:22,	,退款成功,168.99	,168.99	
趣白全自动洗面奶打泡机感应泡沫机绵密泡沫礼品新品懒人洗脸神器,260501-313587156510340,已收货,1	,2026-05-01 12:03:00,	,无售后或售后取消,126.75	,168.99	
趣白全自动洗面奶打泡机感应泡沫机绵密泡沫礼品新品懒人洗脸神器,260501-036249300623162,已收货,1	,2026-05-01 11:19:16,	,无售后或售后取消,135.2	,168.99	
趣白全自动洗面奶打泡机感应泡沫机绵密泡沫礼品新品懒人洗脸神器,260501-113047006811319,已收货,1	,2026-05-01 11:11:26,	,无售后或售后取消,168.99	,168.99	
趣白全自动洗面奶打泡机感应泡沫机绵密泡沫礼品新品懒人洗脸神器,260501-277264494103229,已收货,1	,2026-05-01 11:03:13,	,无售后或售后取消,145.34	,168.99	
趣白全自动洗面奶打泡机感应泡沫机绵密泡沫礼品新品懒人洗脸神器,260501-666086960780146,已收货,1	,2026-05-01 10:59:28,	,无售后或售后取消,138.58	,168.99	
趣白全自动洗面奶打泡机感应泡沫机绵密泡沫礼品新品懒人洗脸神器,260501-179023408641889,已发货，退款成功,1	,2026-05-01 10:57:22,	,退款成功,168.99	,168.99	
趣白全自动洗面奶打泡机感应泡沫机绵密泡沫礼品新品懒人洗脸神器,260501-228128232993974,已收货,1	,2026-05-01 10:41:26,	,无售后或售后取消,168.99	,168.99	
趣白全自动洗面奶打泡机感应泡沫机绵密泡沫礼品新品懒人洗脸神器,260501-151225690441986,已收货,1	,2026-05-01 14:27:39,	,无售后或售后取消,133.99	,168.99	
趣白全自动洗面奶打泡机感应泡沫机绵密泡沫礼品新品懒人洗脸神器,260501-620348055182085,已收货,1	,2026-05-01 10:08:43,	,无售后或售后取消,160.55	,168.99	
趣白全自动洗面奶打泡机感应泡沫机绵密泡沫礼品新品懒人洗脸神器,260501-289994258770218,已收货,1	,2026-05-01 10:06:56,	,无售后或售后取消,143.65	,168.99	
趣白全自动洗面奶打泡机感应泡沫机绵密泡沫礼品新品懒人洗脸神器,260501-026371694231636,已收货,1	,2026-05-01 10:05:59,	,无售后或售后取消,153.99	,168.99	
趣白全自动洗面奶打泡机感应泡沫机绵密泡沫礼品新品懒人洗脸神器,260501-180627719710760,已发货，退款成功,1	,2026-05-01 10:00:27,	,退款成功,158.99	,168.99	
趣白全自动洗面奶打泡机感应泡沫机绵密泡沫礼品新品懒人洗脸神器,260501-363415519592644,已取消,1	,	,	,无售后或售后取消,145.34	,168.99	
趣白全自动洗面奶打泡机感应泡沫机绵密泡沫礼品新品懒人洗脸神器,260501-439374395832083,已收货,1	,2026-05-01 09:43:35,	,无售后或售后取消,160.55	,168.99	
趣白全自动洗面奶打泡机感应泡沫机绵密泡沫礼品新品懒人洗脸神器,260501-013809795383261,未发货，退款成功,1	,2026-05-01 09:40:50,	,退款成功,119.99	,168.99	
趣白全自动洗面奶打泡机感应泡沫机绵密泡沫礼品新品懒人洗脸神器,260501-202815639980598,已取消,1	,	,	,无售后或售后取消,160.99	,168.99	
趣白全自动洗面奶打泡机感应泡沫机绵密泡沫礼品新品懒人洗脸神器,260501-386515607150349,已收货,1	,2026-05-01 09:26:37,	,无售后或售后取消,135.2	,168.99	
趣白全自动洗面奶打泡机感应泡沫机绵密泡沫礼品新品懒人洗脸神器,260501-172438403464001,已发货，退款成功,1	,2026-05-01 09:10:25,	,退款成功,126.75	,168.99	
趣白全自动洗面奶打泡机感应泡沫机绵密泡沫礼品新品懒人洗脸神器,260501-392859533751884,已收货,1	,2026-05-01 08:47:55,	,无售后或售后取消,138.99	,168.99	
趣白全自动洗面奶打泡机感应泡沫机绵密泡沫礼品新品懒人洗脸神器,260501-276027164210787,已发货，退款成功,1	,2026-05-01 08:42:52,	,退款成功,135.2	,168.99	
趣白全自动洗面奶打泡机感应泡沫机绵密泡沫礼品新品懒人洗脸神器,260501-055375368511208,已收货,1	,2026-05-01 08:40:46,	,无售后或售后取消,119.99	,168.99	
趣白全自动洗面奶打泡机感应泡沫机绵密泡沫礼品新品懒人洗脸神器,260501-144535744002850,已发货，退款成功,1	,2026-05-01 08:34:59,	,退款成功,136.89	,168.99	
趣白全自动洗面奶打泡机感应泡沫机绵密泡沫礼品新品懒人洗脸神器,260501-030219968080940,已发货，退款成功,1	,2026-05-01 08:23:07,	,退款成功,143.65	,168.99	
趣白全自动洗面奶打泡机感应泡沫机绵密泡沫礼品新品懒人洗脸神器,260501-531418334793817,已收货，退款成功,1	,2026-05-01 08:10:52,	,退款成功,133.51	,168.99	
趣白全自动洗面奶打泡机感应泡沫机绵密泡沫礼品新品懒人洗脸神器,260501-541379827210073,已发货，退款成功,1	,2026-05-01 08:07:30,	,退款成功,135.2	,168.99	
趣白全自动洗面奶打泡机感应泡沫机绵密泡沫礼品新品懒人洗脸神器,260501-525766530691976,已发货，退款成功,1	,2026-05-01 08:00:02,	,退款成功,126.75	,168.99	
趣白全自动洗面奶打泡机感应泡沫机绵密泡沫礼品新品懒人洗脸神器,260501-595150815573771,已收货,1	,2026-05-01 07:45:46,	,无售后或售后取消,143.65	,168.99	
趣白全自动洗面奶打泡机感应泡沫机绵密泡沫礼品新品懒人洗脸神器,260501-101586102701262,已发货，退款成功,1	,2026-05-01 06:52:57,	,退款成功,118.3	,168.99	
趣白全自动洗面奶打泡机感应泡沫机绵密泡沫礼品新品懒人洗脸神器,260501-177502983681017,已收货，退款成功,1	,2026-05-01 06:50:51,	,退款成功,126.75	,168.99	
趣白全自动洗面奶打泡机感应泡沫机绵密泡沫礼品新品懒人洗脸神器,260501-592780992143569,已收货,1	,2026-05-01 06:37:02,	,无售后或售后取消,135.2	,168.99	
趣白全自动洗面奶打泡机感应泡沫机绵密泡沫礼品新品懒人洗脸神器,260501-010538216974078,已取消,1	,	,	,无售后或售后取消,126.75	,168.99	
趣白全自动洗面奶打泡机感应泡沫机绵密泡沫礼品新品懒人洗脸神器,260501-340493637132161,已收货,1	,2026-05-01 03:44:50,	,无售后或售后取消,126.75	,168.99	
趣白全自动洗面奶打泡机感应泡沫机绵密泡沫礼品新品懒人洗脸神器,260501-319784292750191,已发货，退款成功,1	,2026-05-01 03:00:31,	,退款成功,160.55	,168.99	
趣白全自动洗面奶打泡机感应泡沫机绵密泡沫礼品新品懒人洗脸神器,260501-601851194953354,已收货,1	,2026-05-01 02:40:30,	,无售后或售后取消,154.5	,168.99	
趣白全自动洗面奶打泡机感应泡沫机绵密泡沫礼品新品懒人洗脸神器,260501-086455171364018,已发货，退款成功,1	,2026-05-01 01:49:58,	,退款成功,143.65	,168.99	
趣白全自动洗面奶打泡机感应泡沫机绵密泡沫礼品新品懒人洗脸神器,260501-593756240310217,已发货，退款成功,1	,2026-05-01 01:39:43,	,退款成功,118.3	,168.99	
趣白全自动洗面奶打泡机感应泡沫机绵密泡沫礼品新品懒人洗脸神器,260501-344950085270521,已发货，退款成功,1	,2026-05-01 01:14:02,	,退款成功,145.34	,168.99	
趣白全自动洗面奶打泡机感应泡沫机绵密泡沫礼品新品懒人洗脸神器,260501-484840640924048,已收货,1	,2026-05-01 01:08:34,	,无售后或售后取消,133.51	,168.99	
趣白全自动洗面奶打泡机感应泡沫机绵密泡沫礼品新品懒人洗脸神器,260501-148855887482671,已取消,1	,	,	,无售后或售后取消,123.37	,168.99	
趣白全自动洗面奶打泡机感应泡沫机绵密泡沫礼品新品懒人洗脸神器,260501-188932503942792,已收货,1	,2026-05-01 00:44:31,	,无售后或售后取消,135.2	,168.99	
趣白全自动洗面奶打泡机感应泡沫机绵密泡沫礼品新品懒人洗脸神器,260501-447867840893912,已收货，退款成功,1	,2026-05-01 00:32:04,	,退款成功,143.65	,168.99	
趣白全自动洗面奶打泡机感应泡沫机绵密泡沫礼品新品懒人洗脸神器,260501-251794572822298,已收货,1	,2026-05-01 00:26:08,	,无售后或售后取消,143.65	,168.99	
趣白全自动洗面奶打泡机感应泡沫机绵密泡沫礼品新品懒人洗脸神器,260501-613228296591829,已取消,1	,	,	,无售后或售后取消,118.3	,168.99	
趣白全自动洗面奶打泡机感应泡沫机绵密泡沫礼品新品懒人洗脸神器,260501-312580565391979,已取消,1	,	,	,无售后或售后取消,133.51	,168.99	
趣白全自动洗面奶打泡机感应泡沫机绵密泡沫礼品新品懒人洗脸神器,260501-406553946494054,已取消,1	,	,	,无售后或售后取消,135.2	,168.99	
趣白全自动洗面奶打泡机感应泡沫机绵密泡沫礼品新品懒人洗脸神器,260501-103913909832809,已收货,1	,2026-05-01 00:07:17,	,无售后或售后取消,145.34	,168.99	
趣白全自动洗面奶打泡机感应泡沫机绵密泡沫礼品新品懒人洗脸神器,260501-205835549072599,已收货,1	,2026-05-01 00:04:36,	,无售后或售后取消,135.2	,168.99	
趣白全自动洗面奶打泡机感应泡沫机绵密泡沫礼品新品懒人洗脸神器,260430-663759143331926,未发货，退款成功,1	,2026-04-30 23:37:55,	,退款成功,155.94	,168.99	
趣白全自动洗面奶打泡机感应泡沫机绵密泡沫礼品新品懒人洗脸神器,260430-684866967171898,已收货,1	,2026-04-30 23:33:11,	,无售后或售后取消,133.51	,168.99	
趣白全自动洗面奶打泡机感应泡沫机绵密泡沫礼品新品懒人洗脸神器,260430-160620889610987,已收货,1	,2026-04-30 23:07:26,	,无售后或售后取消,138.99	,168.99	
趣白全自动洗面奶打泡机感应泡沫机绵密泡沫礼品新品懒人洗脸神器,260430-402055503501530,已收货,1	,2026-04-30 23:02:08,	,无售后或售后取消,135.2	,168.99	
趣白全自动洗面奶打泡机感应泡沫机绵密泡沫礼品新品懒人洗脸神器,260430-032484923002671,已取消,1	,	,	,无售后或售后取消,123.37	,168.99	
趣白全自动洗面奶打泡机感应泡沫机绵密泡沫礼品新品懒人洗脸神器,260430-085458982522671,已取消,1	,	,	,无售后或售后取消,135.2	,168.99	
趣白全自动洗面奶打泡机感应泡沫机绵密泡沫礼品新品懒人洗脸神器,260430-007340060240171,已收货,1	,2026-04-30 22:41:32,	,无售后或售后取消,126.75	,168.99	
趣白全自动洗面奶打泡机感应泡沫机绵密泡沫礼品新品懒人洗脸神器,260430-285023956551507,已发货，退款成功,1	,2026-04-30 22:31:01,	,退款成功,126.75	,168.99	
趣白全自动洗面奶打泡机感应泡沫机绵密泡沫礼品新品懒人洗脸神器,260430-416431480322697,已收货,1	,2026-04-30 22:29:41,	,无售后或售后取消,118.3	,168.99	
趣白全自动洗面奶打泡机感应泡沫机绵密泡沫礼品新品懒人洗脸神器,260430-539995686402620,已收货,1	,2026-04-30 22:26:36,	,无售后或售后取消,148.99	,168.99	
趣白全自动洗面奶打泡机感应泡沫机绵密泡沫礼品新品懒人洗脸神器,260430-372800274722209,已收货，退款成功,1	,2026-04-30 22:18:17,	,退款成功,143.65	,168.99	
趣白全自动洗面奶打泡机感应泡沫机绵密泡沫礼品新品懒人洗脸神器,260430-454798938493318,已取消,1	,	,	,无售后或售后取消,118.3	,168.99	
趣白全自动洗面奶打泡机感应泡沫机绵密泡沫礼品新品懒人洗脸神器,260430-444638226762966,已收货,1	,2026-04-30 22:06:22,	,无售后或售后取消,145.34	,168.99	
趣白全自动洗面奶打泡机感应泡沫机绵密泡沫礼品新品懒人洗脸神器,260430-405148864911979,已取消,1	,	,	,无售后或售后取消,136.89	,168.99	
趣白全自动洗面奶打泡机感应泡沫机绵密泡沫礼品新品懒人洗脸神器,260430-061551481231979,已取消,1	,	,	,无售后或售后取消,126.75	,168.99	
趣白全自动洗面奶打泡机感应泡沫机绵密泡沫礼品新品懒人洗脸神器,260430-599628235174045,已收货,1	,2026-04-30 21:46:25,	,无售后或售后取消,168.99	,168.99	
趣白全自动洗面奶打泡机感应泡沫机绵密泡沫礼品新品懒人洗脸神器,260430-047227912574054,已取消,1	,	,	,无售后或售后取消,140.27	,168.99	
趣白全自动洗面奶打泡机感应泡沫机绵密泡沫礼品新品懒人洗脸神器,260430-424799189321986,已取消,1	,	,	,无售后或售后取消,140.27	,168.99	
趣白全自动洗面奶打泡机感应泡沫机绵密泡沫礼品新品懒人洗脸神器,260430-555787230722897,已收货,1	,2026-04-30 21:26:21,	,无售后或售后取消,138.58	,168.99	
趣白全自动洗面奶打泡机感应泡沫机绵密泡沫礼品新品懒人洗脸神器,260430-353412062722817,已收货,1	,2026-04-30 21:12:36,	,无售后或售后取消,135.2	,168.99	
趣白全自动洗面奶打泡机感应泡沫机绵密泡沫礼品新品懒人洗脸神器,260430-267177234813891,已收货,1	,2026-04-30 21:10:31,	,无售后或售后取消,136.89	,168.99	
趣白全自动洗面奶打泡机感应泡沫机绵密泡沫礼品新品懒人洗脸神器,260430-657645965662263,已收货,1	,2026-04-30 21:09:58,	,无售后或售后取消,135.2	,168.99	
趣白全自动洗面奶打泡机感应泡沫机绵密泡沫礼品新品懒人洗脸神器,260430-192099183013901,未发货，退款成功,1	,2026-04-30 21:04:25,	,退款成功,126.75	,168.99	
趣白全自动洗面奶打泡机感应泡沫机绵密泡沫礼品新品懒人洗脸神器,260430-033218926143646,已收货,1	,2026-04-30 20:55:11,	,无售后或售后取消,168.99	,168.99	
趣白全自动洗面奶打泡机感应泡沫机绵密泡沫礼品新品懒人洗脸神器,260430-176412506513826,已收货,1	,2026-04-30 20:27:55,	,无售后或售后取消,126.75	,168.99	
趣白全自动洗面奶打泡机感应泡沫机绵密泡沫礼品新品懒人洗脸神器,260430-398752530810995,已收货,1	,2026-04-30 20:21:37,	,无售后或售后取消,131.82	,168.99	
趣白全自动洗面奶打泡机感应泡沫机绵密泡沫礼品新品懒人洗脸神器,260430-428930537033585,已收货,1	,2026-04-30 20:19:40,	,无售后或售后取消,143.65	,168.99	
趣白全自动洗面奶打泡机感应泡沫机绵密泡沫礼品新品懒人洗脸神器,260430-460922612113458,已收货，退款成功,1	,2026-04-30 20:09:19,	,退款成功,143.65	,168.99	
趣白全自动洗面奶打泡机感应泡沫机绵密泡沫礼品新品懒人洗脸神器,260430-171568033330114,已发货，退款成功,1	,2026-04-30 20:01:32,	,退款成功,126.75	,168.99	
趣白全自动洗面奶打泡机感应泡沫机绵密泡沫礼品新品懒人洗脸神器,260430-508192418222314,已收货,1	,2026-04-30 20:01:42,	,无售后或售后取消,118.99	,168.99	
趣白全自动洗面奶打泡机感应泡沫机绵密泡沫礼品新品懒人洗脸神器,260430-017825861934078,已取消,1	,	,	,无售后或售后取消,168.99	,168.99	
趣白全自动洗面奶打泡机感应泡沫机绵密泡沫礼品新品懒人洗脸神器,260430-149149530542314,已取消,1	,	,	,无售后或售后取消,118.99	,168.99	
趣白全自动洗面奶打泡机感应泡沫机绵密泡沫礼品新品懒人洗脸神器,260430-362933174574078,已取消,1	,	,	,无售后或售后取消,168.99	,168.99	
趣白全自动洗面奶打泡机感应泡沫机绵密泡沫礼品新品懒人洗脸神器,260430-396246434121577,已收货,1	,2026-04-30 19:33:13,	,无售后或售后取消,148.72	,168.99	
趣白全自动洗面奶打泡机感应泡沫机绵密泡沫礼品新品懒人洗脸神器,260430-280724836750965,已收货,1	,2026-04-30 19:31:20,	,无售后或售后取消,135.2	,168.99	
趣白全自动洗面奶打泡机感应泡沫机绵密泡沫礼品新品懒人洗脸神器,260430-265226841743776,已收货，退款成功,1	,2026-04-30 19:05:49,	,退款成功,126.75	,168.99	
趣白全自动洗面奶打泡机感应泡沫机绵密泡沫礼品新品懒人洗脸神器,260430-485343967653303,已取消,1	,	,	,无售后或售后取消,152.1	,168.99	
趣白全自动洗面奶打泡机感应泡沫机绵密泡沫礼品新品懒人洗脸神器,260430-353328218460578,已收货,1	,2026-04-30 18:24:32,	,无售后或售后取消,118.99	,168.99	
趣白全自动洗面奶打泡机感应泡沫机绵密泡沫礼品新品懒人洗脸神器,260430-571662691932337,已收货，退款成功,1	,2026-04-30 18:08:33,	,退款成功,152.1	,168.99	
趣白全自动洗面奶打泡机感应泡沫机绵密泡沫礼品新品懒人洗脸神器,260430-613406512643175,已收货,1	,2026-04-30 17:07:19,	,无售后或售后取消,143.99	,168.99	
趣白全自动洗面奶打泡机感应泡沫机绵密泡沫礼品新品懒人洗脸神器,260430-527318434080384,已收货,1	,2026-04-30 17:06:48,	,无售后或售后取消,143.65	,168.99	
趣白全自动洗面奶打泡机感应泡沫机绵密泡沫礼品新品懒人洗脸神器,260430-373062418730221,已发货，退款成功,1	,2026-04-30 17:06:45,	,退款成功,168.99	,168.99	
趣白全自动洗面奶打泡机感应泡沫机绵密泡沫礼品新品懒人洗脸神器,260430-543718141542372,已收货,1	,2026-04-30 17:04:18,	,无售后或售后取消,145.34	,168.99	
趣白全自动洗面奶打泡机感应泡沫机绵密泡沫礼品新品懒人洗脸神器,260430-238467161732822,已收货,1	,2026-04-30 16:49:26,	,无售后或售后取消,119.99	,168.99	
趣白全自动洗面奶打泡机感应泡沫机绵密泡沫礼品新品懒人洗脸神器,260430-138841966101721,已收货，退款成功,1	,2026-04-30 16:39:56,	,退款成功,168.99	,168.99	
趣白全自动洗面奶打泡机感应泡沫机绵密泡沫礼品新品懒人洗脸神器,260430-231871639072402,已发货，退款成功,1	,2026-04-30 16:35:56,	,退款成功,119.99	,168.99	
趣白全自动洗面奶打泡机感应泡沫机绵密泡沫礼品新品懒人洗脸神器,260430-159614288294068,已收货,1	,2026-04-30 16:00:19,	,无售后或售后取消,133.99	,168.99	
趣白全自动洗面奶打泡机感应泡沫机绵密泡沫礼品新品懒人洗脸神器,260430-136293958063839,已收货,1	,2026-04-30 15:56:04,	,无售后或售后取消,136.89	,168.99	
趣白全自动洗面奶打泡机感应泡沫机绵密泡沫礼品新品懒人洗脸神器,260430-366257181002513,已发货，退款成功,1	,2026-04-30 15:46:50,	,退款成功,168.99	,168.99	
趣白全自动洗面奶打泡机感应泡沫机绵密泡沫礼品新品懒人洗脸神器,260430-364160029020329,已收货,1	,2026-04-30 15:45:35,	,无售后或售后取消,126.75	,168.99	
趣白全自动洗面奶打泡机感应泡沫机绵密泡沫礼品新品懒人洗脸神器,260430-173874900602671,已取消,1	,	,	,无售后或售后取消,135.2	,168.99	
趣白全自动洗面奶打泡机感应泡沫机绵密泡沫礼品新品懒人洗脸神器,260430-129950103862869,已收货,1	,2026-04-30 15:36:53,	,无售后或售后取消,145.34	,168.99	
趣白全自动洗面奶打泡机感应泡沫机绵密泡沫礼品新品懒人洗脸神器,260430-643699894712110,已取消,1	,	,	,无售后或售后取消,138.99	,168.99	
趣白全自动洗面奶打泡机感应泡沫机绵密泡沫礼品新品懒人洗脸神器,260430-345579241851966,已收货，退款成功,1	,2026-04-30 15:00:48,	,退款成功,136.89	,168.99	
趣白全自动洗面奶打泡机感应泡沫机绵密泡沫礼品新品懒人洗脸神器,260430-105591662923600,已收货,1	,2026-04-30 14:38:44,	,无售后或售后取消,147.03	,168.99	
趣白全自动洗面奶打泡机感应泡沫机绵密泡沫礼品新品懒人洗脸神器,260430-364422131280791,已发货，退款成功,1	,2026-04-30 14:26:13,	,退款成功,118.99	,168.99	
趣白全自动洗面奶打泡机感应泡沫机绵密泡沫礼品新品懒人洗脸神器,260430-020929615510557,已取消,1	,	,	,无售后或售后取消,118.3	,168.99	
趣白全自动洗面奶打泡机感应泡沫机绵密泡沫礼品新品懒人洗脸神器,260430-254971747903104,已收货,1	,2026-04-30 13:50:17,	,无售后或售后取消,135.2	,168.99	
趣白全自动洗面奶打泡机感应泡沫机绵密泡沫礼品新品懒人洗脸神器,260430-133567618573398,已收货,1	,2026-04-30 13:35:22,	,无售后或售后取消,143.65	,168.99	
趣白全自动洗面奶打泡机感应泡沫机绵密泡沫礼品新品懒人洗脸神器,260430-065986947490038,已发货，退款成功,1	,2026-04-30 13:30:16,	,退款成功,168.99	,168.99	
趣白全自动洗面奶打泡机感应泡沫机绵密泡沫礼品新品懒人洗脸神器,260430-481233518943365,已发货，退款成功,1	,2026-04-30 13:26:46,	,退款成功,168.99	,168.99	
趣白全自动洗面奶打泡机感应泡沫机绵密泡沫礼品新品懒人洗脸神器,260430-270889131581529,已收货,1	,2026-04-30 13:21:48,	,无售后或售后取消,118.3	,168.99	
趣白全自动洗面奶打泡机感应泡沫机绵密泡沫礼品新品懒人洗脸神器,260430-489947174492447,已收货,1	,2026-04-30 12:59:20,	,无售后或售后取消,165.99	,168.99	
趣白全自动洗面奶打泡机感应泡沫机绵密泡沫礼品新品懒人洗脸神器,260430-284919130510667,已发货，退款成功,1	,2026-04-30 12:58:03,	,退款成功,135.2	,168.99	
趣白全自动洗面奶打泡机感应泡沫机绵密泡沫礼品新品懒人洗脸神器,260430-638048038550896,已收货，退款成功,1	,2026-04-30 12:56:30,	,退款成功,152.1	,168.99	
趣白全自动洗面奶打泡机感应泡沫机绵密泡沫礼品新品懒人洗脸神器,260430-328130957641986,已取消,1	,	,	,无售后或售后取消,141.96	,168.99	
趣白全自动洗面奶打泡机感应泡沫机绵密泡沫礼品新品懒人洗脸神器,260430-625706309201937,已发货，退款成功,1	,2026-04-30 12:50:07,	,退款成功,119.99	,168.99	
趣白全自动洗面奶打泡机感应泡沫机绵密泡沫礼品新品懒人洗脸神器,260430-111914566061750,已取消,1	,	,	,无售后或售后取消,135.2	,168.99	
趣白全自动洗面奶打泡机感应泡沫机绵密泡沫礼品新品懒人洗脸神器,260430-633035855391318,已发货，退款成功,1	,2026-04-30 12:09:42,	,退款成功,168.99	,168.99	
趣白全自动洗面奶打泡机感应泡沫机绵密泡沫礼品新品懒人洗脸神器,260430-269064619543721,已发货，退款成功,1	,2026-04-30 12:03:47,	,退款成功,138.58	,168.99	
趣白全自动洗面奶打泡机感应泡沫机绵密泡沫礼品新品懒人洗脸神器,260430-308050737580127,已收货,1	,2026-04-30 11:57:08,	,无售后或售后取消,126.75	,168.99	
趣白全自动洗面奶打泡机感应泡沫机绵密泡沫礼品新品懒人洗脸神器,260430-652256253524095,已收货,1	,2026-04-30 11:45:00,	,无售后或售后取消,140.27	,168.99	
趣白全自动洗面奶打泡机感应泡沫机绵密泡沫礼品新品懒人洗脸神器,260430-482711979522020,已收货,1	,2026-04-30 11:47:38,	,无售后或售后取消,136.89	,168.99	
趣白全自动洗面奶打泡机感应泡沫机绵密泡沫礼品新品懒人洗脸神器,260430-476818972162265,已取消,1	,	,	,无售后或售后取消,128.44	,168.99	
趣白全自动洗面奶打泡机感应泡沫机绵密泡沫礼品新品懒人洗脸神器,260430-427923945761320,已收货,1	,2026-04-30 11:26:54,	,无售后或售后取消,135.2	,168.99	
趣白全自动洗面奶打泡机感应泡沫机绵密泡沫礼品新品懒人洗脸神器,260430-561764165971857,已取消,1	,	,	,无售后或售后取消,168.99	,168.99	
趣白全自动洗面奶打泡机感应泡沫机绵密泡沫礼品新品懒人洗脸神器,260430-068461565443815,已收货，退款成功,1	,2026-04-30 11:06:20,	,退款成功,152.1	,168.99	
趣白全自动洗面奶打泡机感应泡沫机绵密泡沫礼品新品懒人洗脸神器,260430-097223974433252,已收货，退款成功,1	,2026-04-30 11:00:07,	,退款成功,135.2	,168.99	
趣白全自动洗面奶打泡机感应泡沫机绵密泡沫礼品新品懒人洗脸神器,260430-312024798821181,已发货，退款成功,1	,2026-04-30 10:58:26,	,退款成功,152.1	,168.99	
趣白全自动洗面奶打泡机感应泡沫机绵密泡沫礼品新品懒人洗脸神器,260430-134521853442204,已收货,1	,2026-04-30 10:43:27,	,无售后或售后取消,126.75	,168.99	
趣白全自动洗面奶打泡机感应泡沫机绵密泡沫礼品新品懒人洗脸神器,260430-202522028472501,已收货,1	,2026-04-30 10:36:44,	,无售后或售后取消,152.1	,168.99	
趣白全自动洗面奶打泡机感应泡沫机绵密泡沫礼品新品懒人洗脸神器,260430-576580523521323,已收货,1	,2026-04-30 10:35:16,	,无售后或售后取消,140.27	,168.99	
趣白全自动洗面奶打泡机感应泡沫机绵密泡沫礼品新品懒人洗脸神器,260430-596094544281354,已收货，退款成功,1	,2026-04-30 10:33:10,	,退款成功,131.82	,168.99	
趣白全自动洗面奶打泡机感应泡沫机绵密泡沫礼品新品懒人洗脸神器,260430-448884969883826,已收货,1	,2026-04-30 10:33:28,	,无售后或售后取消,126.75	,168.99	
趣白全自动洗面奶打泡机感应泡沫机绵密泡沫礼品新品懒人洗脸神器,260430-635804065311657,已收货,1	,2026-04-30 10:31:17,	,无售后或售后取消,168.99	,168.99	
趣白全自动洗面奶打泡机感应泡沫机绵密泡沫礼品新品懒人洗脸神器,260430-488258956820210,已收货,1	,2026-04-30 10:26:29,	,无售后或售后取消,158.99	,168.99	
趣白全自动洗面奶打泡机感应泡沫机绵密泡沫礼品新品懒人洗脸神器,260430-238865620494089,已发货，退款成功,1	,2026-04-30 10:21:19,	,退款成功,135.2	,168.99	
趣白全自动洗面奶打泡机感应泡沫机绵密泡沫礼品新品懒人洗脸神器,260430-243720537751855,已收货,1	,2026-04-30 09:51:25,	,无售后或售后取消,141.96	,168.99	
趣白全自动洗面奶打泡机感应泡沫机绵密泡沫礼品新品懒人洗脸神器,260430-168653044011312,已收货,1	,2026-04-30 09:51:28,	,无售后或售后取消,138.99	,168.99	
趣白全自动洗面奶打泡机感应泡沫机绵密泡沫礼品新品懒人洗脸神器,260430-316124752160825,已取消,1	,	,	,无售后或售后取消,135.2	,168.99	
趣白全自动洗面奶打泡机感应泡沫机绵密泡沫礼品新品懒人洗脸神器,260430-330437783110266,已发货，退款成功,1	,2026-04-30 21:16:18,	,退款成功,135.2	,168.99	
趣白全自动洗面奶打泡机感应泡沫机绵密泡沫礼品新品懒人洗脸神器,260430-232207235490498,已收货,1	,2026-04-30 09:33:58,	,无售后或售后取消,135.2	,168.99	
趣白全自动洗面奶打泡机感应泡沫机绵密泡沫礼品新品懒人洗脸神器,260430-606800515360697,已发货，退款成功,1	,2026-04-30 09:30:41,	,退款成功,168.99	,168.99	
趣白全自动洗面奶打泡机感应泡沫机绵密泡沫礼品新品懒人洗脸神器,260430-290413627000191,已发货，退款成功,1	,2026-04-30 11:07:29,	,退款成功,135.2	,168.99	
趣白全自动洗面奶打泡机感应泡沫机绵密泡沫礼品新品懒人洗脸神器,260430-522285300032547,已收货,1	,2026-04-30 09:22:46,	,无售后或售后取消,119.99	,168.99	
趣白全自动洗面奶打泡机感应泡沫机绵密泡沫礼品新品懒人洗脸神器,260430-017458828912378,已收货,1	,2026-04-30 09:19:36,	,无售后或售后取消,143.65	,168.99	
趣白全自动洗面奶打泡机感应泡沫机绵密泡沫礼品新品懒人洗脸神器,260430-091771420960736,已收货,1	,2026-04-30 09:18:28,	,无售后或售后取消,138.58	,168.99	
趣白全自动洗面奶打泡机感应泡沫机绵密泡沫礼品新品懒人洗脸神器,260430-531198144001711,未发货，退款成功,1	,2026-04-30 09:17:16,	,退款成功,152.1	,168.99	
趣白全自动洗面奶打泡机感应泡沫机绵密泡沫礼品新品懒人洗脸神器,260430-602732040553816,已收货，退款成功,1	,2026-04-30 08:46:25,	,退款成功,143.65	,168.99	
趣白全自动洗面奶打泡机感应泡沫机绵密泡沫礼品新品懒人洗脸神器,260430-233077511720615,已收货，退款成功,1	,2026-04-30 08:46:06,	,退款成功,143.65	,168.99	
趣白全自动洗面奶打泡机感应泡沫机绵密泡沫礼品新品懒人洗脸神器,260430-675345938843463,已收货,1	,2026-04-30 08:33:53,	,无售后或售后取消,131.82	,168.99	
趣白全自动洗面奶打泡机感应泡沫机绵密泡沫礼品新品懒人洗脸神器,260430-494089091462365,已收货,1	,2026-04-30 08:31:50,	,无售后或售后取消,160.55	,168.99	
趣白全自动洗面奶打泡机感应泡沫机绵密泡沫礼品新品懒人洗脸神器,260430-131323738411755,已取消,1	,	,	,无售后或售后取消,145.34	,168.99	
趣白全自动洗面奶打泡机感应泡沫机绵密泡沫礼品新品懒人洗脸神器,260430-196555631000866,已收货,1	,2026-04-30 08:22:04,	,无售后或售后取消,148.72	,168.99	
趣白全自动洗面奶打泡机感应泡沫机绵密泡沫礼品新品懒人洗脸神器,260430-286754086424092,已收货,1	,2026-04-30 08:17:21,	,无售后或售后取消,126.75	,168.99	
趣白全自动洗面奶打泡机感应泡沫机绵密泡沫礼品新品懒人洗脸神器,260430-079754708480063,已收货，退款成功,1	,2026-04-30 08:17:07,	,退款成功,118.99	,168.99	
趣白全自动洗面奶打泡机感应泡沫机绵密泡沫礼品新品懒人洗脸神器,260430-634451464593610,已收货,1	,2026-05-01 00:38:59,	,无售后或售后取消,138.58	,168.99	
趣白全自动洗面奶打泡机感应泡沫机绵密泡沫礼品新品懒人洗脸神器,260430-603759603301958,已收货,1	,2026-04-30 08:08:54,	,无售后或售后取消,152.1	,168.99	
趣白全自动洗面奶打泡机感应泡沫机绵密泡沫礼品新品懒人洗脸神器,260430-048486162032359,未发货，退款成功,1	,2026-04-30 08:04:54,	,退款成功,133.51	,168.99	
趣白全自动洗面奶打泡机感应泡沫机绵密泡沫礼品新品懒人洗脸神器,260430-135329288582054,已取消,1	,	,	,无售后或售后取消,143.65	,168.99	
趣白全自动洗面奶打泡机感应泡沫机绵密泡沫礼品新品懒人洗脸神器,260430-483152371211678,未发货，退款成功,1	,2026-04-30 08:01:04,	,退款成功,168.99	,168.99	
趣白全自动洗面奶打泡机感应泡沫机绵密泡沫礼品新品懒人洗脸神器,260430-593116546632689,已收货,1	,2026-04-30 07:28:08,	,无售后或售后取消,141.96	,168.99	
趣白全自动洗面奶打泡机感应泡沫机绵密泡沫礼品新品懒人洗脸神器,260430-278585751992645,已收货,1	,2026-04-30 07:22:49,	,无售后或售后取消,126.75	,168.99	
趣白全自动洗面奶打泡机感应泡沫机绵密泡沫礼品新品懒人洗脸神器,260430-606580252253118,已收货,1	,2026-04-30 07:22:25,	,无售后或售后取消,135.2	,168.99	
趣白全自动洗面奶打泡机感应泡沫机绵密泡沫礼品新品懒人洗脸神器,260430-550156387952278,未发货，退款成功,1	,2026-04-30 07:17:37,	,退款成功,145.34	,168.99	
趣白全自动洗面奶打泡机感应泡沫机绵密泡沫礼品新品懒人洗脸神器,260430-009353347393131,已收货,1	,2026-04-30 07:10:29,	,无售后或售后取消,141.96	,168.99	
趣白全自动洗面奶打泡机感应泡沫机绵密泡沫礼品新品懒人洗脸神器,260430-559866191440116,已收货,1	,2026-04-30 07:10:26,	,无售后或售后取消,128.99	,168.99	
趣白全自动洗面奶打泡机感应泡沫机绵密泡沫礼品新品懒人洗脸神器,260430-649949376123605,已收货,1	,2026-04-30 07:13:16,	,无售后或售后取消,131.82	,168.99	
趣白全自动洗面奶打泡机感应泡沫机绵密泡沫礼品新品懒人洗脸神器,260430-034760322572613,已收货,1	,2026-04-30 07:08:16,	,无售后或售后取消,118.99	,168.99	
趣白全自动洗面奶打泡机感应泡沫机绵密泡沫礼品新品懒人洗脸神器,260430-114735193641149,已收货,1	,2026-04-30 07:06:52,延迟发货10天，中间如果客户有提再发货,无售后或售后取消,126.75	,168.99	
趣白全自动洗面奶打泡机感应泡沫机绵密泡沫礼品新品懒人洗脸神器,260430-218030487993472,已收货，退款成功,1	,2026-04-30 07:00:36,	,退款成功,135.2	,168.99	
趣白全自动洗面奶打泡机感应泡沫机绵密泡沫礼品新品懒人洗脸神器,260430-059443811870838,已收货，退款成功,1	,2026-04-30 06:41:21,	,退款成功,147.03	,168.99	
趣白全自动洗面奶打泡机感应泡沫机绵密泡沫礼品新品懒人洗脸神器,260430-320570714492704,已收货,1	,2026-04-30 06:39:40,	,无售后或售后取消,140.27	,168.99	
趣白全自动洗面奶打泡机感应泡沫机绵密泡沫礼品新品懒人洗脸神器,260430-139806708120367,已收货,1	,2026-04-30 06:14:20,	,无售后或售后取消,168.99	,168.99	
趣白全自动洗面奶打泡机感应泡沫机绵密泡沫礼品新品懒人洗脸神器,260430-191102983732630,已收货,1	,2026-04-30 06:10:04,	,无售后或售后取消,168.99	,168.99	
趣白全自动洗面奶打泡机感应泡沫机绵密泡沫礼品新品懒人洗脸神器,260430-593336747583410,已取消,1	,	,	,无售后或售后取消,147.03	,168.99	
趣白全自动洗面奶打泡机感应泡沫机绵密泡沫礼品新品懒人洗脸神器,260430-105822349711899,已收货,1	,2026-04-30 04:44:08,	,无售后或售后取消,168.99	,168.99	
趣白全自动洗面奶打泡机感应泡沫机绵密泡沫礼品新品懒人洗脸神器,260430-215304117784092,未发货，退款成功,1	,2026-04-30 04:22:59,	,退款成功,168.99	,168.99	
趣白全自动洗面奶打泡机感应泡沫机绵密泡沫礼品新品懒人洗脸神器,260430-472781996433610,已取消,1	,	,	,无售后或售后取消,145.34	,168.99	
趣白全自动洗面奶打泡机感应泡沫机绵密泡沫礼品新品懒人洗脸神器,260430-327239657763325,已收货,1	,2026-04-30 03:12:46,	,无售后或售后取消,143.65	,168.99	
趣白全自动洗面奶打泡机感应泡沫机绵密泡沫礼品新品懒人洗脸神器,260430-439699454310664,已发货，退款成功,1	,2026-04-30 02:44:50,	,退款成功,135.2	,168.99	
趣白全自动洗面奶打泡机感应泡沫机绵密泡沫礼品新品懒人洗脸神器,260430-038608617781911,已收货,1	,2026-04-30 02:42:46,	,无售后或售后取消,135.2	,168.99	
趣白全自动洗面奶打泡机感应泡沫机绵密泡沫礼品新品懒人洗脸神器,260430-373303580282701,已收货,1	,2026-04-30 02:30:57,	,无售后或售后取消,152.1	,168.99	
趣白全自动洗面奶打泡机感应泡沫机绵密泡沫礼品新品懒人洗脸神器,260430-397284513343045,已收货,1	,2026-04-30 01:50:05,	,无售后或售后取消,131.82	,168.99	
趣白全自动洗面奶打泡机感应泡沫机绵密泡沫礼品新品懒人洗脸神器,260430-580596590940997,已收货,1	,2026-04-30 01:45:40,	,无售后或售后取消,141.96	,168.99	
趣白全自动洗面奶打泡机感应泡沫机绵密泡沫礼品新品懒人洗脸神器,260430-000555825480903,已发货，退款成功,1	,2026-04-30 01:37:01,	,退款成功,143.65	,168.99	
趣白全自动洗面奶打泡机感应泡沫机绵密泡沫礼品新品懒人洗脸神器,260430-087010864711670,已收货,1	,2026-04-30 01:10:01,	,无售后或售后取消,153.99	,168.99	
趣白全自动洗面奶打泡机感应泡沫机绵密泡沫礼品新品懒人洗脸神器,260430-212032633161533,已收货,1	,2026-04-30 01:08:04,	,无售后或售后取消,168.99	,168.99	
趣白全自动洗面奶打泡机感应泡沫机绵密泡沫礼品新品懒人洗脸神器,260430-049178242623887,已发货，退款成功,1	,2026-04-30 00:48:01,	,退款成功,143.65	,168.99	
趣白全自动洗面奶打泡机感应泡沫机绵密泡沫礼品新品懒人洗脸神器,260430-600624382382964,已收货,1	,2026-04-30 00:45:14,	,无售后或售后取消,168.99	,168.99	
趣白全自动洗面奶打泡机感应泡沫机绵密泡沫礼品新品懒人洗脸神器,260430-088122355232273,已收货,1	,2026-04-30 00:36:44,	,无售后或售后取消,168.99	,168.99	
趣白全自动洗面奶打泡机感应泡沫机绵密泡沫礼品新品懒人洗脸神器,260430-168862707241323,已收货,1	,2026-04-30 00:33:54,	,无售后或售后取消,143.65	,168.99	
趣白全自动洗面奶打泡机感应泡沫机绵密泡沫礼品新品懒人洗脸神器,260430-357532997183816,未发货，退款成功,1	,2026-04-30 00:02:56,	,退款成功,168.99	,168.99	
趣白全自动洗面奶打泡机感应泡沫机绵密泡沫礼品新品懒人洗脸神器,260429-358618252824092,未发货，退款成功,1	,2026-04-29 23:47:46,	,退款成功,138.99	,168.99	
趣白全自动洗面奶打泡机感应泡沫机绵密泡沫礼品新品懒人洗脸神器,260429-439316703653012,已收货,1	,2026-04-29 23:25:10,	,无售后或售后取消,135.2	,168.99	
趣白全自动洗面奶打泡机感应泡沫机绵密泡沫礼品新品懒人洗脸神器,260429-005814413751625,已收货,1	,2026-04-29 23:22:26,	,无售后或售后取消,163.39	,168.99	
趣白全自动洗面奶打泡机感应泡沫机绵密泡沫礼品新品懒人洗脸神器,260429-680389579132890,已发货，退款成功,1	,2026-04-29 23:08:34,	,退款成功,160.55	,168.99	
趣白全自动洗面奶打泡机感应泡沫机绵密泡沫礼品新品懒人洗脸神器,260429-282963494532577,已发货，退款成功,1	,2026-04-29 22:59:57,	,退款成功,168.99	,168.99	
趣白全自动洗面奶打泡机感应泡沫机绵密泡沫礼品新品懒人洗脸神器,260429-522096525632757,已收货,1	,2026-04-29 22:59:51,	,无售后或售后取消,119.99	,168.99	
趣白全自动洗面奶打泡机感应泡沫机绵密泡沫礼品新品懒人洗脸神器,260429-537882795670741,已收货,1	,2026-04-29 22:43:04,	,无售后或售后取消,135.2	,168.99	
趣白全自动洗面奶打泡机感应泡沫机绵密泡沫礼品新品懒人洗脸神器,260429-343875294873071,已收货,1	,2026-04-29 22:38:55,	,无售后或售后取消,160.99	,168.99	
趣白全自动洗面奶打泡机感应泡沫机绵密泡沫礼品新品懒人洗脸神器,260429-096579152273990,已收货,1	,2026-04-29 22:18:40,	,无售后或售后取消,126.75	,168.99	
趣白全自动洗面奶打泡机感应泡沫机绵密泡沫礼品新品懒人洗脸神器,260429-009903870352950,已取消,1	,	,	,无售后或售后取消,135.2	,168.99	
趣白全自动洗面奶打泡机感应泡沫机绵密泡沫礼品新品懒人洗脸神器,260429-070731732542349,已收货,1	,2026-04-29 22:04:13,	,无售后或售后取消,152.1	,168.99	
趣白全自动洗面奶打泡机感应泡沫机绵密泡沫礼品新品懒人洗脸神器,260429-450746192203721,已收货,1	,2026-04-29 22:00:48,	,无售后或售后取消,130.13	,168.99	
趣白全自动洗面奶打泡机感应泡沫机绵密泡沫礼品新品懒人洗脸神器,260429-545610842472049,已收货,1	,2026-04-29 21:55:34,	,无售后或售后取消,135.2	,168.99	
趣白全自动洗面奶打泡机感应泡沫机绵密泡沫礼品新品懒人洗脸神器,260429-658689257083799,已收货,1	,2026-04-29 21:34:35,	,无售后或售后取消,136.89	,168.99	
趣白全自动洗面奶打泡机感应泡沫机绵密泡沫礼品新品懒人洗脸神器,260429-581949274552194,已收货,1	,2026-04-29 21:39:04,	,无售后或售后取消,135.2	,168.99	
趣白全自动洗面奶打泡机感应泡沫机绵密泡沫礼品新品懒人洗脸神器,260429-623766475083600,已发货，退款成功,1	,2026-04-29 21:31:06,	,退款成功,160.55	,168.99	
趣白全自动洗面奶打泡机感应泡沫机绵密泡沫礼品新品懒人洗脸神器,260429-435227205253876,已取消,1	,	,	,无售后或售后取消,168.99	,168.99	
趣白全自动洗面奶打泡机感应泡沫机绵密泡沫礼品新品懒人洗脸神器,260429-155718817341754,已取消,1	,	,	,无售后或售后取消,145.34	,168.99	
趣白全自动洗面奶打泡机感应泡沫机绵密泡沫礼品新品懒人洗脸神器,260429-571442532650699,已取消,1	,	,	,无售后或售后取消,130.13	,168.99	
趣白全自动洗面奶打泡机感应泡沫机绵密泡沫礼品新品懒人洗脸神器,260429-638121418280947,已收货，退款成功,1	,2026-04-29 20:45:56,	,退款成功,138.99	,168.99	
趣白全自动洗面奶打泡机感应泡沫机绵密泡沫礼品新品懒人洗脸神器,260429-111987976480307,已收货，退款成功,1	,2026-04-29 20:44:24,	,退款成功,136.89	,168.99	
趣白全自动洗面奶打泡机感应泡沫机绵密泡沫礼品新品懒人洗脸神器,260429-641372066132099,已收货,1	,2026-04-29 20:36:23,	,无售后或售后取消,68.99	,168.99	
趣白全自动洗面奶打泡机感应泡沫机绵密泡沫礼品新品懒人洗脸神器,260429-541149161793386,已收货,1	,2026-04-30 19:27:09,	,无售后或售后取消,126.75	,168.99	
趣白全自动洗面奶打泡机感应泡沫机绵密泡沫礼品新品懒人洗脸神器,260429-101607094630168,未发货，退款成功,1	,2026-04-29 20:20:35,	,退款成功,152.1	,168.99	
趣白全自动洗面奶打泡机感应泡沫机绵密泡沫礼品新品懒人洗脸神器,260429-558115069553990,已发货，退款成功,1	,2026-04-29 20:18:39,	,退款成功,143.65	,168.99	
趣白全自动洗面奶打泡机感应泡沫机绵密泡沫礼品新品懒人洗脸神器,260429-232741967442095,已收货,1	,2026-04-29 20:16:24,	,无售后或售后取消,168.99	,168.99	
趣白全自动洗面奶打泡机感应泡沫机绵密泡沫礼品新品懒人洗脸神器,260429-589761145171552,已收货,1	,2026-04-29 20:16:54,	,无售后或售后取消,168.99	,168.99	
趣白全自动洗面奶打泡机感应泡沫机绵密泡沫礼品新品懒人洗脸神器,260429-476514895450402,已收货,1	,2026-04-29 19:53:40,	,无售后或售后取消,114.92	,168.99	
趣白全自动洗面奶打泡机感应泡沫机绵密泡沫礼品新品懒人洗脸神器,260429-610197870181764,已发货，退款成功,1	,2026-04-29 19:46:04,	,退款成功,136.89	,168.99	
趣白全自动洗面奶打泡机感应泡沫机绵密泡沫礼品新品懒人洗脸神器,260429-011177879911312,已收货,1	,2026-04-29 19:37:36,	,无售后或售后取消,164.03	,168.99	
趣白全自动洗面奶打泡机感应泡沫机绵密泡沫礼品新品懒人洗脸神器,260429-188670339372052,已收货,1	,2026-04-29 19:28:03,	,无售后或售后取消,168.99	,168.99	
趣白全自动洗面奶打泡机感应泡沫机绵密泡沫礼品新品懒人洗脸神器,260429-347382761113932,已收货,1	,2026-04-29 19:18:49,	,无售后或售后取消,135.2	,168.99	
趣白全自动洗面奶打泡机感应泡沫机绵密泡沫礼品新品懒人洗脸神器,260429-451642704280869,已收货,1	,2026-04-29 19:14:52,	,无售后或售后取消,143.65	,168.99	
趣白全自动洗面奶打泡机感应泡沫机绵密泡沫礼品新品懒人洗脸神器,260429-012362749543062,已收货,1	,2026-04-29 19:06:56,	,无售后或售后取消,152.1	,168.99	
趣白全自动洗面奶打泡机感应泡沫机绵密泡沫礼品新品懒人洗脸神器,260429-293695680090425,已收货,1	,2026-04-29 18:44:16,	,无售后或售后取消,135.2	,168.99	
趣白全自动洗面奶打泡机感应泡沫机绵密泡沫礼品新品懒人洗脸神器,260429-043841042831979,已取消,1	,	,	,无售后或售后取消,138.99	,168.99	
趣白全自动洗面奶打泡机感应泡沫机绵密泡沫礼品新品懒人洗脸神器,260429-565360760463926,已发货，退款成功,1	,2026-04-29 17:59:56,	,退款成功,132.07	,168.99	
趣白全自动洗面奶打泡机感应泡沫机绵密泡沫礼品新品懒人洗脸神器,260429-589551378041078,已取消,1	,	,	,无售后或售后取消,168.99	,168.99	
趣白全自动洗面奶打泡机感应泡沫机绵密泡沫礼品新品懒人洗脸神器,260429-436941678972010,已收货,1	,2026-04-29 17:41:49,	,无售后或售后取消,143.65	,168.99	
趣白全自动洗面奶打泡机感应泡沫机绵密泡沫礼品新品懒人洗脸神器,260429-427347177003412,已收货,1	,2026-04-29 17:15:59,	,无售后或售后取消,148.99	,168.99	
趣白全自动洗面奶打泡机感应泡沫机绵密泡沫礼品新品懒人洗脸神器,260429-198411558440613,未发货，退款成功,1	,2026-04-29 16:59:34,	,退款成功,145.34	,168.99	
趣白全自动洗面奶打泡机感应泡沫机绵密泡沫礼品新品懒人洗脸神器,260429-080981562990466,已发货，退款成功,1	,2026-04-29 16:58:18,	,退款成功,160.55	,168.99	
趣白全自动洗面奶打泡机感应泡沫机绵密泡沫礼品新品懒人洗脸神器,260429-456633884252424,已收货,1	,2026-04-29 16:41:05,	,无售后或售后取消,168.99	,168.99	
趣白全自动洗面奶打泡机感应泡沫机绵密泡沫礼品新品懒人洗脸神器,260429-246813888920488,已发货，退款成功,1	,2026-04-29 16:33:22,	,退款成功,152.1	,168.99	
趣白全自动洗面奶打泡机感应泡沫机绵密泡沫礼品新品懒人洗脸神器,260429-225391439391582,已收货,1	,2026-04-29 16:32:59,	,无售后或售后取消,168.99	,168.99	
趣白全自动洗面奶打泡机感应泡沫机绵密泡沫礼品新品懒人洗脸神器,260429-555262953040733,已收货,1	,2026-04-29 16:28:09,	,无售后或售后取消,141.96	,168.99	
趣白全自动洗面奶打泡机感应泡沫机绵密泡沫礼品新品懒人洗脸神器,260429-553270658582281,已收货,1	,2026-04-29 16:21:14,	,无售后或售后取消,126.75	,168.99	
趣白全自动洗面奶打泡机感应泡沫机绵密泡沫礼品新品懒人洗脸神器,260429-023886589521385,已收货，退款成功,1	,2026-04-29 16:19:02,	,退款成功,133.51	,168.99	
趣白全自动洗面奶打泡机感应泡沫机绵密泡沫礼品新品懒人洗脸神器,260429-264880791074047,已收货，退款成功,1	,2026-04-30 13:21:28,	,退款成功,133.51	,168.99	
趣白全自动洗面奶打泡机感应泡沫机绵密泡沫礼品新品懒人洗脸神器,260429-516329357693582,已收货,1	,2026-04-29 16:12:26,	,无售后或售后取消,168.99	,168.99	
趣白全自动洗面奶打泡机感应泡沫机绵密泡沫礼品新品懒人洗脸神器,260429-233664725281868,已收货,1	,2026-04-29 15:59:26,	,无售后或售后取消,168.99	,168.99	
趣白全自动洗面奶打泡机感应泡沫机绵密泡沫礼品新品懒人洗脸神器,260429-538244564631070,已收货,1	,2026-04-29 15:57:29,	,无售后或售后取消,126.75	,168.99	
趣白全自动洗面奶打泡机感应泡沫机绵密泡沫礼品新品懒人洗脸神器,260429-479492851243188,已收货,1	,2026-04-29 15:55:31,	,无售后或售后取消,135.2	,168.99	
趣白全自动洗面奶打泡机感应泡沫机绵密泡沫礼品新品懒人洗脸神器,260429-029465055622048,已发货，退款成功,1	,2026-04-29 15:55:27,	,退款成功,135.2	,168.99	
趣白全自动洗面奶打泡机感应泡沫机绵密泡沫礼品新品懒人洗脸神器,260429-298603005521097,已收货，退款成功,1	,2026-04-29 15:53:17,	,退款成功,145.34	,168.99	
趣白全自动洗面奶打泡机感应泡沫机绵密泡沫礼品新品懒人洗脸神器,260429-188586473832527,已收货,1	,2026-04-29 15:51:17,	,无售后或售后取消,168.99	,168.99	
趣白全自动洗面奶打泡机感应泡沫机绵密泡沫礼品新品懒人洗脸神器,260429-040569485702636,已取消,1	,	,	,无售后或售后取消,126.75	,168.99	
趣白全自动洗面奶打泡机感应泡沫机绵密泡沫礼品新品懒人洗脸神器,260429-495735283264093,未发货，退款成功,1	,2026-04-29 15:49:01,	,退款成功,135.2	,168.99	
趣白全自动洗面奶打泡机感应泡沫机绵密泡沫礼品新品懒人洗脸神器,260429-194374603150956,已收货,1	,2026-04-29 15:48:23,	,无售后或售后取消,168.99	,168.99	
趣白全自动洗面奶打泡机感应泡沫机绵密泡沫礼品新品懒人洗脸神器,260429-093113566801183,已发货，退款成功,1	,2026-04-29 15:34:41,	,退款成功,168.99	,168.99	
趣白全自动洗面奶打泡机感应泡沫机绵密泡沫礼品新品懒人洗脸神器,260429-245345862024043,已收货，退款成功,1	,2026-04-29 15:32:41,	,退款成功,168.99	,168.99	
趣白全自动洗面奶打泡机感应泡沫机绵密泡沫礼品新品懒人洗脸神器,260429-426246161982690,已收货,1	,2026-04-29 15:25:40,	,无售后或售后取消,136.89	,168.99	
趣白全自动洗面奶打泡机感应泡沫机绵密泡沫礼品新品懒人洗脸神器,260429-670249807390438,已收货,1	,2026-04-29 15:13:54,	,无售后或售后取消,135.2	,168.99	
趣白全自动洗面奶打泡机感应泡沫机绵密泡沫礼品新品懒人洗脸神器,260429-575773109763513,已收货,1	,2026-04-29 15:13:05,	,无售后或售后取消,168.99	,168.99	
趣白全自动洗面奶打泡机感应泡沫机绵密泡沫礼品新品懒人洗脸神器,260429-538296993410666,已收货,1	,2026-04-29 15:12:32,	,无售后或售后取消,168.99	,168.99	
趣白全自动洗面奶打泡机感应泡沫机绵密泡沫礼品新品懒人洗脸神器,260429-370556280462703,已收货,1	,2026-04-29 15:07:48,	,无售后或售后取消,140.27	,168.99	
趣白全自动洗面奶打泡机感应泡沫机绵密泡沫礼品新品懒人洗脸神器,260429-170970355200327,已发货，退款成功,1	,2026-04-29 14:58:36,	,退款成功,135.2	,168.99	
趣白全自动洗面奶打泡机感应泡沫机绵密泡沫礼品新品懒人洗脸神器,260429-306561687074047,已取消,1	,	,	,无售后或售后取消,140.27	,168.99	
趣白全自动洗面奶打泡机感应泡沫机绵密泡沫礼品新品懒人洗脸神器,260429-640606595401566,已发货，退款成功,1	,2026-04-29 14:51:07,	,退款成功,168.24	,168.99	
趣白全自动洗面奶打泡机感应泡沫机绵密泡沫礼品新品懒人洗脸神器,260429-276257892653823,已收货,1	,2026-04-29 14:46:33,	,无售后或售后取消,135.2	,168.99	
趣白全自动洗面奶打泡机感应泡沫机绵密泡沫礼品新品懒人洗脸神器,260429-215042015550553,已收货，退款成功,1	,2026-04-29 14:46:30,	,退款成功,141.96	,168.99	
趣白全自动洗面奶打泡机感应泡沫机绵密泡沫礼品新品懒人洗脸神器,260429-435882595973702,已收货,1	,2026-04-29 14:39:04,	,无售后或售后取消,135.2	,168.99	
趣白全自动洗面奶打泡机感应泡沫机绵密泡沫礼品新品懒人洗脸神器,260429-046787468870736,已收货,1	,2026-04-29 14:35:50,	,无售后或售后取消,168.99	,168.99	
趣白全自动洗面奶打泡机感应泡沫机绵密泡沫礼品新品懒人洗脸神器,260429-036133957142306,已收货，退款成功,1	,2026-04-29 14:35:06,	,退款成功,168.99	,168.99	
趣白全自动洗面奶打泡机感应泡沫机绵密泡沫礼品新品懒人洗脸神器,260429-331245238631603,已收货,1	,2026-04-29 14:26:25,	,无售后或售后取消,152.1	,168.99	
趣白全自动洗面奶打泡机感应泡沫机绵密泡沫礼品新品懒人洗脸神器,260429-609600223533450,未发货，退款成功,1	,2026-04-29 14:23:20,	,退款成功,155.59	,168.99	
趣白全自动洗面奶打泡机感应泡沫机绵密泡沫礼品新品懒人洗脸神器,260429-137803865653648,已取消,1	,	,	,无售后或售后取消,168.99	,168.99	
趣白全自动洗面奶打泡机感应泡沫机绵密泡沫礼品新品懒人洗脸神器,260429-072729259582414,已发货，退款成功,1	,2026-04-29 13:56:05,	,退款成功,143.65	,168.99	
趣白全自动洗面奶打泡机感应泡沫机绵密泡沫礼品新品懒人洗脸神器,260429-528754972262800,已收货,1	,2026-04-29 13:55:21,	,无售后或售后取消,135.2	,168.99	
趣白全自动洗面奶打泡机感应泡沫机绵密泡沫礼品新品懒人洗脸神器,260429-024620634532314,已收货,1	,2026-04-29 13:50:54,	,无售后或售后取消,168.99	,168.99	
趣白全自动洗面奶打泡机感应泡沫机绵密泡沫礼品新品懒人洗脸神器,260429-273489641840685,已收货，退款成功,1	,2026-04-29 13:46:21,	,退款成功,168.99	,168.99	
趣白全自动洗面奶打泡机感应泡沫机绵密泡沫礼品新品懒人洗脸神器,260429-115563610543178,已收货,1	,2026-04-29 13:44:14,	,无售后或售后取消,168.99	,168.99	
趣白全自动洗面奶打泡机感应泡沫机绵密泡沫礼品新品懒人洗脸神器,260429-664105173401748,已取消,1	,	,	,无售后或售后取消,168.99	,168.99	
趣白全自动洗面奶打泡机感应泡沫机绵密泡沫礼品新品懒人洗脸神器,260429-070002962053105,未发货，退款成功,1	,2026-04-29 13:43:21,	,退款成功,160.55	,168.99	
趣白全自动洗面奶打泡机感应泡沫机绵密泡沫礼品新品懒人洗脸神器,260429-123690053141494,已取消,1	,	,	,无售后或售后取消,168.99	,168.99	
趣白全自动洗面奶打泡机感应泡沫机绵密泡沫礼品新品懒人洗脸神器,260429-291472688674047,已取消,1	,	,	,无售后或售后取消,145.34	,168.99	
趣白全自动洗面奶打泡机感应泡沫机绵密泡沫礼品新品懒人洗脸神器,260429-327868793172220,已收货,1	,2026-04-29 13:40:07,	,无售后或售后取消,168.99	,168.99	
趣白全自动洗面奶打泡机感应泡沫机绵密泡沫礼品新品懒人洗脸神器,260429-250714529281130,已收货,1	,2026-04-29 13:37:27,	,无售后或售后取消,135.2	,168.99	
趣白全自动洗面奶打泡机感应泡沫机绵密泡沫礼品新品懒人洗脸神器,260429-674024722730699,未发货，退款成功,1	,2026-04-29 13:24:10,	,退款成功,145.34	,168.99	
趣白全自动洗面奶打泡机感应泡沫机绵密泡沫礼品新品懒人洗脸神器,260429-310137403743542,已收货,1	,2026-04-29 13:19:45,	,无售后或售后取消,136.89	,168.99	
趣白全自动洗面奶打泡机感应泡沫机绵密泡沫礼品新品懒人洗脸神器,260429-355320471090244,已收货，退款成功,1	,2026-04-29 13:08:40,	,退款成功,160.55	,168.99	
趣白全自动洗面奶打泡机感应泡沫机绵密泡沫礼品新品懒人洗脸神器,260429-154780363180746,已收货,1	,2026-04-29 13:04:26,	,无售后或售后取消,126.75	,168.99	
趣白全自动洗面奶打泡机感应泡沫机绵密泡沫礼品新品懒人洗脸神器,260429-523480624653284,已取消,1	,	,	,无售后或售后取消,135.2	,168.99	
趣白全自动洗面奶打泡机感应泡沫机绵密泡沫礼品新品懒人洗脸神器,260429-053309642281080,已收货,1	,2026-04-29 13:01:37,	,无售后或售后取消,136.89	,168.99	
趣白全自动洗面奶打泡机感应泡沫机绵密泡沫礼品新品懒人洗脸神器,260429-480667287942645,已收货,1	,2026-04-29 12:43:51,	,无售后或售后取消,152.1	,168.99	
趣白全自动洗面奶打泡机感应泡沫机绵密泡沫礼品新品懒人洗脸神器,260429-110645809542645,已取消,1	,	,	,无售后或售后取消,168.99	,168.99	
趣白全自动洗面奶打泡机感应泡沫机绵密泡沫礼品新品懒人洗脸神器,260429-181540001293525,已收货,1	,2026-04-29 12:19:31,	,无售后或售后取消,135.2	,168.99	
趣白全自动洗面奶打泡机感应泡沫机绵密泡沫礼品新品懒人洗脸神器,260429-419199762802523,已收货,1	,2026-04-29 12:12:09,	,无售后或售后取消,136.89	,168.99	
趣白全自动洗面奶打泡机感应泡沫机绵密泡沫礼品新品懒人洗脸神器,260429-382950500761778,已取消,1	,	,	,无售后或售后取消,168.99	,168.99	
趣白全自动洗面奶打泡机感应泡沫机绵密泡沫礼品新品懒人洗脸神器,260429-196262008410586,已收货，退款成功,1	,2026-04-29 11:33:09,	,退款成功,126.75	,168.99	
趣白全自动洗面奶打泡机感应泡沫机绵密泡沫礼品新品懒人洗脸神器,260429-168736930202757,已取消,1	,	,	,无售后或售后取消,147.03	,168.99	
趣白全自动洗面奶打泡机感应泡沫机绵密泡沫礼品新品懒人洗脸神器,260429-087294011701818,已收货,1	,2026-04-29 11:24:48,	,无售后或售后取消,168.99	,168.99	
趣白全自动洗面奶打泡机感应泡沫机绵密泡沫礼品新品懒人洗脸神器,260429-190201208382921,已收货，退款成功,1	,2026-04-29 11:16:46,	,退款成功,168.99	,168.99	
趣白全自动洗面奶打泡机感应泡沫机绵密泡沫礼品新品懒人洗脸神器,260429-395711628814078,已取消,1	,	,	,无售后或售后取消,135.2	,168.99	
趣白全自动洗面奶打泡机感应泡沫机绵密泡沫礼品新品懒人洗脸神器,260429-650033283473307,已收货，退款成功,1	,2026-04-29 11:12:36,	,退款成功,145.34	,168.99	
趣白全自动洗面奶打泡机感应泡沫机绵密泡沫礼品新品懒人洗脸神器,260429-368490606122945,已收货,1	,2026-04-29 11:12:27,	,无售后或售后取消,131.82	,168.99	
趣白全自动洗面奶打泡机感应泡沫机绵密泡沫礼品新品懒人洗脸神器,260429-380958154290761,已收货,1	,2026-04-29 11:04:54,	,无售后或售后取消,135.2	,168.99	
趣白全自动洗面奶打泡机感应泡沫机绵密泡沫礼品新品懒人洗脸神器,260429-459800635752029,已发货，退款成功,1	,2026-04-29 11:02:30,	,退款成功,160.55	,168.99	
趣白全自动洗面奶打泡机感应泡沫机绵密泡沫礼品新品懒人洗脸神器,260429-552515725663591,已收货,1	,2026-04-29 10:59:25,	,无售后或售后取消,135.2	,168.99	
趣白全自动洗面奶打泡机感应泡沫机绵密泡沫礼品新品懒人洗脸神器,260429-016410252871117,已取消,1	,	,	,无售后或售后取消,143.65	,168.99	
趣白全自动洗面奶打泡机感应泡沫机绵密泡沫礼品新品懒人洗脸神器,260429-072435700030086,已收货,1	,2026-04-29 10:37:32,顾客反应充一次电只用十多次就没电了,售后处理中,138.58	,168.99	
趣白全自动洗面奶打泡机感应泡沫机绵密泡沫礼品新品懒人洗脸神器,260429-611739246122287,已收货,1	,2026-04-29 10:33:47,	,无售后或售后取消,135.2	,168.99	
趣白全自动洗面奶打泡机感应泡沫机绵密泡沫礼品新品懒人洗脸神器,260429-137814371872647,已收货,1	,2026-04-29 10:32:26,	,无售后或售后取消,147.03	,168.99	
趣白全自动洗面奶打泡机感应泡沫机绵密泡沫礼品新品懒人洗脸神器,260429-029318244783553,已发货，退款成功,1	,2026-04-29 10:29:09,	,退款成功,168.99	,168.99	
趣白全自动洗面奶打泡机感应泡沫机绵密泡沫礼品新品懒人洗脸神器,260429-105287554694048,已收货,1	,2026-04-29 10:27:27,	,无售后或售后取消,130.13	,168.99	
趣白全自动洗面奶打泡机感应泡沫机绵密泡沫礼品新品懒人洗脸神器,260429-442268403200970,已发货，退款成功,1	,2026-04-29 10:12:22,	,退款成功,160.93	,168.99	
趣白全自动洗面奶打泡机感应泡沫机绵密泡沫礼品新品懒人洗脸神器,260429-031583137391033,未发货，退款成功,1	,2026-04-29 10:11:26,	,退款成功,153.29	,168.99	
趣白全自动洗面奶打泡机感应泡沫机绵密泡沫礼品新品懒人洗脸神器,260429-239127806331323,已收货,1	,2026-04-29 10:10:04,	,无售后或售后取消,143.65	,168.99	
趣白全自动洗面奶打泡机感应泡沫机绵密泡沫礼品新品懒人洗脸神器,260429-638404564511806,已收货,1	,2026-04-29 10:07:59,	,无售后或售后取消,135.2	,168.99	
趣白全自动洗面奶打泡机感应泡沫机绵密泡沫礼品新品懒人洗脸神器,260429-420195910013173,已收货,1	,2026-04-29 09:57:50,	,无售后或售后取消,133.51	,168.99	
趣白全自动洗面奶打泡机感应泡沫机绵密泡沫礼品新品懒人洗脸神器,260429-065064190352426,已收货,1	,2026-04-29 09:52:28,	,无售后或售后取消,152.1	,168.99	
趣白全自动洗面奶打泡机感应泡沫机绵密泡沫礼品新品懒人洗脸神器,260429-314069511690646,已发货，退款成功,1	,2026-04-29 09:48:14,	,退款成功,145.34	,168.99	
趣白全自动洗面奶打泡机感应泡沫机绵密泡沫礼品新品懒人洗脸神器,260429-443694466560563,已收货,1	,2026-04-29 09:47:47,	,无售后或售后取消,153.99	,168.99	
趣白全自动洗面奶打泡机感应泡沫机绵密泡沫礼品新品懒人洗脸神器,260429-571819999543829,已发货，退款成功,1	,2026-04-29 09:47:01,	,退款成功,168.99	,168.99	
趣白全自动洗面奶打泡机感应泡沫机绵密泡沫礼品新品懒人洗脸神器,260429-362178230710969,已收货，退款成功,1	,2026-04-29 09:45:44,HD,退款成功,126.75	,168.99	
趣白全自动洗面奶打泡机感应泡沫机绵密泡沫礼品新品懒人洗脸神器,260429-622476684831009,已发货，退款成功,1	,2026-04-29 09:43:19,	,退款成功,135.2	,168.99	
趣白全自动洗面奶打泡机感应泡沫机绵密泡沫礼品新品懒人洗脸神器,260429-327575180951552,已收货，退款成功,1	,2026-04-29 09:40:22,	,退款成功,160.55	,168.99	
趣白全自动洗面奶打泡机感应泡沫机绵密泡沫礼品新品懒人洗脸神器,260429-207722944100805,已收货,1	,2026-04-29 09:37:58,	,无售后或售后取消,133.51	,168.99	
趣白全自动洗面奶打泡机感应泡沫机绵密泡沫礼品新品懒人洗脸神器,260429-574787448322204,未发货，退款成功,1	,2026-04-29 09:28:24,	,退款成功,136.89	,168.99	
趣白全自动洗面奶打泡机感应泡沫机绵密泡沫礼品新品懒人洗脸神器,260429-219089529181642,已收货，退款成功,1	,2026-04-29 09:21:09,	,退款成功,130.13	,168.99	
趣白全自动洗面奶打泡机感应泡沫机绵密泡沫礼品新品懒人洗脸神器,260429-563420916041963,已收货,1	,2026-04-29 09:18:20,	,无售后或售后取消,168.99	,168.99	
趣白全自动洗面奶打泡机感应泡沫机绵密泡沫礼品新品懒人洗脸神器,260429-418339898891792,已收货,1	,2026-04-29 09:15:27,	,无售后或售后取消,148.99	,168.99	
趣白全自动洗面奶打泡机感应泡沫机绵密泡沫礼品新品懒人洗脸神器,260429-200330473071373,已收货,1	,2026-04-29 09:14:05,	,无售后或售后取消,160.55	,168.99	
趣白全自动洗面奶打泡机感应泡沫机绵密泡沫礼品新品懒人洗脸神器,260429-554329772450587,已收货，退款成功,1	,2026-04-29 09:09:57,	,退款成功,133.51	,168.99	
趣白全自动洗面奶打泡机感应泡沫机绵密泡沫礼品新品懒人洗脸神器,260429-373817424271867,未发货，退款成功,1	,2026-04-29 09:08:26,	,退款成功,135.2	,168.99	
趣白全自动洗面奶打泡机感应泡沫机绵密泡沫礼品新品懒人洗脸神器,260429-619089763852084,已收货,1	,2026-04-29 09:14:12,	,无售后或售后取消,130.13	,168.99	
趣白全自动洗面奶打泡机感应泡沫机绵密泡沫礼品新品懒人洗脸神器,260429-665803834993376,已收货,1	,2026-04-29 13:15:40,	,无售后或售后取消,128.99	,168.99	
趣白全自动洗面奶打泡机感应泡沫机绵密泡沫礼品新品懒人洗脸神器,260429-509387763323058,已发货，退款成功,1	,2026-04-29 08:49:12,	,退款成功,131.82	,168.99	
趣白全自动洗面奶打泡机感应泡沫机绵密泡沫礼品新品懒人洗脸神器,260429-399140482692719,已收货,1	,2026-04-29 08:46:02,	,无售后或售后取消,135.2	,168.99	
趣白全自动洗面奶打泡机感应泡沫机绵密泡沫礼品新品懒人洗脸神器,260429-348337017200186,已收货,1	,2026-04-29 08:42:01,	,无售后或售后取消,152.1	,168.99	
趣白全自动洗面奶打泡机感应泡沫机绵密泡沫礼品新品懒人洗脸神器,260429-035976660550304,已收货,1	,2026-04-29 08:32:57,	,无售后或售后取消,118.99	,168.99	
趣白全自动洗面奶打泡机感应泡沫机绵密泡沫礼品新品懒人洗脸神器,260429-245849188783863,已发货，退款成功,1	,2026-04-29 08:19:08,	,退款成功,141.96	,168.99	
趣白全自动洗面奶打泡机感应泡沫机绵密泡沫礼品新品懒人洗脸神器,260429-474910594652417,已收货，退款成功,1	,2026-04-29 08:17:32,	,退款成功,126.75	,168.99	
趣白全自动洗面奶打泡机感应泡沫机绵密泡沫礼品新品懒人洗脸神器,260429-510079833724036,已收货,1	,2026-04-29 08:13:47,	,无售后或售后取消,168.99	,168.99	
趣白全自动洗面奶打泡机感应泡沫机绵密泡沫礼品新品懒人洗脸神器,260429-530306896193386,已取消,1	,	,	,无售后或售后取消,136.89	,168.99	
趣白全自动洗面奶打泡机感应泡沫机绵密泡沫礼品新品懒人洗脸神器,260429-489905221121603,已收货,1	,2026-04-29 08:01:49,	,无售后或售后取消,143.65	,168.99	
趣白全自动洗面奶打泡机感应泡沫机绵密泡沫礼品新品懒人洗脸神器,260429-187904837193525,已收货,1	,2026-04-29 08:01:02,	,无售后或售后取消,135.2	,168.99	
趣白全自动洗面奶打泡机感应泡沫机绵密泡沫礼品新品懒人洗脸神器,260429-217223063913073,已取消,1	,	,	,无售后或售后取消,168.99	,168.99	
趣白全自动洗面奶打泡机感应泡沫机绵密泡沫礼品新品懒人洗脸神器,260429-330270000730688,已发货，退款成功,1	,2026-04-29 07:44:10,	,退款成功,152.1	,168.99	
趣白全自动洗面奶打泡机感应泡沫机绵密泡沫礼品新品懒人洗脸神器,260429-662741982861910,未发货，退款成功,1	,2026-04-29 07:38:57,	,退款成功,135.2	,168.99	
趣白全自动洗面奶打泡机感应泡沫机绵密泡沫礼品新品懒人洗脸神器,260429-505602393682072,已收货,1	,2026-04-29 07:34:04,	,无售后或售后取消,145.34	,168.99	
趣白全自动洗面奶打泡机感应泡沫机绵密泡沫礼品新品懒人洗脸神器,260429-441922414944052,已发货，退款成功,1	,2026-04-29 07:33:44,	,退款成功,135.2	,168.99	
趣白全自动洗面奶打泡机感应泡沫机绵密泡沫礼品新品懒人洗脸神器,260429-114735245622574,已收货,1	,2026-04-29 07:26:04,	,无售后或售后取消,168.99	,168.99	
趣白全自动洗面奶打泡机感应泡沫机绵密泡沫礼品新品懒人洗脸神器,260429-443946176822574,已发货，退款成功,1	,2026-04-29 07:25:47,	,退款成功,168.99	,168.99	
趣白全自动洗面奶打泡机感应泡沫机绵密泡沫礼品新品懒人洗脸神器,260429-477815129690216,已收货,1	,2026-04-29 07:23:43,	,无售后或售后取消,158.99	,168.99	
趣白全自动洗面奶打泡机感应泡沫机绵密泡沫礼品新品懒人洗脸神器,260429-626314462760005,已收货,1	,2026-04-29 07:14:58,	,无售后或售后取消,135.2	,168.99	
趣白全自动洗面奶打泡机感应泡沫机绵密泡沫礼品新品懒人洗脸神器,260429-045078300280583,已收货,1	,2026-04-29 06:48:18,	,无售后或售后取消,125.06	,168.99	
趣白全自动洗面奶打泡机感应泡沫机绵密泡沫礼品新品懒人洗脸神器,260429-007591708190210,已收货,1	,2026-04-29 06:30:42,	,无售后或售后取消,152.1	,168.99	
趣白全自动洗面奶打泡机感应泡沫机绵密泡沫礼品新品懒人洗脸神器,260429-232049907203466,已收货,1	,2026-04-29 06:20:43,	,无售后或售后取消,168.99	,168.99	
趣白全自动洗面奶打泡机感应泡沫机绵密泡沫礼品新品懒人洗脸神器,260429-622571046500135,已收货,1	,2026-04-29 06:20:17,	,无售后或售后取消,168.99	,168.99	
趣白全自动洗面奶打泡机感应泡沫机绵密泡沫礼品新品懒人洗脸神器,260429-384041040163628,已收货，退款成功,1	,2026-04-29 06:08:18,	,退款成功,145.34	,168.99	
趣白全自动洗面奶打泡机感应泡沫机绵密泡沫礼品新品懒人洗脸神器,260429-461929265500399,已取消,1	,	,	,无售后或售后取消,168.99	,168.99	
趣白全自动洗面奶打泡机感应泡沫机绵密泡沫礼品新品懒人洗脸神器,260429-288190635611685,已发货，退款成功,1	,2026-04-29 05:57:28,	,退款成功,135.2	,168.99	
趣白全自动洗面奶打泡机感应泡沫机绵密泡沫礼品新品懒人洗脸神器,260429-233717132810131,已发货，退款成功,1	,2026-04-29 05:47:32,	,退款成功,118.99	,168.99	
趣白全自动洗面奶打泡机感应泡沫机绵密泡沫礼品新品懒人洗脸神器,260429-049094366722005,已收货，退款成功,1	,2026-04-29 05:07:39,	,退款成功,131.82	,168.99	
趣白全自动洗面奶打泡机感应泡沫机绵密泡沫礼品新品懒人洗脸神器,260429-445571417703628,已收货,1	,2026-04-29 05:05:34,	,无售后或售后取消,126.75	,168.99	
趣白全自动洗面奶打泡机感应泡沫机绵密泡沫礼品新品懒人洗脸神器,260429-440569699972198,已取消,1	,	,	,无售后或售后取消,138.99	,168.99	
趣白全自动洗面奶打泡机感应泡沫机绵密泡沫礼品新品懒人洗脸神器,260429-328686671472062,已发货，退款成功,1	,2026-04-29 04:56:09,	,退款成功,152.1	,168.99	
趣白全自动洗面奶打泡机感应泡沫机绵密泡沫礼品新品懒人洗脸神器,260429-512072107623885,已发货，退款成功,1	,2026-04-29 04:25:32,	,退款成功,159.99	,168.99	
趣白全自动洗面奶打泡机感应泡沫机绵密泡沫礼品新品懒人洗脸神器,260429-464487780700638,已收货,1	,2026-04-29 04:24:34,	,无售后或售后取消,136.89	,168.99	
趣白全自动洗面奶打泡机感应泡沫机绵密泡沫礼品新品懒人洗脸神器,260429-131397086823885,未发货，退款成功,1	,2026-04-29 04:21:12,	,退款成功,168.99	,168.99	
趣白全自动洗面奶打泡机感应泡沫机绵密泡沫礼品新品懒人洗脸神器,260429-512627863062642,已收货,1	,2026-04-29 03:16:22,	,无售后或售后取消,164.99	,168.99	
趣白全自动洗面奶打泡机感应泡沫机绵密泡沫礼品新品懒人洗脸神器,260429-203507679590661,已收货，退款成功,1	,2026-04-29 02:56:46,	,退款成功,152.1	,168.99	
趣白全自动洗面奶打泡机感应泡沫机绵密泡沫礼品新品懒人洗脸神器,260429-075937943993924,已收货,1	,2026-04-29 02:43:24,	,无售后或售后取消,143.65	,168.99	
趣白全自动洗面奶打泡机感应泡沫机绵密泡沫礼品新品懒人洗脸神器,260429-057944348331381,已收货,1	,2026-04-29 02:35:07,	,无售后或售后取消,168.99	,168.99	
趣白全自动洗面奶打泡机感应泡沫机绵密泡沫礼品新品懒人洗脸神器,260429-434089510431612,已收货,1	,2026-04-29 01:44:21,	,无售后或售后取消,140.27	,168.99	
趣白全自动洗面奶打泡机感应泡沫机绵密泡沫礼品新品懒人洗脸神器,260429-461205727593541,已发货，退款成功,1	,2026-04-29 01:31:07,	,退款成功,125.06	,168.99	
趣白全自动洗面奶打泡机感应泡沫机绵密泡沫礼品新品懒人洗脸神器,260429-107038718382457,已收货,1	,2026-04-29 01:22:38,	,无售后或售后取消,152.1	,168.99	
趣白全自动洗面奶打泡机感应泡沫机绵密泡沫礼品新品懒人洗脸神器,260429-239001966171051,已收货,1	,2026-04-29 00:56:30,	,无售后或售后取消,126.75	,168.99	
趣白全自动洗面奶打泡机感应泡沫机绵密泡沫礼品新品懒人洗脸神器,260429-638708651613616,已发货，退款成功,1	,2026-04-29 00:56:08,	,退款成功,160.55	,168.99	
趣白全自动洗面奶打泡机感应泡沫机绵密泡沫礼品新品懒人洗脸神器,260429-642777106062173,已收货,1	,2026-04-29 00:52:17,	,无售后或售后取消,143.65	,168.99	
趣白全自动洗面奶打泡机感应泡沫机绵密泡沫礼品新品懒人洗脸神器,260429-404918178160835,已收货,1	,2026-04-29 00:43:06,	,无售后或售后取消,136.89	,168.99	
趣白全自动洗面奶打泡机感应泡沫机绵密泡沫礼品新品懒人洗脸神器,260429-592382574923069,已收货,1	,2026-04-29 00:34:59,顺丰,无售后或售后取消,143.65	,168.99	
趣白全自动洗面奶打泡机感应泡沫机绵密泡沫礼品新品懒人洗脸神器,260429-102267655733438,未发货，退款成功,1	,2026-04-29 00:33:10,	,退款成功,136.89	,168.99	
趣白全自动洗面奶打泡机感应泡沫机绵密泡沫礼品新品懒人洗脸神器,260429-469510428182274,已收货,1	,2026-04-29 00:16:03,	,无售后或售后取消,143.65	,168.99	
趣白全自动洗面奶打泡机感应泡沫机绵密泡沫礼品新品懒人洗脸神器,260429-137699080622776,已发货，退款成功,1	,2026-04-29 00:08:30,顺丰,退款成功,147.03	,168.99	
趣白全自动洗面奶打泡机感应泡沫机绵密泡沫礼品新品懒人洗脸神器,260429-571138435433050,已发货，退款成功,1	,2026-04-29 00:06:20,	,退款成功,135.2	,168.99	
趣白全自动洗面奶打泡机感应泡沫机绵密泡沫礼品新品懒人洗脸神器,260429-217527129641197,已收货，退款成功,1	,2026-04-29 00:05:54,	,退款成功,133.51	,168.99	
趣白全自动洗面奶打泡机感应泡沫机绵密泡沫礼品新品懒人洗脸神器,260429-365460242832801,已收货，退款成功,1	,2026-04-29 00:04:29,(收)[QBPH004]*[1]#,退款成功,131.82	,168.99	
趣白全自动洗面奶打泡机感应泡沫机绵密泡沫礼品新品懒人洗脸神器,260428-210242117242671,已取消,1	,	,	,无售后或售后取消,148.99	,168.99	
趣白全自动洗面奶打泡机感应泡沫机绵密泡沫礼品新品懒人洗脸神器,260428-277867456911979,已取消,1	,	,	,无售后或售后取消,135.2	,168.99	
趣白全自动洗面奶打泡机感应泡沫机绵密泡沫礼品新品懒人洗脸神器,260428-231716974200822,已收货,1	,2026-04-28 23:28:17,	,无售后或售后取消,145.34	,168.99	
趣白全自动洗面奶打泡机感应泡沫机绵密泡沫礼品新品懒人洗脸神器,260428-038246879553386,已取消,1	,	,	,无售后或售后取消,148.72	,168.99	
趣白全自动洗面奶打泡机感应泡沫机绵密泡沫礼品新品懒人洗脸神器,260428-159755856212018,已收货,1	,2026-04-28 23:06:38,	,无售后或售后取消,143.65	,168.99	
趣白全自动洗面奶打泡机感应泡沫机绵密泡沫礼品新品懒人洗脸神器,260428-115673689732198,已收货，退款成功,1	,2026-04-29 05:15:59,	,退款成功,135.2	,168.99	
趣白全自动洗面奶打泡机感应泡沫机绵密泡沫礼品新品懒人洗脸神器,260428-313015744904001,已取消,1	,	,	,无售后或售后取消,135.2	,168.99	
趣白全自动洗面奶打泡机感应泡沫机绵密泡沫礼品新品懒人洗脸神器,260428-685163189910413,已发货，退款成功,1	,2026-04-28 22:40:00,	,退款成功,148.99	,168.99	
趣白全自动洗面奶打泡机感应泡沫机绵密泡沫礼品新品懒人洗脸神器,260428-002846922391156,已收货,1	,2026-04-28 22:27:08,	,无售后或售后取消,168.99	,168.99	
趣白全自动洗面奶打泡机感应泡沫机绵密泡沫礼品新品懒人洗脸神器,260428-472113539480520,已收货,1	,2026-04-28 22:24:55,	,无售后或售后取消,138.58	,168.99	
趣白全自动洗面奶打泡机感应泡沫机绵密泡沫礼品新品懒人洗脸神器,260428-616460469790573,已发货，退款成功,1	,2026-04-28 22:19:52,	,退款成功,133.51	,168.99	
趣白全自动洗面奶打泡机感应泡沫机绵密泡沫礼品新品懒人洗脸神器,260428-151102441053280,已发货，退款成功,1	,2026-04-28 22:14:18,	,退款成功,148.99	,168.99	
趣白全自动洗面奶打泡机感应泡沫机绵密泡沫礼品新品懒人洗脸神器,260428-250059200063437,已收货,1	,2026-04-28 22:07:39,	,无售后或售后取消,152.81	,168.99	
趣白全自动洗面奶打泡机感应泡沫机绵密泡沫礼品新品懒人洗脸神器,260428-625971043930098,已收货，退款成功,1	,2026-04-28 22:06:01,	,退款成功,143.65	,168.99	
趣白全自动洗面奶打泡机感应泡沫机绵密泡沫礼品新品懒人洗脸神器,260428-180651364720896,已收货,1	,2026-04-28 21:59:51,	,无售后或售后取消,141.96	,168.99	
趣白全自动洗面奶打泡机感应泡沫机绵密泡沫礼品新品懒人洗脸神器,260428-295861021021461,已收货,1	,2026-04-28 21:48:28,	,无售后或售后取消,152.1	,168.99	
趣白全自动洗面奶打泡机感应泡沫机绵密泡沫礼品新品懒人洗脸神器,260428-074262823353624,未发货，退款成功,1	,2026-04-28 21:48:13,	,退款成功,135.2	,168.99	
趣白全自动洗面奶打泡机感应泡沫机绵密泡沫礼品新品懒人洗脸神器,260428-676787678821874,已收货,1	,2026-04-29 19:01:42,	,无售后或售后取消,168.99	,168.99	
趣白全自动洗面奶打泡机感应泡沫机绵密泡沫礼品新品懒人洗脸神器,260428-440900011673932,已取消,1	,	,	,无售后或售后取消,136.89	,168.99	
趣白全自动洗面奶打泡机感应泡沫机绵密泡沫礼品新品懒人洗脸神器,260428-334435510611243,已收货,1	,2026-04-28 21:25:29,	,无售后或售后取消,168.99	,168.99	
趣白全自动洗面奶打泡机感应泡沫机绵密泡沫礼品新品懒人洗脸神器,260428-023532705293533,已收货,1	,2026-04-28 21:24:21,	,无售后或售后取消,118.3	,168.99	
趣白全自动洗面奶打泡机感应泡沫机绵密泡沫礼品新品懒人洗脸神器,260428-038548283032102,已收货,1	,2026-04-28 21:11:21,	,无售后或售后取消,168.99	,168.99	
趣白全自动洗面奶打泡机感应泡沫机绵密泡沫礼品新品懒人洗脸神器,260428-108404436503346,已收货,1	,2026-04-28 21:09:41,	,无售后或售后取消,168.99	,168.99	
趣白全自动洗面奶打泡机感应泡沫机绵密泡沫礼品新品懒人洗脸神器,260428-672467577252812,已收货,1	,2026-04-28 20:49:36,	,无售后或售后取消,126.75	,168.99	
趣白全自动洗面奶打泡机感应泡沫机绵密泡沫礼品新品懒人洗脸神器,260428-247720875623329,已收货,1	,2026-04-28 20:42:01,	,无售后或售后取消,168.99	,168.99	
趣白全自动洗面奶打泡机感应泡沫机绵密泡沫礼品新品懒人洗脸神器,260428-098891282820152,已发货，退款成功,1	,2026-04-28 20:27:26,	,退款成功,154.27	,168.99	
趣白全自动洗面奶打泡机感应泡沫机绵密泡沫礼品新品懒人洗脸神器,260428-082714304001188,已收货,1	,2026-04-28 20:22:58,	,无售后或售后取消,168.99	,168.99	
趣白全自动洗面奶打泡机感应泡沫机绵密泡沫礼品新品懒人洗脸神器,260428-483252006441340,已取消,1	,	,	,无售后或售后取消,135.2	,168.99	
趣白全自动洗面奶打泡机感应泡沫机绵密泡沫礼品新品懒人洗脸神器,260428-673075719822380,已取消,1	,	,	,无售后或售后取消,168.99	,168.99	
趣白全自动洗面奶打泡机感应泡沫机绵密泡沫礼品新品懒人洗脸神器,260428-161674740042746,未发货，退款成功,1	,2026-04-28 19:44:15,	,退款成功,168.99	,168.99	
趣白全自动洗面奶打泡机感应泡沫机绵密泡沫礼品新品懒人洗脸神器,260428-187385844150533,已收货,1	,2026-04-28 19:32:20,	,无售后或售后取消,152.1	,168.99	
趣白全自动洗面奶打泡机感应泡沫机绵密泡沫礼品新品懒人洗脸神器,260428-233187633550667,未发货，退款成功,1	,2026-04-28 19:31:58,	,退款成功,135.2	,168.99	
趣白全自动洗面奶打泡机感应泡沫机绵密泡沫礼品新品懒人洗脸神器,260428-591569886820112,已收货,1	,2026-04-28 19:25:23,	,无售后或售后取消,135.2	,168.99	
趣白全自动洗面奶打泡机感应泡沫机绵密泡沫礼品新品懒人洗脸神器,260428-021207467520284,已收货，退款成功,1	,2026-04-28 19:20:03,	,退款成功,135.27	,168.99	
趣白全自动洗面奶打泡机感应泡沫机绵密泡沫礼品新品懒人洗脸神器,260428-172978347643681,已取消,1	,	,	,无售后或售后取消,128.99	,168.99	
趣白全自动洗面奶打泡机感应泡沫机绵密泡沫礼品新品懒人洗脸神器,260428-619734658683681,已取消,1	,	,	,无售后或售后取消,135.2	,168.99	
趣白全自动洗面奶打泡机感应泡沫机绵密泡沫礼品新品懒人洗脸神器,260428-339167188571169,已收货,1	,2026-04-28 18:51:06,	,无售后或售后取消,118.3	,168.99	
趣白全自动洗面奶打泡机感应泡沫机绵密泡沫礼品新品懒人洗脸神器,260428-347445727600774,已收货,1	,2026-04-28 18:23:03,	,无售后或售后取消,152.1	,168.99	
趣白全自动洗面奶打泡机感应泡沫机绵密泡沫礼品新品懒人洗脸神器,260428-290586641932084,已取消,1	,	,	,无售后或售后取消,168.99	,168.99	
趣白全自动洗面奶打泡机感应泡沫机绵密泡沫礼品新品懒人洗脸神器,260428-607660285480109,已收货,1	,2026-04-28 17:28:08,	,无售后或售后取消,135.2	,168.99	
趣白全自动洗面奶打泡机感应泡沫机绵密泡沫礼品新品懒人洗脸神器,260428-669316584970950,已收货,1	,2026-04-28 17:24:25,	,无售后或售后取消,168.99	,168.99	
趣白全自动洗面奶打泡机感应泡沫机绵密泡沫礼品新品懒人洗脸神器,260428-605169969552697,已收货，退款成功,1	,2026-04-28 16:58:50,	,退款成功,143.65	,168.99	
趣白全自动洗面奶打泡机感应泡沫机绵密泡沫礼品新品懒人洗脸神器,260428-200576919881790,已发货，退款成功,1	,2026-04-28 16:58:46,	,退款成功,118.3	,168.99	
趣白全自动洗面奶打泡机感应泡沫机绵密泡沫礼品新品懒人洗脸神器,260428-525740285560371,已收货,1	,2026-04-28 16:50:45,顺丰,无售后或售后取消,143.65	,168.99	
趣白全自动洗面奶打泡机感应泡沫机绵密泡沫礼品新品懒人洗脸神器,260428-127900137780165,已收货,1	,2026-04-28 16:44:51,	,无售后或售后取消,152.1	,168.99	
趣白全自动洗面奶打泡机感应泡沫机绵密泡沫礼品新品懒人洗脸神器,260428-435227246990995,已收货,1	,2026-04-28 16:40:01,	,无售后或售后取消,136.89	,169.0	
趣白全自动洗面奶打泡机感应泡沫机绵密泡沫礼品新品懒人洗脸神器,260428-327517509222460,未发货，退款成功,1	,2026-04-28 16:40:05,	,退款成功,160.55	,169.0	
趣白全自动洗面奶打泡机感应泡沫机绵密泡沫礼品新品懒人洗脸神器,260428-556652358040499,未发货，退款成功,1	,2026-04-28 16:35:29,	,退款成功,169.0	,169.0	
趣白全自动洗面奶打泡机感应泡沫机绵密泡沫礼品新品懒人洗脸神器,260428-083429998971627,已收货，退款成功,1	,2026-04-28 16:29:43,	,退款成功,143.65	,169.0	
趣白全自动洗面奶打泡机感应泡沫机绵密泡沫礼品新品懒人洗脸神器,260428-187931051531791,已收货,1	,2026-04-28 16:29:30,	,无售后或售后取消,143.65	,169.0	
趣白全自动洗面奶打泡机感应泡沫机绵密泡沫礼品新品懒人洗脸神器,260428-597436711252376,已收货,1	,2026-04-28 16:08:59,	,无售后或售后取消,160.55	,169.0	
趣白全自动洗面奶打泡机感应泡沫机绵密泡沫礼品新品懒人洗脸神器,260428-389913045322614,已收货,1	,2026-04-28 16:05:31,	,无售后或售后取消,141.96	,169.0	
趣白全自动洗面奶打泡机感应泡沫机绵密泡沫礼品新品懒人洗脸神器,260428-358004898101799,已收货,1	,2026-04-28 15:39:20,	,无售后或售后取消,135.2	,169.0	
趣白全自动洗面奶打泡机感应泡沫机绵密泡沫礼品新品懒人洗脸神器,260428-008420124963845,已收货,1	,2026-04-28 15:26:32,	,无售后或售后取消,136.89	,169.0	
趣白全自动洗面奶打泡机感应泡沫机绵密泡沫礼品新品懒人洗脸神器,260428-594395840811755,已取消,1	,	,	,无售后或售后取消,130.13	,169.0	
趣白全自动洗面奶打泡机感应泡沫机绵密泡沫礼品新品懒人洗脸神器,260428-592120409600584,已收货,1	,2026-04-28 15:01:45,	,无售后或售后取消,135.2	,169.0	
趣白全自动洗面奶打泡机感应泡沫机绵密泡沫礼品新品懒人洗脸神器,260428-036406638960319,已收货,1	,2026-04-28 14:55:22,	,无售后或售后取消,169.0	,169.0	
趣白全自动洗面奶打泡机感应泡沫机绵密泡沫礼品新品懒人洗脸神器,260428-474375820890210,已收货,1	,2026-04-28 14:53:11,	,无售后或售后取消,169.0	,169.0	
趣白全自动洗面奶打泡机感应泡沫机绵密泡沫礼品新品懒人洗脸神器,260428-591407429963031,已收货,1	,2026-04-28 14:51:11,	,无售后或售后取消,169.0	,169.0	
趣白全自动洗面奶打泡机感应泡沫机绵密泡沫礼品新品懒人洗脸神器,260428-309078290022837,已收货,1	,2026-04-28 14:36:18,	,无售后或售后取消,169.0	,169.0	
趣白全自动洗面奶打泡机感应泡沫机绵密泡沫礼品新品懒人洗脸神器,260428-327606669634074,已发货，退款成功,1	,2026-04-28 14:32:54,	,退款成功,169.0	,169.0	
趣白全自动洗面奶打泡机感应泡沫机绵密泡沫礼品新品懒人洗脸神器,260428-086748762472074,已收货,1	,2026-04-28 14:26:21,	,无售后或售后取消,135.2	,169.0	
趣白全自动洗面奶打泡机感应泡沫机绵密泡沫礼品新品懒人洗脸神器,260428-318651820352750,已收货,1	,2026-04-28 14:22:19,	,无售后或售后取消,126.75	,169.0	
趣白全自动洗面奶打泡机感应泡沫机绵密泡沫礼品新品懒人洗脸神器,260428-279634265741940,已收货,1	,2026-04-28 14:12:03,	,无售后或售后取消,164.1	,169.0	
趣白全自动洗面奶打泡机感应泡沫机绵密泡沫礼品新品懒人洗脸神器,260428-662888793741940,未发货，退款成功,1	,2026-04-28 14:02:32,	,退款成功,169.0	,169.0	
趣白全自动洗面奶打泡机感应泡沫机绵密泡沫礼品新品懒人洗脸神器,260428-162078430781494,未发货，退款成功,1	,2026-04-28 13:58:27,	,退款成功,169.0	,169.0	
趣白全自动洗面奶打泡机感应泡沫机绵密泡沫礼品新品懒人洗脸神器,260428-637429378603809,已收货,1	,2026-04-28 13:57:53,	,无售后或售后取消,138.58	,169.0	
趣白全自动洗面奶打泡机感应泡沫机绵密泡沫礼品新品懒人洗脸神器,260428-662553259660206,已收货,1	,2026-04-28 13:50:46,	,无售后或售后取消,143.65	,169.0	
趣白全自动洗面奶打泡机感应泡沫机绵密泡沫礼品新品懒人洗脸神器,260428-376354926203656,已发货，退款成功,1	,2026-04-28 13:50:45,	,退款成功,160.55	,169.0	
趣白全自动洗面奶打泡机感应泡沫机绵密泡沫礼品新品懒人洗脸神器,260428-617443561813344,已取消,1	,	,	,无售后或售后取消,169.0	,169.0	
趣白全自动洗面奶打泡机感应泡沫机绵密泡沫礼品新品懒人洗脸神器,260428-187254772053344,已收货，退款成功,1	,2026-04-28 13:50:24,	,退款成功,169.0	,169.0	
趣白全自动洗面奶打泡机感应泡沫机绵密泡沫礼品新品懒人洗脸神器,260428-205353173392950,已取消,1	,	,	,无售后或售后取消,136.89	,169.0	
趣白全自动洗面奶打泡机感应泡沫机绵密泡沫礼品新品懒人洗脸神器,260428-599114453410965,已收货,1	,2026-04-28 13:48:45,	,无售后或售后取消,169.0	,169.0	
趣白全自动洗面奶打泡机感应泡沫机绵密泡沫礼品新品懒人洗脸神器,260428-284489182803871,已收货，退款成功,1	,2026-04-28 13:38:22,	,退款成功,169.0	,169.0	
趣白全自动洗面奶打泡机感应泡沫机绵密泡沫礼品新品懒人洗脸神器,260428-040569465253837,未发货，退款成功,1	,2026-04-28 13:36:39,	,退款成功,155.97	,169.0	
趣白全自动洗面奶打泡机感应泡沫机绵密泡沫礼品新品懒人洗脸神器,260428-323684995413808,已收货,1	,2026-04-28 13:16:39,	,无售后或售后取消,169.0	,169.0	
趣白全自动洗面奶打泡机感应泡沫机绵密泡沫礼品新品懒人洗脸神器,260428-556133302710479,已收货,1	,2026-04-28 13:09:03,	,无售后或售后取消,152.1	,169.0	
趣白全自动洗面奶打泡机感应泡沫机绵密泡沫礼品新品懒人洗脸神器,260428-112428346981822,已收货,1	,2026-04-28 21:31:02,	,无售后或售后取消,118.3	,169.0	
趣白全自动洗面奶打泡机感应泡沫机绵密泡沫礼品新品懒人洗脸神器,260428-275408494140393,已收货,1	,2026-04-28 12:39:08,	,无售后或售后取消,147.03	,169.0	
趣白全自动洗面奶打泡机感应泡沫机绵密泡沫礼品新品懒人洗脸神器,260428-530715809403018,已收货,1	,2026-04-28 12:38:33,	,无售后或售后取消,169.0	,169.0	
趣白全自动洗面奶打泡机感应泡沫机绵密泡沫礼品新品懒人洗脸神器,260428-375662907722977,已发货，退款成功,1	,2026-04-28 12:37:28,	,退款成功,140.27	,169.0	
趣白全自动洗面奶打泡机感应泡沫机绵密泡沫礼品新品懒人洗脸神器,260428-506053271131413,已收货,1	,2026-04-28 12:36:06,	,无售后或售后取消,135.2	,169.0	
趣白全自动洗面奶打泡机感应泡沫机绵密泡沫礼品新品懒人洗脸神器,260428-423918323350598,已取消,1	,	,	,无售后或售后取消,169.0	,169.0	
趣白全自动洗面奶打泡机感应泡沫机绵密泡沫礼品新品懒人洗脸神器,260428-140572158243317,已收货,1	,2026-04-28 12:30:16,	,无售后或售后取消,143.65	,169.0	
趣白全自动洗面奶打泡机感应泡沫机绵密泡沫礼品新品懒人洗脸神器,260428-357921012021369,未发货，退款成功,1	,2026-04-28 12:22:20,	,退款成功,126.75	,169.0	
趣白全自动洗面奶打泡机感应泡沫机绵密泡沫礼品新品懒人洗脸神器,260428-571201370483016,已发货，退款成功,1	,2026-04-28 12:15:39,	,退款成功,169.0	,169.0	
趣白全自动洗面奶打泡机感应泡沫机绵密泡沫礼品新品懒人洗脸神器,260428-436952143502816,已取消,1	,	,	,无售后或售后取消,166.0	,169.0	
趣白全自动洗面奶打泡机感应泡沫机绵密泡沫礼品新品懒人洗脸神器,260428-583008326073196,未发货，退款成功,1	,2026-04-28 12:03:02,	,退款成功,135.2	,169.0	
趣白全自动洗面奶打泡机感应泡沫机绵密泡沫礼品新品懒人洗脸神器,260428-416033052211392,已收货,1	,2026-04-28 11:55:20,	,无售后或售后取消,126.75	,169.0	
趣白全自动洗面奶打泡机感应泡沫机绵密泡沫礼品新品懒人洗脸神器,260428-401122322850875,已收货,1	,2026-04-28 11:54:17,	,无售后或售后取消,118.3	,169.0	
趣白全自动洗面奶打泡机感应泡沫机绵密泡沫礼品新品懒人洗脸神器,260428-252119631372959,已收货,1	,2026-04-28 11:53:36,	,无售后或售后取消,135.2	,169.0	
趣白全自动洗面奶打泡机感应泡沫机绵密泡沫礼品新品懒人洗脸神器,260428-042477863241141,已收货,1	,2026-04-28 11:49:10,	,无售后或售后取消,143.65	,169.0	
趣白全自动洗面奶打泡机感应泡沫机绵密泡沫礼品新品懒人洗脸神器,260428-122316460440181,已收货,1	,2026-04-28 11:46:23,	,无售后或售后取消,169.0	,169.0	
趣白全自动洗面奶打泡机感应泡沫机绵密泡沫礼品新品懒人洗脸神器,260428-553060943492486,已发货，退款成功,1	,2026-04-28 11:36:44,	,退款成功,135.2	,169.0	
趣白全自动洗面奶打泡机感应泡沫机绵密泡沫礼品新品懒人洗脸神器,260428-625926541603993,已收货,1	,2026-04-28 11:23:53,	,无售后或售后取消,169.0	,169.0	
趣白全自动洗面奶打泡机感应泡沫机绵密泡沫礼品新品懒人洗脸神器,260428-650851172760828,已发货，退款成功,1	,2026-04-28 11:10:14,	,退款成功,135.2	,169.0	
趣白全自动洗面奶打泡机感应泡沫机绵密泡沫礼品新品懒人洗脸神器,260428-436343959060315,已收货,1	,2026-04-28 10:54:50,	,无售后或售后取消,143.65	,169.0	
趣白全自动洗面奶打泡机感应泡沫机绵密泡沫礼品新品懒人洗脸神器,260428-173885396540181,已取消,1	,	,	,无售后或售后取消,118.3	,169.0	
趣白全自动洗面奶打泡机感应泡沫机绵密泡沫礼品新品懒人洗脸神器,260428-011890901361029,未发货，退款成功,1	,2026-04-28 10:51:29,	,退款成功,135.2	,169.0	
趣白全自动洗面奶打泡机感应泡沫机绵密泡沫礼品新品懒人洗脸神器,260428-096175450453808,已取消,1	,	,	,无售后或售后取消,169.0	,169.0	
趣白全自动洗面奶打泡机感应泡沫机绵密泡沫礼品新品懒人洗脸神器,260428-660214987093808,已取消,1	,	,	,无售后或售后取消,169.0	,169.0	
趣白全自动洗面奶打泡机感应泡沫机绵密泡沫礼品新品懒人洗脸神器,260428-097874101842766,已收货,1	,2026-04-28 10:31:54,	,无售后或售后取消,169.0	,169.0	
趣白全自动洗面奶打泡机感应泡沫机绵密泡沫礼品新品懒人洗脸神器,260428-304611387823838,已取消,1	,	,	,无售后或售后取消,126.75	,169.0	
趣白全自动洗面奶打泡机感应泡沫机绵密泡沫礼品新品懒人洗脸神器,260428-128765202731058,已收货,1	,2026-04-28 10:15:06,	,无售后或售后取消,160.55	,169.0	
趣白全自动洗面奶打泡机感应泡沫机绵密泡沫礼品新品懒人洗脸神器,260428-066458775050810,已发货，退款成功,1	,2026-04-28 10:12:47,	,退款成功,163.82	,169.0	
趣白全自动洗面奶打泡机感应泡沫机绵密泡沫礼品新品懒人洗脸神器,260428-548027799122915,已收货,1	,2026-04-28 10:07:01,	,无售后或售后取消,143.65	,169.0	
趣白全自动洗面奶打泡机感应泡沫机绵密泡沫礼品新品懒人洗脸神器,260428-429528267192436,已收货,1	,2026-04-28 09:50:51,	,无售后或售后取消,169.0	,169.0	
趣白全自动洗面奶打泡机感应泡沫机绵密泡沫礼品新品懒人洗脸神器,260428-099279235500426,已收货，退款成功,1	,2026-04-28 09:46:11,	,退款成功,126.75	,169.0	
趣白全自动洗面奶打泡机感应泡沫机绵密泡沫礼品新品懒人洗脸神器,260428-132886074882619,已收货,1	,2026-04-28 09:44:15,	,无售后或售后取消,147.03	,169.0	
趣白全自动洗面奶打泡机感应泡沫机绵密泡沫礼品新品懒人洗脸神器,260428-361391798682187,已发货，退款成功,1	,2026-04-28 09:41:14,	,退款成功,169.0	,169.0	
趣白全自动洗面奶打泡机感应泡沫机绵密泡沫礼品新品懒人洗脸神器,260428-017794415002187,已发货，退款成功,1	,2026-04-28 09:41:02,	,退款成功,169.0	,169.0	
趣白全自动洗面奶打泡机感应泡沫机绵密泡沫礼品新品懒人洗脸神器,260428-437602229770810,已发货，退款成功,1	,2026-04-28 09:40:18,	,退款成功,169.0	,169.0	
趣白全自动洗面奶打泡机感应泡沫机绵密泡沫礼品新品懒人洗脸神器,260428-469625792950252,已收货,1	,2026-04-28 09:34:11,	,无售后或售后取消,169.0	,169.0	
趣白全自动洗面奶打泡机感应泡沫机绵密泡沫礼品新品懒人洗脸神器,260428-413893926511706,已收货,1	,2026-04-28 09:28:18,	,无售后或售后取消,169.0	,169.0	
趣白全自动洗面奶打泡机感应泡沫机绵密泡沫礼品新品懒人洗脸神器,260428-423823941260837,已收货,1	,2026-04-28 09:07:23,	,无售后或售后取消,152.1	,169.0	
趣白全自动洗面奶打泡机感应泡沫机绵密泡沫礼品新品懒人洗脸神器,260428-485647982212198,已取消,1	,	,	,无售后或售后取消,141.96	,169.0	
趣白全自动洗面奶打泡机感应泡沫机绵密泡沫礼品新品懒人洗脸神器,260428-471334981941852,已发货，退款成功,1	,2026-04-28 09:02:48,	,退款成功,154.0	,169.0	
趣白全自动洗面奶打泡机感应泡沫机绵密泡沫礼品新品懒人洗脸神器,260428-309445291670327,已收货,1	,2026-04-28 08:58:53,	,无售后或售后取消,143.65	,169.0	
趣白全自动洗面奶打泡机感应泡沫机绵密泡沫礼品新品懒人洗脸神器,260428-249424811631941,已收货,1	,2026-04-28 08:53:26,	,无售后或售后取消,135.2	,169.0	
趣白全自动洗面奶打泡机感应泡沫机绵密泡沫礼品新品懒人洗脸神器,260428-226387638691394,未发货，退款成功,1	,2026-04-28 08:52:26,	,退款成功,169.0	,169.0	
趣白全自动洗面奶打泡机感应泡沫机绵密泡沫礼品新品懒人洗脸神器,260428-255108114833340,已收货,1	,2026-04-28 08:39:42,	,无售后或售后取消,143.65	,169.0	
趣白全自动洗面奶打泡机感应泡沫机绵密泡沫礼品新品懒人洗脸神器,260428-447825856102638,已收货,1	,2026-04-28 08:39:01,	,无售后或售后取消,135.2	,169.0	
趣白全自动洗面奶打泡机感应泡沫机绵密泡沫礼品新品懒人洗脸神器,260428-686251129224001,已取消,1	,	,	,无售后或售后取消,140.27	,169.0	
趣白全自动洗面奶打泡机感应泡沫机绵密泡沫礼品新品懒人洗脸神器,260428-459716759900929,已发货，退款成功,1	,2026-04-28 08:23:41,	,退款成功,119.0	,169.0	
趣白全自动洗面奶打泡机感应泡沫机绵密泡沫礼品新品懒人洗脸神器,260428-644549189140067,已收货,1	,2026-04-28 08:21:18,	,无售后或售后取消,126.75	,169.0	
趣白全自动洗面奶打泡机感应泡沫机绵密泡沫礼品新品懒人洗脸神器,260428-248239910482810,已收货,1	,2026-04-28 08:17:04,	,无售后或售后取消,135.2	,169.0	
趣白全自动洗面奶打泡机感应泡沫机绵密泡沫礼品新品懒人洗脸神器,260428-035641136793529,已收货,1	,2026-04-28 08:11:24,	,无售后或售后取消,126.75	,169.0	
趣白全自动洗面奶打泡机感应泡沫机绵密泡沫礼品新品懒人洗脸神器,260428-648586227301435,已收货,1	,2026-04-28 08:05:31,	,无售后或售后取消,135.2	,169.0	
趣白全自动洗面奶打泡机感应泡沫机绵密泡沫礼品新品懒人洗脸神器,260428-452492009040828,已收货，退款成功,1	,2026-04-28 08:03:26,	,退款成功,152.1	,169.0	
趣白全自动洗面奶打泡机感应泡沫机绵密泡沫礼品新品懒人洗脸神器,260428-068933393971773,已收货,1	,2026-04-28 08:01:47,	,无售后或售后取消,169.0	,169.0	
趣白全自动洗面奶打泡机感应泡沫机绵密泡沫礼品新品懒人洗脸神器,260428-260434839100022,已收货,1	,2026-04-28 07:53:17,	,无售后或售后取消,143.65	,169.0	
趣白全自动洗面奶打泡机感应泡沫机绵密泡沫礼品新品懒人洗脸神器,260428-589446572441579,已发货，退款成功,1	,2026-04-28 07:40:34,	,退款成功,169.0	,169.0	
趣白全自动洗面奶打泡机感应泡沫机绵密泡沫礼品新品懒人洗脸神器,260428-413390651683845,已收货,1	,2026-04-28 07:37:04,	,无售后或售后取消,135.2	,169.0	
趣白全自动洗面奶打泡机感应泡沫机绵密泡沫礼品新品懒人洗脸神器,260428-650966516043523,已收货,1	,2026-04-28 07:36:07,	,无售后或售后取消,143.65	,169.0	
趣白全自动洗面奶打泡机感应泡沫机绵密泡沫礼品新品懒人洗脸神器,260428-633843228170102,已发货，退款成功,1	,2026-04-28 07:22:02,	,退款成功,169.0	,169.0	
趣白全自动洗面奶打泡机感应泡沫机绵密泡沫礼品新品懒人洗脸神器,260428-050866502031336,已收货,1	,2026-04-28 07:12:55,	,无售后或售后取消,169.0	,169.0	
趣白全自动洗面奶打泡机感应泡沫机绵密泡沫礼品新品懒人洗脸神器,260428-112103330170523,已收货,1	,2026-04-28 07:10:11,	,无售后或售后取消,169.0	,169.0	
趣白全自动洗面奶打泡机感应泡沫机绵密泡沫礼品新品懒人洗脸神器,260428-492642036154080,已收货,1	,2026-04-28 07:04:49,	,无售后或售后取消,169.0	,169.0	
趣白全自动洗面奶打泡机感应泡沫机绵密泡沫礼品新品懒人洗脸神器,260428-000503344672143,已收货，退款成功,1	,2026-04-28 06:53:53,	,退款成功,136.89	,169.0	
趣白全自动洗面奶打泡机感应泡沫机绵密泡沫礼品新品懒人洗脸神器,260428-063145306482469,已收货,1	,2026-04-28 06:21:25,	,无售后或售后取消,169.0	,169.0	
趣白全自动洗面奶打泡机感应泡沫机绵密泡沫礼品新品懒人洗脸神器,260428-458552798743193,已发货，退款成功,1	,2026-04-28 06:11:02,	,退款成功,147.03	,169.0	
趣白全自动洗面奶打泡机感应泡沫机绵密泡沫礼品新品懒人洗脸神器,260428-613144358473237,已发货，退款成功,1	,2026-04-28 05:47:40,	,退款成功,126.75	,169.0	
趣白全自动洗面奶打泡机感应泡沫机绵密泡沫礼品新品懒人洗脸神器,260428-332860003842005,已取消,1	,	,	,无售后或售后取消,160.55	,169.0	
趣白全自动洗面奶打泡机感应泡沫机绵密泡沫礼品新品懒人洗脸神器,260428-395564859710361,已发货，退款成功,1	,2026-04-28 05:36:36,	,退款成功,169.0	,169.0	
趣白全自动洗面奶打泡机感应泡沫机绵密泡沫礼品新品懒人洗脸神器,260428-426172793183374,未发货，退款成功,1	,2026-04-28 04:08:41,	,退款成功,143.65	,169.0	
趣白全自动洗面奶打泡机感应泡沫机绵密泡沫礼品新品懒人洗脸神器,260428-392691792273650,已收货,1	,2026-04-28 03:34:36,	,无售后或售后取消,126.75	,169.0	
趣白全自动洗面奶打泡机感应泡沫机绵密泡沫礼品新品懒人洗脸神器,260428-132560985633985,已收货,1	,2026-04-28 03:22:19,	,无售后或售后取消,169.0	,169.0	
趣白全自动洗面奶打泡机感应泡沫机绵密泡沫礼品新品懒人洗脸神器,260428-564909842003012,已收货,1	,2026-04-28 03:19:18,	,无售后或售后取消,157.0	,169.0	
趣白全自动洗面奶打泡机感应泡沫机绵密泡沫礼品新品懒人洗脸神器,260428-140697935374079,已收货,1	,2026-04-28 02:42:03,	,无售后或售后取消,119.0	,169.0	
趣白全自动洗面奶打泡机感应泡沫机绵密泡沫礼品新品懒人洗脸神器,260428-126510712423846,已收货,1	,2026-04-28 02:37:18,	,无售后或售后取消,169.0	,169.0	
趣白全自动洗面奶打泡机感应泡沫机绵密泡沫礼品新品懒人洗脸神器,260428-372265531771893,已收货,1	,2026-04-28 02:33:49,顺丰,无售后或售后取消,145.34	,169.0	
趣白全自动洗面奶打泡机感应泡沫机绵密泡沫礼品新品懒人洗脸神器,260428-476703680893998,已收货,1	,2026-04-28 01:17:05,	,无售后或售后取消,135.2	,169.0	
趣白全自动洗面奶打泡机感应泡沫机绵密泡沫礼品新品懒人洗脸神器,260428-046063951380884,已收货,1	,2026-04-28 01:00:10,	,无售后或售后取消,135.2	,169.0	
趣白全自动洗面奶打泡机感应泡沫机绵密泡沫礼品新品懒人洗脸神器,260428-088122345003336,已收货,1	,2026-04-28 00:39:19,	,无售后或售后取消,143.65	,169.0	
趣白全自动洗面奶打泡机感应泡沫机绵密泡沫礼品新品懒人洗脸神器,260428-104270405242671,已取消,1	,	,	,无售后或售后取消,145.34	,169.0	
趣白全自动洗面奶打泡机感应泡沫机绵密泡沫礼品新品懒人洗脸神器,260428-073274519060628,已收货，退款成功,1	,2026-04-28 00:26:28,	,退款成功,143.65	,169.0	
趣白全自动洗面奶打泡机感应泡沫机绵密泡沫礼品新品懒人洗脸神器,260428-190169751073640,未发货，退款成功,1	,2026-04-28 00:24:08,	,退款成功,119.0	,169.0	
趣白全自动洗面奶打泡机感应泡沫机绵密泡沫礼品新品懒人洗脸神器,260427-250531059232363,未发货，退款成功,1	,2026-04-27 23:58:20,	,退款成功,169.0	,169.0	
趣白全自动洗面奶打泡机感应泡沫机绵密泡沫礼品新品懒人洗脸神器,260427-470690097482998,已取消,1	,	,	,无售后或售后取消,145.34	,169.0	
趣白全自动洗面奶打泡机感应泡沫机绵密泡沫礼品新品懒人洗脸神器,260427-173759609223827,已发货，退款成功,1	,2026-04-27 23:45:44,	,退款成功,138.58	,169.0	
趣白全自动洗面奶打泡机感应泡沫机绵密泡沫礼品新品懒人洗脸神器,260427-599539136932667,已收货,1	,2026-04-27 23:43:58,顺丰,无售后或售后取消,130.13	,169.0	
趣白全自动洗面奶打泡机感应泡沫机绵密泡沫礼品新品懒人洗脸神器,260427-216410437933020,已收货,1	,2026-04-27 23:30:31,	,无售后或售后取消,151.89	,169.0	
趣白全自动洗面奶打泡机感应泡沫机绵密泡沫礼品新品懒人洗脸神器,260427-469751580190804,已发货，退款成功,1	,2026-04-27 23:26:46,	,退款成功,169.0	,169.0	
趣白全自动洗面奶打泡机感应泡沫机绵密泡沫礼品新品懒人洗脸神器,260427-060675878463630,未发货，退款成功,1	,2026-04-27 23:17:09,	,退款成功,157.46	,169.0	
趣白全自动洗面奶打泡机感应泡沫机绵密泡沫礼品新品懒人洗脸神器,260427-296385329523979,已收货，退款成功,1	,2026-04-27 23:10:55,	,退款成功,161.0	,169.0	
趣白全自动洗面奶打泡机感应泡沫机绵密泡沫礼品新品懒人洗脸神器,260427-005022728494010,已收货，退款成功,2	,2026-04-27 23:04:33,	,退款成功,234.62	,334.62	
趣白全自动洗面奶打泡机感应泡沫机绵密泡沫礼品新品懒人洗脸神器,260427-646945227183099,未发货，退款成功,1	,2026-04-27 23:04:07,	,退款成功,169.0	,169.0	
趣白全自动洗面奶打泡机感应泡沫机绵密泡沫礼品新品懒人洗脸神器,260427-185293903422559,已收货,1	,2026-04-27 23:01:29,	,无售后或售后取消,139.0	,169.0	
趣白全自动洗面奶打泡机感应泡沫机绵密泡沫礼品新品懒人洗脸神器,260427-070144530020805,已收货,1	,2026-04-27 23:00:06,	,无售后或售后取消,143.65	,169.0	
趣白全自动洗面奶打泡机感应泡沫机绵密泡沫礼品新品懒人洗脸神器,260427-076703414653647,已发货，退款成功,1	,2026-04-27 22:58:21,	,退款成功,169.0	,169.0	
趣白全自动洗面奶打泡机感应泡沫机绵密泡沫礼品新品懒人洗脸神器,260427-607801915780560,已收货，退款成功,1	,2026-04-27 22:57:06,	,退款成功,152.1	,169.0	
趣白全自动洗面奶打泡机感应泡沫机绵密泡沫礼品新品懒人洗脸神器,260427-461195241851575,已收货,1	,2026-04-27 22:47:40,	,无售后或售后取消,169.0	,169.0	
趣白全自动洗面奶打泡机感应泡沫机绵密泡沫礼品新品懒人洗脸神器,260427-443636815411766,已取消,1	,	,	,无售后或售后取消,168.89	,169.0	
趣白全自动洗面奶打泡机感应泡沫机绵密泡沫礼品新品懒人洗脸神器,260427-141295686031953,已收货，退款成功,1	,2026-04-27 22:38:26,	,退款成功,169.0	,169.0	
趣白全自动洗面奶打泡机感应泡沫机绵密泡沫礼品新品懒人洗脸神器,260427-061981407652667,已取消,1	,	,	,无售后或售后取消,143.65	,169.0	
趣白全自动洗面奶打泡机感应泡沫机绵密泡沫礼品新品懒人洗脸神器,260427-383978053242671,已取消,1	,	,	,无售后或售后取消,169.0	,169.0	
趣白全自动洗面奶打泡机感应泡沫机绵密泡沫礼品新品懒人洗脸神器,260427-280142877102260,已收货,1	,2026-04-27 22:25:41,	,无售后或售后取消,169.0	,169.0	
趣白全自动洗面奶打泡机感应泡沫机绵密泡沫礼品新品懒人洗脸神器,260427-541343127180560,已发货，退款成功,1	,2026-04-27 22:22:20,	,退款成功,169.0	,169.0	
趣白全自动洗面奶打泡机感应泡沫机绵密泡沫礼品新品懒人洗脸神器,260427-588969480612667,已取消,1	,	,	,无售后或售后取消,169.0	,169.0	
趣白全自动洗面奶打泡机感应泡沫机绵密泡沫礼品新品懒人洗脸神器,260427-468142005890841,已收货,1	,2026-04-27 22:16:55,	,无售后或售后取消,148.72	,169.0	
趣白全自动洗面奶打泡机感应泡沫机绵密泡沫礼品新品懒人洗脸神器,260427-656204173640694,已收货,1	,2026-04-27 22:15:50,	,无售后或售后取消,118.3	,169.0	
趣白全自动洗面奶打泡机感应泡沫机绵密泡沫礼品新品懒人洗脸神器,260427-521871092122661,未发货，退款成功,1	,2026-04-27 22:12:20,	,退款成功,159.21	,169.0	
趣白全自动洗面奶打泡机感应泡沫机绵密泡沫礼品新品懒人洗脸神器,260427-426801938862776,未发货，退款成功,1	,2026-04-27 22:07:47,	,退款成功,167.0	,169.0	
趣白全自动洗面奶打泡机感应泡沫机绵密泡沫礼品新品懒人洗脸神器,260427-518809198210894,已发货，退款成功,1	,2026-04-27 22:05:25,	,退款成功,145.34	,169.0	
趣白全自动洗面奶打泡机感应泡沫机绵密泡沫礼品新品懒人洗脸神器,260427-293690437130885,已收货,1	,2026-04-27 21:53:28,	,无售后或售后取消,145.34	,169.0	
趣白全自动洗面奶打泡机感应泡沫机绵密泡沫礼品新品懒人洗脸神器,260427-594002613870100,已收货,1	,2026-04-27 21:50:38,	,无售后或售后取消,126.75	,169.0	
趣白全自动洗面奶打泡机感应泡沫机绵密泡沫礼品新品懒人洗脸神器,260427-624558098060510,已收货,1	,2026-04-27 21:39:45,	,无售后或售后取消,169.0	,169.0	
趣白全自动洗面奶打泡机感应泡沫机绵密泡沫礼品新品懒人洗脸神器,260427-453808023932259,已发货，退款成功,1	,2026-04-27 21:39:02,	,退款成功,169.0	,169.0	
趣白全自动洗面奶打泡机感应泡沫机绵密泡沫礼品新品懒人洗脸神器,260427-177408581143090,已收货,1	,2026-04-27 21:29:59,	,无售后或售后取消,169.0	,169.0	
趣白全自动洗面奶打泡机感应泡沫机绵密泡沫礼品新品懒人洗脸神器,260427-484971660913988,未发货，退款成功,1	,2026-04-27 21:29:51,	,退款成功,148.5	,169.0	
趣白全自动洗面奶打泡机感应泡沫机绵密泡沫礼品新品懒人洗脸神器,260427-566079066500804,已收货,1	,2026-04-27 21:29:28,	,无售后或售后取消,143.65	,169.0	
趣白全自动洗面奶打泡机感应泡沫机绵密泡沫礼品新品懒人洗脸神器,260427-015125778783516,未发货，退款成功,1	,2026-04-27 21:18:10,	,退款成功,152.1	,169.0	
趣白全自动洗面奶打泡机感应泡沫机绵密泡沫礼品新品懒人洗脸神器,260427-041277222460543,已收货，退款成功,1	,2026-04-27 21:17:10,	,退款成功,143.65	,169.0	
趣白全自动洗面奶打泡机感应泡沫机绵密泡沫礼品新品懒人洗脸神器,260427-457394164033154,已发货，退款成功,1	,2026-04-27 21:06:21,	,退款成功,169.0	,169.0	
趣白全自动洗面奶打泡机感应泡沫机绵密泡沫礼品新品懒人洗脸神器,260427-114279135640523,已收货,1	,2026-04-27 21:03:59,	,无售后或售后取消,131.82	,169.0	
趣白全自动洗面奶打泡机感应泡沫机绵密泡沫礼品新品懒人洗脸神器,260427-580476025132555,已收货,1	,2026-04-27 20:57:03,	,无售后或售后取消,147.03	,169.0	
趣白全自动洗面奶打泡机感应泡沫机绵密泡沫礼品新品懒人洗脸神器,260427-032930588981559,已收货,1	,2026-04-27 20:50:44,	,无售后或售后取消,152.1	,169.0	
趣白全自动洗面奶打泡机感应泡沫机绵密泡沫礼品新品懒人洗脸神器,260427-366136553043035,未发货，退款成功,1	,2026-04-27 20:37:40,	,退款成功,160.55	,169.0	
趣白全自动洗面奶打泡机感应泡沫机绵密泡沫礼品新品懒人洗脸神器,260427-323186859653046,已收货,1	,2026-04-27 20:30:02,	,无售后或售后取消,143.65	,169.0	
趣白全自动洗面奶打泡机感应泡沫机绵密泡沫礼品新品懒人洗脸神器,260427-642006434230858,已收货,1	,2026-04-27 20:18:22,	,无售后或售后取消,138.58	,169.0	
趣白全自动洗面奶打泡机感应泡沫机绵密泡沫礼品新品懒人洗脸神器,260427-442986677761870,已收货,1	,2026-04-27 19:48:53,	,无售后或售后取消,143.65	,169.0	
趣白全自动洗面奶打泡机感应泡沫机绵密泡沫礼品新品懒人洗脸神器,260427-624033830412276,已收货,1	,2026-04-27 19:26:51,	,无售后或售后取消,169.0	,169.0	
趣白全自动洗面奶打泡机感应泡沫机绵密泡沫礼品新品懒人洗脸神器,260427-334133993081247,已发货，退款成功,2	,2026-04-27 19:25:36,	,退款成功,334.62	,334.62	
趣白全自动洗面奶打泡机感应泡沫机绵密泡沫礼品新品懒人洗脸神器,260427-064707674410925,已发货，退款成功,1	,2026-04-27 19:11:45,	,退款成功,169.0	,169.0	
趣白全自动洗面奶打泡机感应泡沫机绵密泡沫礼品新品懒人洗脸神器,260427-562209810762998,已取消,1	,	,	,无售后或售后取消,169.0	,169.0	
趣白全自动洗面奶打泡机感应泡沫机绵密泡沫礼品新品懒人洗脸神器,260427-538574865943108,已收货,1	,2026-04-27 19:03:24,	,无售后或售后取消,135.2	,169.0	
趣白全自动洗面奶打泡机感应泡沫机绵密泡沫礼品新品懒人洗脸神器,260427-482921684501489,已收货,1	,2026-04-27 18:40:13,	,无售后或售后取消,143.79	,169.0	
趣白全自动洗面奶打泡机感应泡沫机绵密泡沫礼品新品懒人洗脸神器,260427-048931817041076,已取消,1	,	,	,无售后或售后取消,126.75	,169.0	
趣白全自动洗面奶打泡机感应泡沫机绵密泡沫礼品新品懒人洗脸神器,260427-115621292391548,已收货,1	,2026-04-27 18:14:38,	,无售后或售后取消,143.65	,169.0	
趣白全自动洗面奶打泡机感应泡沫机绵密泡沫礼品新品懒人洗脸神器,260427-183296397741679,已收货,1	,2026-04-27 18:12:49,	,无售后或售后取消,143.65	,169.0	
趣白全自动洗面奶打泡机感应泡沫机绵密泡沫礼品新品懒人洗脸神器,260427-641466396231615,已收货,1	,2026-04-27 17:55:58,	,无售后或售后取消,161.0	,169.0	
趣白全自动洗面奶打泡机感应泡沫机绵密泡沫礼品新品懒人洗脸神器,260427-562361874870724,未发货，退款成功,1	,2026-04-27 17:30:19,	,退款成功,169.0	,169.0	
趣白全自动洗面奶打泡机感应泡沫机绵密泡沫礼品新品懒人洗脸神器,260427-631185129761701,已收货,1	,2026-04-27 17:24:04,	,无售后或售后取消,145.34	,169.0	
趣白全自动洗面奶打泡机感应泡沫机绵密泡沫礼品新品懒人洗脸神器,260427-174593185421255,已收货,1	,2026-04-27 17:22:42,	,无售后或售后取消,143.65	,169.0	
趣白全自动洗面奶打泡机感应泡沫机绵密泡沫礼品新品懒人洗脸神器,260427-188581210463465,已收货,1	,2026-04-27 17:09:13,	,无售后或售后取消,169.0	,169.0	
趣白全自动洗面奶打泡机感应泡沫机绵密泡沫礼品新品懒人洗脸神器,260427-398757731983521,已收货,1	,2026-04-27 17:04:52,	,无售后或售后取消,169.0	,169.0	
趣白全自动洗面奶打泡机感应泡沫机绵密泡沫礼品新品懒人洗脸神器,260427-606942021213121,已收货,1	,2026-04-27 17:03:11,	,无售后或售后取消,148.72	,169.0	
趣白全自动洗面奶打泡机感应泡沫机绵密泡沫礼品新品懒人洗脸神器,260427-485438287482671,已收货,1	,2026-04-27 17:02:15,	,无售后或售后取消,166.5	,169.0	
趣白全自动洗面奶打泡机感应泡沫机绵密泡沫礼品新品懒人洗脸神器,260427-348950434203081,已收货,1	,2026-04-27 17:00:07,	,无售后或售后取消,126.75	,169.0	
趣白全自动洗面奶打泡机感应泡沫机绵密泡沫礼品新品懒人洗脸神器,260427-128917246243325,已收货,1	,2026-04-27 16:59:30,	,无售后或售后取消,143.65	,169.0	
趣白全自动洗面奶打泡机感应泡沫机绵密泡沫礼品新品懒人洗脸神器,260427-510137516471416,已收货,1	,2026-04-27 16:53:56,	,无售后或售后取消,169.0	,169.0	
趣白全自动洗面奶打泡机感应泡沫机绵密泡沫礼品新品懒人洗脸神器,260427-158114834840803,已收货,1	,2026-04-27 16:33:42,	,无售后或售后取消,135.2	,169.0	
趣白全自动洗面奶打泡机感应泡沫机绵密泡沫礼品新品懒人洗脸神器,260427-180486182481323,已收货,1	,2026-04-27 16:32:20,	,无售后或售后取消,169.0	,169.0	
趣白全自动洗面奶打泡机感应泡沫机绵密泡沫礼品新品懒人洗脸神器,260427-434813069603787,已收货,1	,2026-04-27 16:28:58,	,无售后或售后取消,135.2	,169.0	
趣白全自动洗面奶打泡机感应泡沫机绵密泡沫礼品新品懒人洗脸神器,260427-591003717950562,已收货，退款成功,1	,2026-04-27 16:23:53,	,退款成功,169.0	,169.0	
趣白全自动洗面奶打泡机感应泡沫机绵密泡沫礼品新品懒人洗脸神器,260427-045828063543156,已收货,1	,2026-04-27 16:10:50,	,无售后或售后取消,163.0	,169.0	
趣白全自动洗面奶打泡机感应泡沫机绵密泡沫礼品新品懒人洗脸神器,260427-581713282670709,已收货,1	,2026-04-27 16:10:40,	,无售后或售后取消,138.58	,169.0	
趣白全自动洗面奶打泡机感应泡沫机绵密泡沫礼品新品懒人洗脸神器,260427-038970396981454,未发货，退款成功,1	,2026-04-27 16:04:39,	,退款成功,169.0	,169.0	
趣白全自动洗面奶打泡机感应泡沫机绵密泡沫礼品新品懒人洗脸神器,260427-470228724141322,未发货，退款成功,1	,2026-04-27 16:03:47,	,退款成功,169.0	,169.0	
趣白全自动洗面奶打泡机感应泡沫机绵密泡沫礼品新品懒人洗脸神器,260427-089579865713712,已收货,1	,2026-04-27 15:50:07,	,无售后或售后取消,152.1	,169.0	
趣白全自动洗面奶打泡机感应泡沫机绵密泡沫礼品新品懒人洗脸神器,260427-444685370912250,已收货,1	,2026-04-27 15:42:14,	,无售后或售后取消,152.1	,169.0	
趣白全自动洗面奶打泡机感应泡沫机绵密泡沫礼品新品懒人洗脸神器,260427-077495047763491,已收货,1	,2026-04-27 15:37:18,	,无售后或售后取消,140.27	,169.0	
趣白全自动洗面奶打泡机感应泡沫机绵密泡沫礼品新品懒人洗脸神器,260427-501455317372446,已收货,1	,2026-04-27 15:29:37,	,无售后或售后取消,152.1	,169.0	
趣白全自动洗面奶打泡机感应泡沫机绵密泡沫礼品新品懒人洗脸神器,260427-515170711851755,已取消,1	,	,	,无售后或售后取消,130.13	,169.0	
趣白全自动洗面奶打泡机感应泡沫机绵密泡沫礼品新品懒人洗脸神器,260427-435059485070731,已收货,1	,2026-04-27 15:07:46,	,无售后或售后取消,145.34	,169.0	
趣白全自动洗面奶打泡机感应泡沫机绵密泡沫礼品新品懒人洗脸神器,260427-475157010023358,已发货，退款成功,1	,2026-04-27 15:04:38,	,退款成功,169.0	,169.0	
趣白全自动洗面奶打泡机感应泡沫机绵密泡沫礼品新品懒人洗脸神器,260427-069656942102049,已发货，退款成功,1	,2026-04-27 15:03:39,	,退款成功,135.2	,169.0	
趣白全自动洗面奶打泡机感应泡沫机绵密泡沫礼品新品懒人洗脸神器,260427-208991700620806,已收货,1	,2026-04-27 14:44:26,	,无售后或售后取消,160.55	,169.0	
趣白全自动洗面奶打泡机感应泡沫机绵密泡沫礼品新品懒人洗脸神器,260427-176900094330940,已收货，退款成功,1	,2026-04-27 14:38:54,	,退款成功,128.44	,169.0	
趣白全自动洗面奶打泡机感应泡沫机绵密泡沫礼品新品懒人洗脸神器,260427-191139756431872,已发货，退款成功,1	,2026-04-27 14:29:27,	,退款成功,169.0	,169.0	
趣白全自动洗面奶打泡机感应泡沫机绵密泡沫礼品新品懒人洗脸神器,260427-318520768913334,已收货,1	,2026-04-27 14:29:05,	,无售后或售后取消,130.13	,169.0	
趣白全自动洗面奶打泡机感应泡沫机绵密泡沫礼品新品懒人洗脸神器,260427-488494876233909,已收货,1	,2026-04-27 14:27:26,	,无售后或售后取消,160.55	,169.0	
趣白全自动洗面奶打泡机感应泡沫机绵密泡沫礼品新品懒人洗脸神器,260427-092096510381860,已收货,1	,2026-04-27 14:14:58,	,无售后或售后取消,169.0	,169.0	
趣白全自动洗面奶打泡机感应泡沫机绵密泡沫礼品新品懒人洗脸神器,260427-510661762623896,已发货，退款成功,1	,2026-04-27 14:14:04,	,退款成功,126.75	,169.0	
趣白全自动洗面奶打泡机感应泡沫机绵密泡沫礼品新品懒人洗脸神器,260427-174781940051298,已收货，退款成功,1	,2026-04-27 13:55:22,	,退款成功,152.1	,169.0	
趣白全自动洗面奶打泡机感应泡沫机绵密泡沫礼品新品懒人洗脸神器,260427-672855508563373,已收货,1	,2026-04-27 13:54:25,	,无售后或售后取消,167.12	,169.0	
趣白全自动洗面奶打泡机感应泡沫机绵密泡沫礼品新品懒人洗脸神器,260427-025407056314020,已收货,1	,2026-04-27 13:44:18,	,无售后或售后取消,169.0	,169.0	
趣白全自动洗面奶打泡机感应泡沫机绵密泡沫礼品新品懒人洗脸神器,260427-191658759792907,已收货,1	,2026-04-27 13:33:43,	,无售后或售后取消,169.0	,169.0	
趣白全自动洗面奶打泡机感应泡沫机绵密泡沫礼品新品懒人洗脸神器,260427-662888845632104,已发货，退款成功,1	,2026-04-27 13:32:04,	,退款成功,169.0	,169.0	
趣白全自动洗面奶打泡机感应泡沫机绵密泡沫礼品新品懒人洗脸神器,260427-563410450731035,未发货，退款成功,1	,2026-04-27 13:27:28,	,退款成功,154.0	,169.0	
趣白全自动洗面奶打泡机感应泡沫机绵密泡沫礼品新品懒人洗脸神器,260427-240155431311829,已发货，退款成功,1	,2026-04-27 13:25:28,	,退款成功,135.2	,169.0	
趣白全自动洗面奶打泡机感应泡沫机绵密泡沫礼品新品懒人洗脸神器,260427-182158682423437,已收货,1	,2026-04-27 13:22:51,	,无售后或售后取消,136.89	,169.0	
趣白全自动洗面奶打泡机感应泡沫机绵密泡沫礼品新品懒人洗脸神器,260427-642840072492215,已收货,1	,2026-04-27 16:56:34,	,无售后或售后取消,135.2	,169.0	
趣白全自动洗面奶打泡机感应泡沫机绵密泡沫礼品新品懒人洗脸神器,260427-553805452812030,已收货,1	,2026-04-27 13:12:34,	,无售后或售后取消,152.1	,169.0	
趣白全自动洗面奶打泡机感应泡沫机绵密泡沫礼品新品懒人洗脸神器,260427-011754596670952,未发货，退款成功,1	,2026-04-27 13:12:30,	,退款成功,163.54	,169.0	
趣白全自动洗面奶打泡机感应泡沫机绵密泡沫礼品新品懒人洗脸神器,260427-368123614852015,已收货,1	,2026-04-27 13:11:20,	,无售后或售后取消,143.65	,169.0	
趣白全自动洗面奶打泡机感应泡沫机绵密泡沫礼品新品懒人洗脸神器,260427-228904158861058,已收货,1	,2026-04-27 12:59:25,	,无售后或售后取消,143.65	,169.0	
趣白全自动洗面奶打泡机感应泡沫机绵密泡沫礼品新品懒人洗脸神器,260427-326579023423064,已发货，退款成功,1	,2026-04-27 12:52:33,	,退款成功,166.0	,169.0	
趣白全自动洗面奶打泡机感应泡沫机绵密泡沫礼品新品懒人洗脸神器,260427-443998595433816,未发货，退款成功,1	,2026-04-27 12:50:46,	,退款成功,152.1	,169.0	
趣白全自动洗面奶打泡机感应泡沫机绵密泡沫礼品新品懒人洗脸神器,260427-030817708473594,已收货,1	,2026-04-27 12:41:08,	,无售后或售后取消,169.0	,169.0	
趣白全自动洗面奶打泡机感应泡沫机绵密泡沫礼品新品懒人洗脸神器,260427-488804195972198,已取消,1	,	,	,无售后或售后取消,135.2	,169.0	
趣白全自动洗面奶打泡机感应泡沫机绵密泡沫礼品新品懒人洗脸神器,260427-537856611953882,未发货，退款成功,1	,2026-04-27 11:53:38,	,退款成功,169.0	,169.0	
趣白全自动洗面奶打泡机感应泡沫机绵密泡沫礼品新品懒人洗脸神器,260427-382782718241295,已发货，退款成功,1	,2026-04-27 11:45:34,	,退款成功,152.1	,169.0	
趣白全自动洗面奶打泡机感应泡沫机绵密泡沫礼品新品懒人洗脸神器,260427-202438142242684,未发货，退款成功,1	,2026-04-27 11:40:06,	,退款成功,160.62	,169.0	
趣白全自动洗面奶打泡机感应泡沫机绵密泡沫礼品新品懒人洗脸神器,260427-263108697602484,未发货，退款成功,1	,2026-04-27 11:36:57,	,退款成功,169.0	,169.0	
趣白全自动洗面奶打泡机感应泡沫机绵密泡沫礼品新品懒人洗脸神器,260427-219288779130568,已发货，退款成功,1	,2026-04-27 11:38:12,	,退款成功,140.27	,169.0	
趣白全自动洗面奶打泡机感应泡沫机绵密泡沫礼品新品懒人洗脸神器,260427-223304794423328,已收货,1	,2026-04-27 11:33:51,	,无售后或售后取消,135.2	,169.0	
趣白全自动洗面奶打泡机感应泡沫机绵密泡沫礼品新品懒人洗脸神器,260427-247778568591643,已收货,1	,2026-04-27 11:33:00,	,无售后或售后取消,169.0	,169.0	
趣白全自动洗面奶打泡机感应泡沫机绵密泡沫礼品新品懒人洗脸神器,260427-460136190342490,已收货，退款成功,1	,2026-04-27 11:32:36,	,退款成功,143.65	,169.0	
趣白全自动洗面奶打泡机感应泡沫机绵密泡沫礼品新品懒人洗脸神器,260427-365449787743365,已收货，退款成功,1	,2026-04-27 11:31:08,	,退款成功,169.0	,169.0	
趣白全自动洗面奶打泡机感应泡沫机绵密泡沫礼品新品懒人洗脸神器,260427-647999066514040,已收货,1	,2026-04-27 11:31:02,	,无售后或售后取消,169.0	,169.0	
趣白全自动洗面奶打泡机感应泡沫机绵密泡沫礼品新品懒人洗脸神器,260427-150533640563984,已收货,1	,2026-04-27 11:14:29,	,无售后或售后取消,169.0	,169.0	
趣白全自动洗面奶打泡机感应泡沫机绵密泡沫礼品新品懒人洗脸神器,260427-257006037402757,已取消,1	,	,	,无售后或售后取消,140.27	,169.0	
趣白全自动洗面奶打泡机感应泡沫机绵密泡沫礼品新品懒人洗脸神器,260427-352206242150038,已收货，退款成功,1	,2026-04-27 11:13:23,	,退款成功,160.55	,169.0	
趣白全自动洗面奶打泡机感应泡沫机绵密泡沫礼品新品懒人洗脸神器,260427-162665612891477,已收货,1	,2026-04-27 11:13:29,	,无售后或售后取消,169.0	,169.0	
趣白全自动洗面奶打泡机感应泡沫机绵密泡沫礼品新品懒人洗脸神器,260427-270039857473489,已收货,1	,2026-04-27 11:11:49,	,无售后或售后取消,169.0	,169.0	
趣白全自动洗面奶打泡机感应泡沫机绵密泡沫礼品新品懒人洗脸神器,260427-344750877031952,未发货，退款成功,1	,2026-04-27 11:11:18,	,退款成功,169.0	,169.0	
趣白全自动洗面奶打泡机感应泡沫机绵密泡沫礼品新品懒人洗脸神器,260427-074700582481798,已收货，退款成功,1	,2026-04-27 10:58:19,	,退款成功,123.37	,169.0	
趣白全自动洗面奶打泡机感应泡沫机绵密泡沫礼品新品懒人洗脸神器,260427-202983380511922,已发货，待收货,1	,2026-04-27 10:54:14,	,无售后或售后取消,160.55	,169.0	
趣白全自动洗面奶打泡机感应泡沫机绵密泡沫礼品新品懒人洗脸神器,260427-340084734343677,已发货，退款成功,1	,2026-04-27 10:51:03,	,退款成功,154.0	,169.0	
趣白全自动洗面奶打泡机感应泡沫机绵密泡沫礼品新品懒人洗脸神器,260427-550680717670690,已发货，待收货,1	,2026-04-27 10:33:07,	,无售后或售后取消,169.0	,169.0	
趣白全自动洗面奶打泡机感应泡沫机绵密泡沫礼品新品懒人洗脸神器,260427-265751129663579,已取消,1	,	,	,无售后或售后取消,167.0	,169.0	
趣白全自动洗面奶打泡机感应泡沫机绵密泡沫礼品新品懒人洗脸神器,260427-353642811831576,已取消,20	,	,	,无售后或售后取消,3250.0	,3250.0	
趣白全自动洗面奶打泡机感应泡沫机绵密泡沫礼品新品懒人洗脸神器,260427-123616652880903,已发货，退款成功,1	,2026-04-27 10:27:44,	,退款成功,162.0	,169.0	
趣白全自动洗面奶打泡机感应泡沫机绵密泡沫礼品新品懒人洗脸神器,260427-213888592201038,已收货，退款成功,1	,2026-04-27 10:23:23,	,退款成功,135.2	,169.0	
趣白全自动洗面奶打泡机感应泡沫机绵密泡沫礼品新品懒人洗脸神器,260427-223189429831337,已发货，退款成功,1	,2026-04-27 10:19:39,	,退款成功,166.0	,169.0	
趣白全自动洗面奶打泡机感应泡沫机绵密泡沫礼品新品懒人洗脸神器,260427-615660930683732,已收货,1	,2026-04-27 10:18:52,	,无售后或售后取消,169.0	,169.0	
趣白全自动洗面奶打泡机感应泡沫机绵密泡沫礼品新品懒人洗脸神器,260427-368700363041572,已发货，退款成功,1	,2026-04-27 10:10:49,	,退款成功,169.0	,169.0	
趣白全自动洗面奶打泡机感应泡沫机绵密泡沫礼品新品懒人洗脸神器,260427-590862118551075,未发货，退款成功,1	,2026-04-27 10:06:37,	,退款成功,169.0	,169.0	
趣白全自动洗面奶打泡机感应泡沫机绵密泡沫礼品新品懒人洗脸神器,260427-119181155962912,已收货,1	,2026-04-27 10:02:14,	,无售后或售后取消,140.27	,169.0	
趣白全自动洗面奶打泡机感应泡沫机绵密泡沫礼品新品懒人洗脸神器,260427-329179533623472,已收货,1	,2026-04-27 09:54:22,	,无售后或售后取消,160.55	,169.0	
趣白全自动洗面奶打泡机感应泡沫机绵密泡沫礼品新品懒人洗脸神器,260427-216782672200949,已收货,1	,2026-04-27 09:49:39,	,无售后或售后取消,152.1	,169.0	
趣白全自动洗面奶打泡机感应泡沫机绵密泡沫礼品新品懒人洗脸神器,260427-506965563000648,已收货,1	,2026-04-27 09:38:54,	,无售后或售后取消,169.0	,169.0	
趣白全自动洗面奶打泡机感应泡沫机绵密泡沫礼品新品懒人洗脸神器,260427-108810781010244,已收货，退款成功,1	,2026-04-27 09:24:34,	,退款成功,169.0	,169.0	
趣白全自动洗面奶打泡机感应泡沫机绵密泡沫礼品新品懒人洗脸神器,260427-118751291694093,已发货，退款成功,1	,2026-04-27 09:21:36,	,退款成功,152.1	,169.0	
趣白全自动洗面奶打泡机感应泡沫机绵密泡沫礼品新品懒人洗脸神器,260427-201379028522133,已收货,1	,2026-04-27 09:20:35,	,无售后或售后取消,152.1	,169.0	
趣白全自动洗面奶打泡机感应泡沫机绵密泡沫礼品新品懒人洗脸神器,260427-104144576103604,已收货，退款成功,1	,2026-04-27 09:18:45,	,退款成功,163.0	,169.0	
趣白全自动洗面奶打泡机感应泡沫机绵密泡沫礼品新品懒人洗脸神器,260427-102949230170720,已发货，退款成功,1	,2026-04-27 09:02:33,	,退款成功,143.65	,169.0	
趣白全自动洗面奶打泡机感应泡沫机绵密泡沫礼品新品懒人洗脸神器,260427-616541796652791,已发货，退款成功,1	,2026-04-27 08:58:32,	,退款成功,169.0	,169.0	
趣白全自动洗面奶打泡机感应泡沫机绵密泡沫礼品新品懒人洗脸神器,260427-680001595781078,已收货,1	,2026-04-27 08:57:43,	,无售后或售后取消,169.0	,169.0	
趣白全自动洗面奶打泡机感应泡沫机绵密泡沫礼品新品懒人洗脸神器,260427-301067221390176,已收货,1	,2026-04-27 08:51:09,	,无售后或售后取消,160.55	,169.0	
趣白全自动洗面奶打泡机感应泡沫机绵密泡沫礼品新品懒人洗脸神器,260427-123648120330040,已收货,1	,2026-04-27 08:47:56,	,无售后或售后取消,166.0	,169.0	
趣白全自动洗面奶打泡机感应泡沫机绵密泡沫礼品新品懒人洗脸神器,260427-416767055411840,已收货,2	,2026-04-27 08:41:15,2套洗面奶机,无售后或售后取消,267.7	,334.62	
趣白全自动洗面奶打泡机感应泡沫机绵密泡沫礼品新品懒人洗脸神器,260427-193242141032117,已收货,1	,2026-04-27 08:40:18,	,无售后或售后取消,150.41	,169.0	
趣白全自动洗面奶打泡机感应泡沫机绵密泡沫礼品新品懒人洗脸神器,260427-372999493132116,已收货,1	,2026-04-27 08:14:32,	,无售后或售后取消,152.1	,169.0	
趣白全自动洗面奶打泡机感应泡沫机绵密泡沫礼品新品懒人洗脸神器,260427-574451893871033,已取消,1	,	,	,无售后或售后取消,140.27	,169.0	
趣白全自动洗面奶打泡机感应泡沫机绵密泡沫礼品新品懒人洗脸神器,260427-355855286562099,已发货，退款成功,1	,2026-04-27 08:10:04,	,退款成功,169.0	,169.0	
趣白全自动洗面奶打泡机感应泡沫机绵密泡沫礼品新品懒人洗脸神器,260427-118247995702503,已收货,1	,2026-04-27 07:57:00,	,无售后或售后取消,145.34	,169.0	
趣白全自动洗面奶打泡机感应泡沫机绵密泡沫礼品新品懒人洗脸神器,260427-321923377553136,已收货,1	,2026-04-27 07:55:57,	,无售后或售后取消,152.1	,169.0	
趣白全自动洗面奶打泡机感应泡沫机绵密泡沫礼品新品懒人洗脸神器,260427-129583081821197,已收货，退款成功,1	,2026-04-28 01:39:10,	,退款成功,150.41	,169.0	
趣白全自动洗面奶打泡机感应泡沫机绵密泡沫礼品新品懒人洗脸神器,260427-606999713404010,已收货,1	,2026-04-27 07:52:12,	,无售后或售后取消,169.0	,169.0	
趣白全自动洗面奶打泡机感应泡沫机绵密泡沫礼品新品懒人洗脸神器,260427-588303614350059,已发货，退款成功,1	,2026-04-27 07:52:13,	,退款成功,169.0	,169.0	
趣白全自动洗面奶打泡机感应泡沫机绵密泡沫礼品新品懒人洗脸神器,260427-554633817712397,已收货,1	,2026-04-27 07:35:47,	,无售后或售后取消,163.0	,169.0	
趣白全自动洗面奶打泡机感应泡沫机绵密泡沫礼品新品懒人洗脸神器,260427-454253658450294,已收货,1	,2026-04-27 07:19:31,	,无售后或售后取消,138.58	,169.0	
趣白全自动洗面奶打泡机感应泡沫机绵密泡沫礼品新品懒人洗脸神器,260427-596524460343964,已收货,1	,2026-04-27 07:14:28,	,无售后或售后取消,136.89	,169.0	
趣白全自动洗面奶打泡机感应泡沫机绵密泡沫礼品新品懒人洗脸神器,260427-450772416860091,已取消,1	,	,	,无售后或售后取消,147.03	,169.0	
趣白全自动洗面奶打泡机感应泡沫机绵密泡沫礼品新品懒人洗脸神器,260427-382373783891797,已收货,1	,2026-04-27 06:51:48,	,无售后或售后取消,152.1	,169.0	
趣白全自动洗面奶打泡机感应泡沫机绵密泡沫礼品新品懒人洗脸神器,260427-494057613612720,已收货,1	,2026-04-27 06:31:20,	,无售后或售后取消,152.1	,169.0	
趣白全自动洗面奶打泡机感应泡沫机绵密泡沫礼品新品懒人洗脸神器,260427-333080246561863,已收货,1	,2026-04-27 05:54:13,	,无售后或售后取消,136.89	,169.0	
趣白全自动洗面奶打泡机感应泡沫机绵密泡沫礼品新品懒人洗脸神器,260427-225286613402158,已收货,1	,2026-04-27 05:34:03,	,无售后或售后取消,169.0	,169.0	
趣白全自动洗面奶打泡机感应泡沫机绵密泡沫礼品新品懒人洗脸神器,260427-280861161770135,已收货,1	,2026-04-27 05:32:23,	,无售后或售后取消,160.55	,169.0	
趣白全自动洗面奶打泡机感应泡沫机绵密泡沫礼品新品懒人洗脸神器,260427-169030489723993,已收货,1	,2026-04-27 05:05:44,	,无售后或售后取消,169.0	,169.0	
趣白全自动洗面奶打泡机感应泡沫机绵密泡沫礼品新品懒人洗脸神器,260427-354670384771638,已收货,1	,2026-04-27 04:50:16,	,无售后或售后取消,169.0	,169.0	
趣白全自动洗面奶打泡机感应泡沫机绵密泡沫礼品新品懒人洗脸神器,260427-558513559042005,已取消,1	,	,	,无售后或售后取消,169.0	,169.0	
趣白全自动洗面奶打泡机感应泡沫机绵密泡沫礼品新品懒人洗脸神器,260427-124078057803197,已发货，退款成功,1	,2026-04-27 04:09:16,	,退款成功,128.44	,169.0	
趣白全自动洗面奶打泡机感应泡沫机绵密泡沫礼品新品懒人洗脸神器,260427-110750667193459,已收货,1	,2026-04-27 03:34:38,	,无售后或售后取消,169.0	,169.0	
趣白全自动洗面奶打泡机感应泡沫机绵密泡沫礼品新品懒人洗脸神器,260427-186793398584077,未发货，退款成功,1	,2026-04-27 03:17:35,	,退款成功,152.1	,169.0	
趣白全自动洗面奶打泡机感应泡沫机绵密泡沫礼品新品懒人洗脸神器,260427-431635884363197,已取消,1	,	,	,无售后或售后取消,169.0	,169.0	
趣白全自动洗面奶打泡机感应泡沫机绵密泡沫礼品新品懒人洗脸神器,260427-089611374992539,已收货,1	,2026-04-27 02:43:53,	,无售后或售后取消,169.0	,169.0	
趣白全自动洗面奶打泡机感应泡沫机绵密泡沫礼品新品懒人洗脸神器,260427-430052524352985,已发货，退款成功,1	,2026-04-27 02:34:50,	,退款成功,152.1	,169.0	
趣白全自动洗面奶打泡机感应泡沫机绵密泡沫礼品新品懒人洗脸神器,260427-166692196643693,已收货,1	,2026-04-27 01:45:43,	,无售后或售后取消,135.2	,169.0	
趣白全自动洗面奶打泡机感应泡沫机绵密泡沫礼品新品懒人洗脸神器,260427-596188905842304,已收货,1	,2026-04-27 01:27:55,	,无售后或售后取消,169.0	,169.0	
趣白全自动洗面奶打泡机感应泡沫机绵密泡沫礼品新品懒人洗脸神器,260427-418256054654014,已收货,1	,2026-04-27 01:27:26,	,无售后或售后取消,138.58	,169.0	
趣白全自动洗面奶打泡机感应泡沫机绵密泡沫礼品新品懒人洗脸神器,260427-473557952841726,已收货,1	,2026-04-27 01:26:05,	,无售后或售后取消,169.0	,169.0	
趣白全自动洗面奶打泡机感应泡沫机绵密泡沫礼品新品懒人洗脸神器,260427-178991951411443,已收货,1	,2026-04-27 01:08:16,	,无售后或售后取消,128.44	,169.0	
趣白全自动洗面奶打泡机感应泡沫机绵密泡沫礼品新品懒人洗脸神器,260427-387658596692985,已收货,1	,2026-04-27 00:58:37,	,无售后或售后取消,169.0	,169.0	
趣白全自动洗面奶打泡机感应泡沫机绵密泡沫礼品新品懒人洗脸神器,260427-121309837691869,已收货,1	,2026-04-27 00:57:33,	,无售后或售后取消,131.82	,169.0	
趣白全自动洗面奶打泡机感应泡沫机绵密泡沫礼品新品懒人洗脸神器,260427-612808793642440,已取消,1	,	,	,无售后或售后取消,143.65	,169.0	
趣白全自动洗面奶打泡机感应泡沫机绵密泡沫礼品新品懒人洗脸神器,260427-255024228653231,已收货,1	,2026-04-27 00:45:29,	,无售后或售后取消,169.0	,169.0	
趣白全自动洗面奶打泡机感应泡沫机绵密泡沫礼品新品懒人洗脸神器,260427-080362944860131,已收货,1	,2026-04-27 00:42:07,	,无售后或售后取消,168.93	,169.0	
趣白全自动洗面奶打泡机感应泡沫机绵密泡沫礼品新品懒人洗脸神器,260427-024589145742170,已发货，退款成功,1	,2026-04-27 00:38:24,	,退款成功,169.0	,169.0	
趣白全自动洗面奶打泡机感应泡沫机绵密泡沫礼品新品懒人洗脸神器,260427-607524001360120,已收货,1	,2026-04-27 00:36:06,	,无售后或售后取消,166.0	,169.0	
趣白全自动洗面奶打泡机感应泡沫机绵密泡沫礼品新品懒人洗脸神器,260427-158722956870207,已收货,1	,2026-04-27 00:34:30,	,无售后或售后取消,152.1	,169.0	
趣白全自动洗面奶打泡机感应泡沫机绵密泡沫礼品新品懒人洗脸神器,260427-431719718460918,已收货,1	,2026-04-27 00:25:41,	,无售后或售后取消,152.1	,169.0	
趣白全自动洗面奶打泡机感应泡沫机绵密泡沫礼品新品懒人洗脸神器,260427-295971111280659,已收货,1	,2026-04-27 00:24:28,顺丰,无售后或售后取消,169.0	,169.0	
趣白全自动洗面奶打泡机感应泡沫机绵密泡沫礼品新品懒人洗脸神器,260427-161921186203629,已收货，退款成功,1	,2026-04-27 00:08:14,	,退款成功,135.2	,169.0	
趣白全自动洗面奶打泡机感应泡沫机绵密泡沫礼品新品懒人洗脸神器,260426-085574367652544,已收货,1	,2026-04-26 23:28:38,	,无售后或售后取消,169.0	,169.0	
趣白全自动洗面奶打泡机感应泡沫机绵密泡沫礼品新品懒人洗脸神器,260426-260780879451913,已收货,1	,2026-04-26 23:15:36,	,无售后或售后取消,169.0	,169.0	
趣白全自动洗面奶打泡机感应泡沫机绵密泡沫礼品新品懒人洗脸神器,260426-053026548072912,已收货,1	,2026-04-26 23:09:01,	,无售后或售后取消,135.2	,169.0	
趣白全自动洗面奶打泡机感应泡沫机绵密泡沫礼品新品懒人洗脸神器,260426-614046155121520,已收货,1	,2026-04-26 23:04:13,	,无售后或售后取消,143.65	,169.0	
趣白全自动洗面奶打泡机感应泡沫机绵密泡沫礼品新品懒人洗脸神器,260426-034225600880559,已收货,1	,2026-04-26 22:44:58,	,无售后或售后取消,143.65	,169.0	
趣白全自动洗面奶打泡机感应泡沫机绵密泡沫礼品新品懒人洗脸神器,260426-105528727100788,已收货，退款成功,1	,2026-04-26 22:36:30,	,退款成功,150.41	,169.0	
趣白全自动洗面奶打泡机感应泡沫机绵密泡沫礼品新品懒人洗脸神器,260426-403051723180564,已收货,1	,2026-04-26 22:24:38,	,无售后或售后取消,169.0	,169.0	
趣白全自动洗面奶打泡机感应泡沫机绵密泡沫礼品新品懒人洗脸神器,260426-111201565091778,已收货,1	,2026-04-26 22:20:44,	,无售后或售后取消,152.1	,169.0	
趣白全自动洗面奶打泡机感应泡沫机绵密泡沫礼品新品懒人洗脸神器,260426-033743193670044,已发货，退款成功,1	,2026-04-26 22:14:44,	,退款成功,169.0	,169.0	
趣白全自动洗面奶打泡机感应泡沫机绵密泡沫礼品新品懒人洗脸神器,260426-461855855023890,已收货,1	,2026-04-26 22:01:32,	,无售后或售后取消,169.0	,169.0	
趣白全自动洗面奶打泡机感应泡沫机绵密泡沫礼品新品懒人洗脸神器,260426-431677775391185,已收货，退款成功,2	,2026-04-26 22:01:20,2套洗面奶机;(收)[1877214163146]*[1]#,退款成功,294.47	,334.62	
【购买前须联系客服确认】补收差价专用商品,260426-307379596920583,已收货,500	,2026-04-26 21:54:31,	,无售后或售后取消,5.0	,5.0	
趣白全自动洗面奶打泡机感应泡沫机绵密泡沫礼品新品懒人洗脸神器,260426-038388427053004,已收货,1	,2026-04-26 21:50:41,	,无售后或售后取消,169.0	,169.0	
趣白全自动洗面奶打泡机感应泡沫机绵密泡沫礼品新品懒人洗脸神器,260426-319794726532024,已发货，退款成功,1	,2026-04-26 21:41:22,	,退款成功,169.0	,169.0	
趣白全自动洗面奶打泡机感应泡沫机绵密泡沫礼品新品懒人洗脸神器,260426-017280602511209,已发货，退款成功,1	,2026-04-26 21:34:06,	,退款成功,169.0	,169.0	
趣白全自动洗面奶打泡机感应泡沫机绵密泡沫礼品新品懒人洗脸神器,260426-146842642852088,已收货，退款成功,1	,2026-04-26 21:22:19,	,退款成功,159.18	,169.0	
趣白全自动洗面奶打泡机感应泡沫机绵密泡沫礼品新品懒人洗脸神器,260426-476357671292924,已发货，退款成功,1	,2026-04-26 21:14:37,	,退款成功,135.2	,169.0	
趣白全自动洗面奶打泡机感应泡沫机绵密泡沫礼品新品懒人洗脸神器,260426-175709898253478,已发货，退款成功,1	,2026-04-26 21:07:29,	,退款成功,169.0	,169.0	
趣白全自动洗面奶打泡机感应泡沫机绵密泡沫礼品新品懒人洗脸神器,260426-643804730962578,已收货,1	,2026-04-26 20:48:15,	,无售后或售后取消,135.2	,169.0	
【购买前须联系客服确认】补收差价专用商品,260426-312559572600583,已收货,500	,2026-04-26 20:43:57,	,无售后或售后取消,5.0	,5.0	
趣白全自动洗面奶打泡机感应泡沫机绵密泡沫礼品新品懒人洗脸神器,260426-089254817423423,已收货,1	,2026-04-26 20:36:31,	,无售后或售后取消,163.0	,169.0	
趣白全自动洗面奶打泡机感应泡沫机绵密泡沫礼品新品懒人洗脸神器,260426-637565703701665,已收货,1	,2026-04-26 20:00:10,	,无售后或售后取消,154.0	,169.0	
趣白全自动洗面奶打泡机感应泡沫机绵密泡沫礼品新品懒人洗脸神器,260426-671927508502344,已收货,1	,2026-04-26 19:35:58,	,无售后或售后取消,169.0	,169.0	
趣白全自动洗面奶打泡机感应泡沫机绵密泡沫礼品新品懒人洗脸神器,260426-120775011971642,已收货,1	,2026-04-26 19:32:35,	,无售后或售后取消,126.75	,169.0	
趣白全自动洗面奶打泡机感应泡沫机绵密泡沫礼品新品懒人洗脸神器,260426-617045061240994,未发货，退款成功,1	,2026-04-26 19:27:47,	,退款成功,169.0	,169.0	
趣白全自动洗面奶打泡机感应泡沫机绵密泡沫礼品新品懒人洗脸神器,260426-134742023681130,已取消,1	,	,	,无售后或售后取消,143.65	,169.0	
趣白全自动洗面奶打泡机感应泡沫机绵密泡沫礼品新品懒人洗脸神器,260426-111987997103864,已收货,1	,2026-04-26 19:23:03,	,无售后或售后取消,118.3	,169.0	
趣白全自动洗面奶打泡机感应泡沫机绵密泡沫礼品新品懒人洗脸神器,260426-401069872721232,已发货，退款成功,1	,2026-04-26 19:22:24,	,退款成功,169.0	,169.0	
趣白全自动洗面奶打泡机感应泡沫机绵密泡沫礼品新品懒人洗脸神器,260426-637618112133588,已收货,1	,2026-04-26 19:10:45,	,无售后或售后取消,125.06	,169.0	
趣白全自动洗面奶打泡机感应泡沫机绵密泡沫礼品新品懒人洗脸神器,260426-565518088600287,已收货,1	,2026-04-26 19:09:39,	,无售后或售后取消,140.27	,169.0	
趣白全自动洗面奶打泡机感应泡沫机绵密泡沫礼品新品懒人洗脸神器,260426-548667451802179,已收货,1	,2026-04-26 18:19:20,	,无售后或售后取消,160.55	,169.0	
趣白全自动洗面奶打泡机感应泡沫机绵密泡沫礼品新品懒人洗脸神器,260426-101166640660247,已收货，退款成功,1	,2026-04-26 18:14:36,	,退款成功,152.1	,169.0	
趣白全自动洗面奶打泡机感应泡沫机绵密泡沫礼品新品懒人洗脸神器,260426-567248238992575,已取消,1	,	,	,无售后或售后取消,169.0	,169.0	
趣白全自动洗面奶打泡机感应泡沫机绵密泡沫礼品新品懒人洗脸神器,260426-200802363812456,已收货,1	,2026-04-26 17:56:51,	,无售后或售后取消,169.0	,169.0	
趣白全自动洗面奶打泡机感应泡沫机绵密泡沫礼品新品懒人洗脸神器,260426-523910520393814,已收货,1	,2026-04-26 17:53:44,	,无售后或售后取消,147.03	,169.0	
趣白全自动洗面奶打泡机感应泡沫机绵密泡沫礼品新品懒人洗脸神器,260426-072372775331139,已收货，退款成功,1	,2026-04-26 17:41:55,	,退款成功,147.03	,169.0	
趣白全自动洗面奶打泡机感应泡沫机绵密泡沫礼品新品懒人洗脸神器,260426-524770352763589,已收货,1	,2026-04-26 17:35:19,	,无售后或售后取消,169.0	,169.0	
趣白全自动洗面奶打泡机感应泡沫机绵密泡沫礼品新品懒人洗脸神器,260426-260057383292196,已收货,1	,2026-04-26 17:30:44,	,无售后或售后取消,169.0	,169.0	
趣白全自动洗面奶打泡机感应泡沫机绵密泡沫礼品新品懒人洗脸神器,260426-208205288971791,已发货，退款成功,1	,2026-04-26 17:24:32,	,退款成功,143.65	,169.0	
趣白全自动洗面奶打泡机感应泡沫机绵密泡沫礼品新品懒人洗脸神器,260426-149317271860575,已收货，退款成功,1	,2026-04-26 17:17:26,	,退款成功,169.0	,169.0	
趣白全自动洗面奶打泡机感应泡沫机绵密泡沫礼品新品懒人洗脸神器,260426-015498023252444,已收货,1	,2026-04-26 17:16:24,	,无售后或售后取消,169.0	,169.0	
趣白全自动洗面奶打泡机感应泡沫机绵密泡沫礼品新品懒人洗脸神器,260426-582148493680749,已发货，退款成功,1	,2026-04-26 17:13:35,	,退款成功,147.03	,169.0	
趣白全自动洗面奶打泡机感应泡沫机绵密泡沫礼品新品懒人洗脸神器,260426-452355766613887,已取消,1	,	,	,无售后或售后取消,169.0	,169.0	
趣白全自动洗面奶打泡机感应泡沫机绵密泡沫礼品新品懒人洗脸神器,260426-203004341822243,已收货,1	,2026-04-26 17:08:26,	,无售后或售后取消,169.0	,169.0	
趣白全自动洗面奶打泡机感应泡沫机绵密泡沫礼品新品懒人洗脸神器,260426-282622759300865,已收货,1	,2026-04-26 17:04:26,	,无售后或售后取消,143.65	,169.0	
趣白全自动洗面奶打泡机感应泡沫机绵密泡沫礼品新品懒人洗脸神器,260426-182473245060743,已收货,1	,2026-04-26 16:53:13,	,无售后或售后取消,169.0	,169.0	
趣白全自动洗面奶打泡机感应泡沫机绵密泡沫礼品新品懒人洗脸神器,260426-588639116941435,已收货,2	,2026-04-26 16:50:39,	,无售后或售后取消,334.62	,334.62	
趣白全自动洗面奶打泡机感应泡沫机绵密泡沫礼品新品懒人洗脸神器,260426-567080394343514,已收货,1	,2026-04-26 16:47:36,	,无售后或售后取消,169.0	,169.0	
趣白全自动洗面奶打泡机感应泡沫机绵密泡沫礼品新品懒人洗脸神器,260426-653860554363585,已收货，退款成功,1	,2026-04-26 16:44:26,	,退款成功,169.0	,169.0	
趣白全自动洗面奶打泡机感应泡沫机绵密泡沫礼品新品懒人洗脸神器,260426-205384588950922,已收货,1	,2026-04-26 16:34:25,	,无售后或售后取消,169.0	,169.0	
趣白全自动洗面奶打泡机感应泡沫机绵密泡沫礼品新品懒人洗脸神器,260426-004498460971811,已收货,1	,2026-04-26 16:33:58,	,无售后或售后取消,160.55	,169.0	
趣白全自动洗面奶打泡机感应泡沫机绵密泡沫礼品新品懒人洗脸神器,260426-683199742260957,已收货,1	,2026-04-26 16:33:13,	,无售后或售后取消,169.0	,169.0	
趣白全自动洗面奶打泡机感应泡沫机绵密泡沫礼品新品懒人洗脸神器,260426-097161080371588,已收货,1	,2026-04-26 16:21:51,	,无售后或售后取消,169.0	,169.0	
趣白全自动洗面奶打泡机感应泡沫机绵密泡沫礼品新品懒人洗脸神器,260426-543885934903935,已收货,1	,2026-04-26 16:14:01,	,无售后或售后取消,154.0	,169.0	
趣白全自动洗面奶打泡机感应泡沫机绵密泡沫礼品新品懒人洗脸神器,260426-476976268842287,未发货，退款成功,1	,2026-04-26 16:09:22,	,退款成功,160.55	,169.0	
趣白全自动洗面奶打泡机感应泡沫机绵密泡沫礼品新品懒人洗脸神器,260426-476452001331473,已收货,1	,2026-04-26 16:41:52,顾客反馈电池不耐用，机子怎么按都没反应，收到检测是否进水？换机身一个,无售后或售后取消,135.2	,169.0	
趣白全自动洗面奶打泡机感应泡沫机绵密泡沫礼品新品懒人洗脸神器,260426-182053783120661,已收货,1	,2026-04-26 15:51:46,	,无售后或售后取消,169.0	,169.0	
趣白全自动洗面奶打泡机感应泡沫机绵密泡沫礼品新品懒人洗脸神器,260426-493942270244032,已收货,1	,2026-04-26 15:43:38,	,无售后或售后取消,152.1	,169.0	
趣白全自动洗面奶打泡机感应泡沫机绵密泡沫礼品新品懒人洗脸神器,260426-398878338712628,已收货,2	,2026-04-26 15:45:16,	,无售后或售后取消,314.62	,334.62	
趣白全自动洗面奶打泡机感应泡沫机绵密泡沫礼品新品懒人洗脸神器,260426-660812623452913,已收货,1	,2026-04-26 15:37:30,	,无售后或售后取消,169.0	,169.0	
趣白全自动洗面奶打泡机感应泡沫机绵密泡沫礼品新品懒人洗脸神器,260426-142627357002670,已收货,1	,2026-04-26 15:36:15,	,无售后或售后取消,135.2	,169.0	
趣白全自动洗面奶打泡机感应泡沫机绵密泡沫礼品新品懒人洗脸神器,260426-456109658502636,已取消,1	,	,	,无售后或售后取消,169.0	,169.0	
趣白全自动洗面奶打泡机感应泡沫机绵密泡沫礼品新品懒人洗脸神器,260426-114588434851907,已收货,1	,2026-04-26 15:33:47,	,无售后或售后取消,135.2	,169.0	
趣白全自动洗面奶打泡机感应泡沫机绵密泡沫礼品新品懒人洗脸神器,260426-516769717822415,已收货，退款成功,1	,2026-04-26 15:33:52,	,退款成功,135.2	,169.0	
趣白全自动洗面奶打泡机感应泡沫机绵密泡沫礼品新品懒人洗脸神器,260426-153050160760030,已收货,1	,2026-04-26 15:33:22,	,无售后或售后取消,154.0	,169.0	
趣白全自动洗面奶打泡机感应泡沫机绵密泡沫礼品新品懒人洗脸神器,260426-051820706193118,已收货,1	,2026-04-26 15:32:22,	,无售后或售后取消,169.0	,169.0	
趣白全自动洗面奶打泡机感应泡沫机绵密泡沫礼品新品懒人洗脸神器,260426-540016689561950,已收货,1	,2026-04-26 15:29:56,	,无售后或售后取消,169.0	,169.0	
趣白全自动洗面奶打泡机感应泡沫机绵密泡沫礼品新品懒人洗脸神器,260426-568433077900105,已发货，退款成功,1	,2026-04-26 15:27:15,	,退款成功,135.2	,169.0	
趣白全自动洗面奶打泡机感应泡沫机绵密泡沫礼品新品懒人洗脸神器,260426-261724608140105,未发货，退款成功,1	,2026-04-26 15:26:10,	,退款成功,145.34	,169.0	
趣白全自动洗面奶打泡机感应泡沫机绵密泡沫礼品新品懒人洗脸神器,260426-623661617510580,已收货,1	,2026-04-26 15:24:45,	,无售后或售后取消,119.99	,169.0	
趣白全自动洗面奶打泡机感应泡沫机绵密泡沫礼品新品懒人洗脸神器,260426-587003380002211,已收货,1	,2026-04-26 15:18:54,	,无售后或售后取消,145.34	,169.0	
趣白全自动洗面奶打泡机感应泡沫机绵密泡沫礼品新品懒人洗脸神器,260426-210061237882256,已发货，退款成功,1	,2026-04-26 15:18:29,	,退款成功,169.0	,169.0	
趣白全自动洗面奶打泡机感应泡沫机绵密泡沫礼品新品懒人洗脸神器,260426-292531740201055,已收货,1	,2026-04-26 15:17:41,	,无售后或售后取消,152.1	,169.0	
趣白全自动洗面奶打泡机感应泡沫机绵密泡沫礼品新品懒人洗脸神器,260426-341814842973182,已收货,1	,2026-04-26 15:16:49,	,无售后或售后取消,169.0	,169.0	
趣白全自动洗面奶打泡机感应泡沫机绵密泡沫礼品新品懒人洗脸神器,260426-510709000581330,未发货，退款成功,1	,2026-04-26 15:11:26,	,退款成功,143.65	,169.0	
趣白全自动洗面奶打泡机感应泡沫机绵密泡沫礼品新品懒人洗脸神器,260426-338081902100252,已收货,1	,2026-04-26 15:06:53,	,无售后或售后取消,128.44	,169.0	
趣白全自动洗面奶打泡机感应泡沫机绵密泡沫礼品新品懒人洗脸神器,260426-581005483550335,已收货,1	,2026-04-26 15:04:22,	,无售后或售后取消,169.0	,169.0	
趣白全自动洗面奶打泡机感应泡沫机绵密泡沫礼品新品懒人洗脸神器,260426-428584528183935,未发货，退款成功,1	,2026-04-26 14:58:17,	,退款成功,166.0	,169.0	
趣白全自动洗面奶打泡机感应泡沫机绵密泡沫礼品新品懒人洗脸神器,260426-447448420732697,已收货,1	,2026-04-26 14:55:59,	,无售后或售后取消,169.0	,169.0	
趣白全自动洗面奶打泡机感应泡沫机绵密泡沫礼品新品懒人洗脸神器,260426-141012549970549,已收货,1	,2026-04-26 14:53:27,	,无售后或售后取消,169.0	,169.0	
趣白全自动洗面奶打泡机感应泡沫机绵密泡沫礼品新品懒人洗脸神器,260426-486686124421070,已取消,1	,	,	,无售后或售后取消,169.0	,169.0	
趣白全自动洗面奶打泡机感应泡沫机绵密泡沫礼品新品懒人洗脸神器,260426-215513874740886,已发货，退款成功,1	,2026-04-26 14:35:44,	,退款成功,145.34	,169.0	
趣白全自动洗面奶打泡机感应泡沫机绵密泡沫礼品新品懒人洗脸神器,260426-422030928183855,已收货,1	,2026-04-26 14:12:15,	,无售后或售后取消,169.0	,169.0	
趣白全自动洗面奶打泡机感应泡沫机绵密泡沫礼品新品懒人洗脸神器,260426-180439007642253,已收货，退款成功,1	,2026-04-26 14:00:08,	,退款成功,131.82	,169.0	
趣白全自动洗面奶打泡机感应泡沫机绵密泡沫礼品新品懒人洗脸神器,260426-108800315772709,已收货,1	,2026-04-26 13:53:49,	,无售后或售后取消,169.0	,169.0	
趣白全自动洗面奶打泡机感应泡沫机绵密泡沫礼品新品懒人洗脸神器,260426-667093625252745,已收货,1	,2026-04-26 13:51:39,	,无售后或售后取消,134.0	,169.0	
趣白全自动洗面奶打泡机感应泡沫机绵密泡沫礼品新品懒人洗脸神器,260426-322248384120965,已发货，退款成功,1	,2026-04-26 13:43:40,	,退款成功,161.0	,169.0	
趣白全自动洗面奶打泡机感应泡沫机绵密泡沫礼品新品懒人洗脸神器,260426-582536446350428,已收货,1	,2026-04-26 13:40:33,	,无售后或售后取消,133.51	,169.0	
趣白全自动洗面奶打泡机感应泡沫机绵密泡沫礼品新品懒人洗脸神器,260426-269913966223084,已收货,1	,2026-04-26 13:30:48,	,无售后或售后取消,135.2	,169.0	
趣白全自动洗面奶打泡机感应泡沫机绵密泡沫礼品新品懒人洗脸神器,260426-441744105111570,未发货，退款成功,1	,2026-04-26 13:30:29,	,退款成功,169.0	,169.0	
趣白全自动洗面奶打泡机感应泡沫机绵密泡沫礼品新品懒人洗脸神器,260426-662972679712567,已发货，退款成功,1	,2026-04-26 13:28:18,	,退款成功,149.0	,169.0	
趣白全自动洗面奶打泡机感应泡沫机绵密泡沫礼品新品懒人洗脸神器,260426-678187537941251,已收货,1	,2026-04-26 13:27:03,	,无售后或售后取消,169.0	,169.0	
趣白全自动洗面奶打泡机感应泡沫机绵密泡沫礼品新品懒人洗脸神器,260426-486885332501251,已取消,1	,	,	,无售后或售后取消,169.0	,169.0	
趣白全自动洗面奶打泡机感应泡沫机绵密泡沫礼品新品懒人洗脸神器,260426-667198430812799,未发货，退款成功,1	,2026-04-26 13:24:06,	,退款成功,156.26	,169.0	
趣白全自动洗面奶打泡机感应泡沫机绵密泡沫礼品新品懒人洗脸神器,260426-538380899923830,已取消,1	,	,	,无售后或售后取消,152.1	,169.0	
趣白全自动洗面奶打泡机感应泡沫机绵密泡沫礼品新品懒人洗脸神器,260426-615535143283897,已收货,1	,2026-04-26 13:12:13,	,无售后或售后取消,152.1	,169.0	
趣白全自动洗面奶打泡机感应泡沫机绵密泡沫礼品新品懒人洗脸神器,260426-659103434272676,已收货，退款成功,1	,2026-04-26 13:01:16,	,退款成功,166.0	,169.0	
趣白全自动洗面奶打泡机感应泡沫机绵密泡沫礼品新品懒人洗脸神器,260426-641246195330440,已收货,1	,2026-04-26 12:55:31,	,无售后或售后取消,159.0	,169.0	
趣白全自动洗面奶打泡机感应泡沫机绵密泡沫礼品新品懒人洗脸神器,260426-645922896173844,已取消,1	,	,	,无售后或售后取消,169.0	,169.0	
趣白全自动洗面奶打泡机感应泡沫机绵密泡沫礼品新品懒人洗脸神器,260426-146108649914056,已收货,1	,2026-04-26 12:49:57,	,无售后或售后取消,152.1	,169.0	
趣白全自动洗面奶打泡机感应泡沫机绵密泡沫礼品新品懒人洗脸神器,260426-623147783771169,已取消,1	,	,	,无售后或售后取消,131.82	,169.0	
趣白全自动洗面奶打泡机感应泡沫机绵密泡沫礼品新品懒人洗脸神器,260426-593326272060370,已收货，退款成功,2	,2026-04-26 12:38:47,	,退款成功,334.62	,334.62	
趣白全自动洗面奶打泡机感应泡沫机绵密泡沫礼品新品懒人洗脸神器,260426-055008304700370,已取消,1	,	,	,无售后或售后取消,169.0	,169.0	
趣白全自动洗面奶打泡机感应泡沫机绵密泡沫礼品新品懒人洗脸神器,260426-221794845013809,已收货,1	,2026-04-26 12:37:57,	,无售后或售后取消,143.65	,169.0	
趣白全自动洗面奶打泡机感应泡沫机绵密泡沫礼品新品懒人洗脸神器,260426-036417072712457,已收货,1	,2026-04-26 12:37:10,	,无售后或售后取消,143.65	,169.0	
趣白全自动洗面奶打泡机感应泡沫机绵密泡沫礼品新品懒人洗脸神器,260426-151005510060273,已收货,1	,2026-04-26 12:34:52,	,无售后或售后取消,150.41	,169.0	
趣白全自动洗面奶打泡机感应泡沫机绵密泡沫礼品新品懒人洗脸神器,260426-475770406433498,已收货,1	,2026-04-26 12:32:36,	,无售后或售后取消,160.55	,169.0	
趣白全自动洗面奶打泡机感应泡沫机绵密泡沫礼品新品懒人洗脸神器,260426-440024482153223,已收货,1	,2026-04-26 12:29:46,	,无售后或售后取消,126.75	,169.0	
趣白全自动洗面奶打泡机感应泡沫机绵密泡沫礼品新品懒人洗脸神器,260426-662291147070281,已收货,1	,2026-04-26 12:24:09,	,无售后或售后取消,169.0	,169.0	
趣白全自动洗面奶打泡机感应泡沫机绵密泡沫礼品新品懒人洗脸神器,260426-437686178153801,已收货，退款成功,1	,2026-04-26 12:22:05,	,退款成功,147.03	,169.0	
趣白全自动洗面奶打泡机感应泡沫机绵密泡沫礼品新品懒人洗脸神器,260426-495651407512542,已收货,1	,2026-04-26 11:55:57,	,无售后或售后取消,169.0	,169.0	
趣白全自动洗面奶打泡机感应泡沫机绵密泡沫礼品新品懒人洗脸神器,260426-528073419071685,已收货,1	,2026-04-26 11:39:18,	,无售后或售后取消,164.0	,169.0	
趣白全自动洗面奶打泡机感应泡沫机绵密泡沫礼品新品懒人洗脸神器,260426-503085801100997,已收货，退款成功,1	,2026-04-26 11:30:44,	,退款成功,166.0	,169.0	
趣白全自动洗面奶打泡机感应泡沫机绵密泡沫礼品新品懒人洗脸神器,260426-453005821562436,已收货,1	,2026-04-26 11:27:58,	,无售后或售后取消,147.03	,169.0	
趣白全自动洗面奶打泡机感应泡沫机绵密泡沫礼品新品懒人洗脸神器,260426-315757771180352,已收货,1	,2026-04-26 11:21:47,	,无售后或售后取消,145.34	,169.0	
趣白全自动洗面奶打泡机感应泡沫机绵密泡沫礼品新品懒人洗脸神器,260426-240186878283442,已发货，退款成功,1	,2026-04-26 11:21:20,	,退款成功,169.0	,169.0	
趣白全自动洗面奶打泡机感应泡沫机绵密泡沫礼品新品懒人洗脸神器,260426-027430828460352,未发货，退款成功,1	,2026-04-26 11:21:08,	,退款成功,169.0	,169.0	
趣白全自动洗面奶打泡机感应泡沫机绵密泡沫礼品新品懒人洗脸神器,260426-217904596510031,已收货，退款成功,1	,2026-04-26 11:12:46,	,退款成功,143.65	,169.0	
趣白全自动洗面奶打泡机感应泡沫机绵密泡沫礼品新品懒人洗脸神器,260426-604063711542489,已发货，退款成功,1	,2026-04-26 10:57:00,	,退款成功,143.65	,169.0	
趣白全自动洗面奶打泡机感应泡沫机绵密泡沫礼品新品懒人洗脸神器,260426-641351094663190,已收货,1	,2026-04-26 10:52:39,	,无售后或售后取消,169.0	,169.0	
趣白全自动洗面奶打泡机感应泡沫机绵密泡沫礼品新品懒人洗脸神器,260426-075245842013419,已收货,1	,2026-04-26 10:51:55,	,无售后或售后取消,152.1	,169.0	
趣白全自动洗面奶打泡机感应泡沫机绵密泡沫礼品新品懒人洗脸神器,260426-285611190712708,已发货，退款成功,1	,2026-04-26 10:46:15,	,退款成功,143.65	,169.0	
趣白全自动洗面奶打泡机感应泡沫机绵密泡沫礼品新品懒人洗脸神器,260426-299787886140179,已发货，退款成功,2	,2026-04-26 10:43:05,	,退款成功,284.43	,334.62	
趣白全自动洗面奶打泡机感应泡沫机绵密泡沫礼品新品懒人洗脸神器,260426-178939554121464,已收货,1	,2026-04-26 10:39:49,	,无售后或售后取消,143.65	,169.0	
趣白全自动洗面奶打泡机感应泡沫机绵密泡沫礼品新品懒人洗脸神器,260426-542543788423139,已收货,1	,2026-04-26 10:34:52,	,无售后或售后取消,145.34	,169.0	
趣白全自动洗面奶打泡机感应泡沫机绵密泡沫礼品新品懒人洗脸神器,260426-649697728121906,已收货,1	,2026-04-26 10:28:33,	,无售后或售后取消,147.03	,169.0	
趣白全自动洗面奶打泡机感应泡沫机绵密泡沫礼品新品懒人洗脸神器,260426-666307203501756,已收货,1	,2026-04-26 10:20:43,	,无售后或售后取消,169.0	,169.0	
趣白全自动洗面奶打泡机感应泡沫机绵密泡沫礼品新品懒人洗脸神器,260426-472698141071829,已取消,1	,	,	,无售后或售后取消,145.34	,169.0	
趣白全自动洗面奶打泡机感应泡沫机绵密泡沫礼品新品懒人洗脸神器,260426-399654295130906,已收货,1	,2026-04-26 10:18:29,	,无售后或售后取消,152.1	,169.0	
趣白全自动洗面奶打泡机感应泡沫机绵密泡沫礼品新品懒人洗脸神器,260426-328225319310165,已收货,1	,2026-04-26 10:17:32,	,无售后或售后取消,169.0	,169.0	
趣白全自动洗面奶打泡机感应泡沫机绵密泡沫礼品新品懒人洗脸神器,260426-483603321232993,已收货，退款成功,1	,2026-04-26 10:03:44,	,退款成功,160.55	,169.0	
趣白全自动洗面奶打泡机感应泡沫机绵密泡沫礼品新品懒人洗脸神器,260426-362178199851702,已收货，退款成功,1	,2026-04-26 09:59:30,	,退款成功,160.55	,169.0	
趣白全自动洗面奶打泡机感应泡沫机绵密泡沫礼品新品懒人洗脸神器,260426-168988588443471,已收货,1	,2026-04-26 09:57:25,	,无售后或售后取消,126.75	,169.0	
趣白全自动洗面奶打泡机感应泡沫机绵密泡沫礼品新品懒人洗脸神器,260426-324806909581400,已收货,1	,2026-04-26 09:55:06,	,无售后或售后取消,152.1	,169.0	
趣白全自动洗面奶打泡机感应泡沫机绵密泡沫礼品新品懒人洗脸神器,260426-098073341480828,已发货，退款成功,1	,2026-04-26 09:43:53,	,退款成功,143.65	,169.0	
趣白全自动洗面奶打泡机感应泡沫机绵密泡沫礼品新品懒人洗脸神器,260426-175835727390820,已收货,1	,2026-04-26 09:32:44,	,无售后或售后取消,143.65	,169.0	
趣白全自动洗面奶打泡机感应泡沫机绵密泡沫礼品新品懒人洗脸神器,260426-196733867570367,已收货,1	,2026-04-26 09:24:31,	,无售后或售后取消,133.51	,169.0	
趣白全自动洗面奶打泡机感应泡沫机绵密泡沫礼品新品懒人洗脸神器,260426-300396122421734,已发货，退款成功,1	,2026-04-26 09:23:54,	,退款成功,169.0	,169.0	
趣白全自动洗面奶打泡机感应泡沫机绵密泡沫礼品新品懒人洗脸神器,260426-122620526981048,已收货,1	,2026-04-26 09:22:23,	,无售后或售后取消,169.0	,169.0	
趣白全自动洗面奶打泡机感应泡沫机绵密泡沫礼品新品懒人洗脸神器,260426-402359632163591,已收货,1	,2026-04-26 09:17:52,	,无售后或售后取消,152.1	,169.0	
趣白全自动洗面奶打泡机感应泡沫机绵密泡沫礼品新品懒人洗脸神器,260426-574787500473999,已收货,1	,2026-04-26 09:15:59,	,无售后或售后取消,131.82	,169.0	
趣白全自动洗面奶打泡机感应泡沫机绵密泡沫礼品新品懒人洗脸神器,260426-020835243593040,已收货，退款成功,1	,2026-04-26 09:12:07,	,退款成功,126.75	,169.0	
趣白全自动洗面奶打泡机感应泡沫机绵密泡沫礼品新品懒人洗脸神器,260426-585524866613967,已收货,1	,2026-04-26 09:09:39,	,无售后或售后取消,169.0	,169.0	
趣白全自动洗面奶打泡机感应泡沫机绵密泡沫礼品新品懒人洗脸神器,260426-536839504203479,已收货，退款成功,1	,2026-04-26 09:02:05,	,退款成功,147.03	,169.0	
趣白全自动洗面奶打泡机感应泡沫机绵密泡沫礼品新品懒人洗脸神器,260426-135497050410587,已取消,1	,	,	,无售后或售后取消,169.0	,169.0	
趣白全自动洗面奶打泡机感应泡沫机绵密泡沫礼品新品懒人洗脸神器,260426-196733878651315,未发货，退款成功,1	,2026-04-26 08:36:29,	,退款成功,169.0	,169.0	
趣白全自动洗面奶打泡机感应泡沫机绵密泡沫礼品新品懒人洗脸神器,260426-332828578223918,已发货，退款成功,1	,2026-04-26 08:26:19,	,退款成功,169.0	,169.0	
趣白全自动洗面奶打泡机感应泡沫机绵密泡沫礼品新品懒人洗脸神器,260426-175678441071689,已收货,1	,2026-04-26 07:25:50,顺丰,无售后或售后取消,143.65	,169.0	
趣白全自动洗面奶打泡机感应泡沫机绵密泡沫礼品新品懒人洗脸神器,260426-325236825652662,未发货，退款成功,1	,2026-04-26 04:31:24,	,退款成功,169.0	,169.0	
趣白全自动洗面奶打泡机感应泡沫机绵密泡沫礼品新品懒人洗脸神器,260426-146999907932918,已收货,1	,2026-04-26 02:30:53,	,无售后或售后取消,131.81	,169.0	
趣白全自动洗面奶打泡机感应泡沫机绵密泡沫礼品新品懒人洗脸神器,260426-104868103803331,已发货，退款成功,1	,2026-04-26 02:13:47,	,退款成功,169.0	,169.0	
趣白全自动洗面奶打泡机感应泡沫机绵密泡沫礼品新品懒人洗脸神器,260426-502771238453981,已收货,1	,2026-04-26 02:06:21,	,无售后或售后取消,169.0	,169.0	
趣白全自动洗面奶打泡机感应泡沫机绵密泡沫礼品新品懒人洗脸神器,260426-583805181532918,已取消,1	,	,	,无售后或售后取消,136.89	,169.0	
趣白全自动洗面奶打泡机感应泡沫机绵密泡沫礼品新品懒人洗脸神器,260426-681291344281633,已收货,2	,2026-04-26 00:54:31,	,无售后或售后取消,267.7	,334.62	
趣白全自动洗面奶打泡机感应泡沫机绵密泡沫礼品新品懒人洗脸神器,260426-265929408943185,未发货，退款成功,1	,2026-04-26 00:50:05,	,退款成功,161.0	,169.0	
趣白全自动洗面奶打泡机感应泡沫机绵密泡沫礼品新品懒人洗脸神器,260426-577482320192750,未发货，退款成功,1	,2026-04-26 18:24:04,	,退款成功,135.2	,169.0	
趣白全自动洗面奶打泡机感应泡沫机绵密泡沫礼品新品懒人洗脸神器,260426-536420073852876,已收货,1	,2026-04-26 00:07:25,	,无售后或售后取消,160.55	,169.0	
趣白全自动洗面奶打泡机感应泡沫机绵密泡沫礼品新品懒人洗脸神器,260426-401373929043103,已收货,1	,2026-04-26 00:01:52,	,无售后或售后取消,152.1	,169.0	
趣白全自动洗面奶打泡机感应泡沫机绵密泡沫礼品新品懒人洗脸神器,260425-312601526562585,已发货，退款成功,1	,2026-04-25 23:56:18,	,退款成功,169.0	,169.0	
趣白全自动洗面奶打泡机感应泡沫机绵密泡沫礼品新品懒人洗脸神器,260425-029286807840431,已收货,1	,2026-04-25 23:34:38,	,无售后或售后取消,169.0	,169.0	
趣白全自动洗面奶打泡机感应泡沫机绵密泡沫礼品新品懒人洗脸神器,260425-163672256012321,已收货,1	,2026-04-25 23:32:39,	,无售后或售后取消,126.75	,169.0	
趣白全自动洗面奶打泡机感应泡沫机绵密泡沫礼品新品懒人洗脸神器,260425-497780068772045,已收货,1	,2026-04-25 23:25:05,	,无售后或售后取消,143.65	,169.0	
趣白全自动洗面奶打泡机感应泡沫机绵密泡沫礼品新品懒人洗脸神器,260425-654311494020633,已发货，退款成功,1	,2026-04-25 23:15:25,	,退款成功,145.34	,169.0	
趣白全自动洗面奶打泡机感应泡沫机绵密泡沫礼品新品懒人洗脸神器,260425-079545035092136,已收货,1	,2026-04-25 23:08:51,	,无售后或售后取消,130.13	,169.0	
趣白全自动洗面奶打泡机感应泡沫机绵密泡沫礼品新品懒人洗脸神器,260425-020331906592884,已收货，退款成功,1	,2026-04-25 22:55:03,	,退款成功,135.2	,169.0	
趣白全自动洗面奶打泡机感应泡沫机绵密泡沫礼品新品懒人洗脸神器,260425-419849848421875,已收货,1	,2026-04-25 22:39:23,	,无售后或售后取消,166.0	,169.0	
趣白全自动洗面奶打泡机感应泡沫机绵密泡沫礼品新品懒人洗脸神器,260425-137342502471427,已收货,1	,2026-04-25 22:28:26,顺丰,无售后或售后取消,143.65	,169.0	
趣白全自动洗面奶打泡机感应泡沫机绵密泡沫礼品新品懒人洗脸神器,260425-588880331140823,已发货，退款成功,1	,2026-04-25 22:03:55,	,退款成功,152.1	,169.0	
趣白全自动洗面奶打泡机感应泡沫机绵密泡沫礼品新品懒人洗脸神器,260425-163273797161679,已收货,1	,2026-04-25 21:56:35,	,无售后或售后取消,169.0	,169.0	
趣白全自动洗面奶打泡机感应泡沫机绵密泡沫礼品新品懒人洗脸神器,260425-201169333810408,已收货,1	,2026-04-25 21:40:05,	,无售后或售后取消,143.65	,169.0	
趣白全自动洗面奶打泡机感应泡沫机绵密泡沫礼品新品懒人洗脸神器,260425-181393200751680,已发货，退款成功,1	,2026-04-25 21:37:20,	,退款成功,169.0	,169.0	
趣白全自动洗面奶打泡机感应泡沫机绵密泡沫礼品新品懒人洗脸神器,260425-571348140462220,已发货，退款成功,1	,2026-04-25 21:32:27,	,退款成功,169.0	,169.0	
趣白全自动洗面奶打泡机感应泡沫机绵密泡沫礼品新品懒人洗脸神器,260425-239306094980016,已收货，退款成功,1	,2026-04-25 21:28:30,	,退款成功,136.89	,169.0	
趣白全自动洗面奶打泡机感应泡沫机绵密泡沫礼品新品懒人洗脸神器,260425-669075412510182,已收货,1	,2026-04-25 21:13:23,	,无售后或售后取消,152.1	,169.0	
趣白全自动洗面奶打泡机感应泡沫机绵密泡沫礼品新品懒人洗脸神器,260425-321682215340591,已取消,1	,	,	,无售后或售后取消,118.3	,169.0	
趣白全自动洗面奶打泡机感应泡沫机绵密泡沫礼品新品懒人洗脸神器,260425-422817308251835,已收货,1	,2026-04-25 20:53:39,	,无售后或售后取消,169.0	,169.0	
趣白全自动洗面奶打泡机感应泡沫机绵密泡沫礼品新品懒人洗脸神器,260425-225129347481314,已收货，退款成功,1	,2026-04-25 20:41:34,	,退款成功,143.65	,169.0	
趣白全自动洗面奶打泡机感应泡沫机绵密泡沫礼品新品懒人洗脸神器,260425-421118656931593,已收货,1	,2026-04-25 20:16:49,	,无售后或售后取消,169.0	,169.0	
趣白全自动洗面奶打泡机感应泡沫机绵密泡沫礼品新品懒人洗脸神器,260425-492421845390248,已收货,1	,2026-04-25 20:15:20,	,无售后或售后取消,131.82	,169.0	
趣白全自动洗面奶打泡机感应泡沫机绵密泡沫礼品新品懒人洗脸神器,260425-194909314603290,已收货,1	,2026-04-25 19:50:09,	,无售后或售后取消,160.55	,169.0	
趣白全自动洗面奶打泡机感应泡沫机绵密泡沫礼品新品懒人洗脸神器,260425-180480950632111,已收货,1	,2026-04-25 19:35:07,	,无售后或售后取消,145.34	,169.0	
趣白全自动洗面奶打泡机感应泡沫机绵密泡沫礼品新品懒人洗脸神器,260425-257257653840050,已收货，退款成功,1	,2026-04-25 19:34:02,	,退款成功,169.0	,169.0	
趣白全自动洗面奶打泡机感应泡沫机绵密泡沫礼品新品懒人洗脸神器,260425-324995683862416,已收货,1	,2026-04-25 19:22:46,	,无售后或售后取消,143.65	,169.0	
趣白全自动洗面奶打泡机感应泡沫机绵密泡沫礼品新品懒人洗脸神器,260425-648030523753502,已收货,1	,2026-04-25 19:19:15,	,无售后或售后取消,151.19	,169.0	
趣白全自动洗面奶打泡机感应泡沫机绵密泡沫礼品新品懒人洗脸神器,260425-538338956943391,已收货,1	,2026-04-25 18:54:27,	,无售后或售后取消,160.55	,169.0	
趣白全自动洗面奶打泡机感应泡沫机绵密泡沫礼品新品懒人洗脸神器,260425-673898862090661,已收货,1	,2026-04-25 18:53:08,	,无售后或售后取消,169.0	,169.0	
趣白全自动洗面奶打泡机感应泡沫机绵密泡沫礼品新品懒人洗脸神器,260425-483026572841338,已收货,1	,2026-04-25 18:16:35,	,无售后或售后取消,169.0	,169.0	
趣白全自动洗面奶打泡机感应泡沫机绵密泡沫礼品新品懒人洗脸神器,260425-185514115401464,已发货，退款成功,1	,2026-04-25 18:02:29,	,退款成功,161.0	,169.0	
趣白全自动洗面奶打泡机感应泡沫机绵密泡沫礼品新品懒人洗脸神器,260425-295006421300907,未发货，退款成功,1	,2026-04-25 17:51:59,	,退款成功,168.0	,169.0	
趣白全自动洗面奶打泡机感应泡沫机绵密泡沫礼品新品懒人洗脸神器,260425-018087985541965,已收货,1	,2026-04-25 17:43:59,	,无售后或售后取消,169.0	,169.0	
趣白全自动洗面奶打泡机感应泡沫机绵密泡沫礼品新品懒人洗脸神器,260425-427965816433967,已收货,1	,2026-04-25 17:43:53,	,无售后或售后取消,166.28	,169.0	
趣白全自动洗面奶打泡机感应泡沫机绵密泡沫礼品新品懒人洗脸神器,260425-415152217621221,已收货,1	,2026-04-25 17:41:51,	,无售后或售后取消,169.0	,169.0	
趣白全自动洗面奶打泡机感应泡沫机绵密泡沫礼品新品懒人洗脸神器,260425-029989312043136,已收货,1	,2026-04-25 17:37:27,	,无售后或售后取消,143.65	,169.0	
趣白全自动皂液器感应皂液器凝胶机洗洁精沐浴露卫生间厨房,260425-127842403863904,已收货,1	,2026-04-25 17:34:29,	,无售后或售后取消,80.75	,85.0	
趣白全自动洗面奶打泡机感应泡沫机绵密泡沫礼品新品懒人洗脸神器,260425-118635958663314,已收货,1	,2026-04-25 17:14:06,	,无售后或售后取消,160.55	,169.0	
趣白全自动洗面奶打泡机感应泡沫机绵密泡沫礼品新品懒人洗脸神器,260425-021076405811138,已发货，退款成功,1	,2026-04-25 17:09:51,	,退款成功,169.0	,169.0	
趣白全自动洗面奶打泡机感应泡沫机绵密泡沫礼品新品懒人洗脸神器,260425-120921812542009,已收货,1	,2026-04-25 16:54:23,	,无售后或售后取消,143.65	,169.0	
趣白全自动洗面奶打泡机感应泡沫机绵密泡沫礼品新品懒人洗脸神器,260425-041659962952062,已收货,1	,2026-04-25 16:50:45,	,无售后或售后取消,169.0	,169.0	
趣白全自动洗面奶打泡机感应泡沫机绵密泡沫礼品新品懒人洗脸神器,260425-340042780992428,未发货，退款成功,1	,2026-04-25 16:36:45,	,退款成功,160.55	,169.0	
趣白全自动洗面奶打泡机感应泡沫机绵密泡沫礼品新品懒人洗脸神器,260425-633696500143523,已发货，退款成功,1	,2026-04-25 16:31:51,	,退款成功,166.0	,169.0	
趣白全自动洗面奶打泡机感应泡沫机绵密泡沫礼品新品懒人洗脸神器,260425-307390082603449,已收货,1	,2026-04-25 16:29:33,	,无售后或售后取消,169.0	,169.0	
趣白全自动洗面奶打泡机感应泡沫机绵密泡沫礼品新品懒人洗脸神器,260425-590579013271567,已取消,1	,	,	,无售后或售后取消,169.0	,169.0	
趣白全自动洗面奶打泡机感应泡沫机绵密泡沫礼品新品懒人洗脸神器,260425-505843618083238,已发货，退款成功,1	,2026-04-25 16:10:37,	,退款成功,160.55	,169.0	
趣白全自动洗面奶打泡机感应泡沫机绵密泡沫礼品新品懒人洗脸神器,260425-669725540670059,未发货，退款成功,1	,2026-04-25 16:08:18,	,退款成功,161.0	,169.0	
趣白全自动洗面奶打泡机感应泡沫机绵密泡沫礼品新品懒人洗脸神器,260425-062725865791804,已发货，退款成功,2	,2026-04-25 16:03:39,2套洗面奶机,退款成功,328.62	,334.62	
趣白全自动洗面奶打泡机感应泡沫机绵密泡沫礼品新品懒人洗脸神器,260425-471366376990337,已发货，退款成功,1	,2026-04-25 16:00:37,	,退款成功,126.75	,169.0	
趣白全自动洗面奶打泡机感应泡沫机绵密泡沫礼品新品懒人洗脸神器,260425-289165811333607,已收货,1	,2026-04-25 16:00:16,	,无售后或售后取消,155.48	,169.0	
趣白全自动洗面奶打泡机感应泡沫机绵密泡沫礼品新品懒人洗脸神器,260425-526490089801411,已发货，退款成功,1	,2026-04-25 15:56:21,	,退款成功,160.55	,169.0	
趣白全自动洗面奶打泡机感应泡沫机绵密泡沫礼品新品懒人洗脸神器,260425-519422656891357,已收货,1	,2026-04-25 15:39:59,	,无售后或售后取消,152.1	,169.0	
趣白全自动洗面奶打泡机感应泡沫机绵密泡沫礼品新品懒人洗脸神器,260425-117105027361082,已收货,1	,2026-04-25 15:31:31,	,无售后或售后取消,135.2	,169.0	
趣白全自动洗面奶打泡机感应泡沫机绵密泡沫礼品新品懒人洗脸神器,260425-274821333312338,已发货，退款成功,1	,2026-04-25 15:30:23,	,退款成功,163.0	,169.0	
趣白全自动洗面奶打泡机感应泡沫机绵密泡沫礼品新品懒人洗脸神器,260425-296600277293962,已收货,1	,2026-04-25 15:12:43,	,无售后或售后取消,169.0	,169.0	
趣白全自动洗面奶打泡机感应泡沫机绵密泡沫礼品新品懒人洗脸神器,260425-062159623753473,已收货,1	,2026-04-25 15:08:13,	,无售后或售后取消,169.0	,169.0	
趣白全自动洗面奶打泡机感应泡沫机绵密泡沫礼品新品懒人洗脸神器,260425-234975424000616,已收货，退款成功,1	,2026-04-25 15:05:49,	,退款成功,166.0	,169.0	
趣白全自动洗面奶打泡机感应泡沫机绵密泡沫礼品新品懒人洗脸神器,260425-323223569953573,已收货,1	,2026-04-25 15:00:27,	,无售后或售后取消,160.55	,169.0	
趣白全自动洗面奶打泡机感应泡沫机绵密泡沫礼品新品懒人洗脸神器,260425-349091929681763,已收货,1	,2026-04-25 14:19:52,	,无售后或售后取消,143.65	,169.0	
趣白全自动洗面奶打泡机感应泡沫机绵密泡沫礼品新品懒人洗脸神器,260425-073211656501358,已收货,1	,2026-04-25 14:16:22,	,无售后或售后取消,160.55	,169.0	
趣白全自动洗面奶打泡机感应泡沫机绵密泡沫礼品新品懒人洗脸神器,260425-227163543181402,已收货,1	,2026-04-25 14:11:46,	,无售后或售后取消,169.0	,169.0	
趣白全自动洗面奶打泡机感应泡沫机绵密泡沫礼品新品懒人洗脸神器,260425-435966493052955,已收货，退款成功,1	,2026-04-25 13:38:06,	,退款成功,152.1	,169.0	
趣白全自动洗面奶打泡机感应泡沫机绵密泡沫礼品新品懒人洗脸神器,260425-678575552853635,已收货,1	,2026-04-25 13:36:15,	,无售后或售后取消,169.0	,169.0	
趣白全自动洗面奶打泡机感应泡沫机绵密泡沫礼品新品懒人洗脸神器,260425-222235257190539,已收货,1	,2026-04-25 13:31:26,	,无售后或售后取消,160.55	,169.0	
趣白全自动洗面奶打泡机感应泡沫机绵密泡沫礼品新品懒人洗脸神器,260425-337746389343780,已收货，退款成功,1	,2026-04-25 13:28:57,	,退款成功,169.0	,169.0	
趣白全自动洗面奶打泡机感应泡沫机绵密泡沫礼品新品懒人洗脸神器,260425-532655706530869,已收货,1	,2026-04-25 13:24:58,	,无售后或售后取消,154.0	,169.0	
趣白全自动洗面奶打泡机感应泡沫机绵密泡沫礼品新品懒人洗脸神器,260425-047573963111176,已收货,1	,2026-04-25 13:20:43,	,无售后或售后取消,126.75	,169.0	
趣白全自动洗面奶打泡机感应泡沫机绵密泡沫礼品新品懒人洗脸神器,260425-079702321483647,已收货,1	,2026-04-25 12:51:27,	,无售后或售后取消,131.82	,169.0	
趣白全自动洗面奶打泡机感应泡沫机绵密泡沫礼品新品懒人洗脸神器,260425-347183541840798,已发货，退款成功,1	,2026-04-25 12:43:06,	,退款成功,160.55	,169.0	
趣白全自动洗面奶打泡机感应泡沫机绵密泡沫礼品新品懒人洗脸神器,260425-076315399792718,已收货,1	,2026-04-25 12:32:28,	,无售后或售后取消,135.2	,169.0	
趣白全自动洗面奶打泡机感应泡沫机绵密泡沫礼品新品懒人洗脸神器,260425-452701796670512,已发货，退款成功,1	,2026-04-25 12:31:33,	,退款成功,169.0	,169.0	
趣白全自动洗面奶打泡机感应泡沫机绵密泡沫礼品新品懒人洗脸神器,260425-432485241162398,已收货,1	,2026-04-25 12:11:57,	,无售后或售后取消,119.0	,169.0	
趣白全自动洗面奶打泡机感应泡沫机绵密泡沫礼品新品懒人洗脸神器,260425-417018734952774,已收货,1	,2026-04-25 12:10:41,	,无售后或售后取消,143.65	,169.0	
趣白全自动洗面奶打泡机感应泡沫机绵密泡沫礼品新品懒人洗脸神器,260425-070695022102119,已发货，退款成功,2	,2026-04-25 12:10:34,	,退款成功,267.7	,334.62	
趣白全自动洗面奶打泡机感应泡沫机绵密泡沫礼品新品懒人洗脸神器,260425-580365914501420,已收货,1	,2026-04-25 12:10:27,	,无售后或售后取消,160.55	,169.0	
趣白全自动洗面奶打泡机感应泡沫机绵密泡沫礼品新品懒人洗脸神器,260425-227687872833691,已收货,1	,2026-04-25 11:56:03,	,无售后或售后取消,169.0	,169.0	
趣白全自动洗面奶打泡机感应泡沫机绵密泡沫礼品新品懒人洗脸神器,260425-443652533761901,已收货,1	,2026-04-25 11:45:09,	,无售后或售后取消,126.75	,169.0	
趣白全自动洗面奶打泡机感应泡沫机绵密泡沫礼品新品懒人洗脸神器,260425-029695732091758,已收货,1	,2026-04-25 11:44:27,	,无售后或售后取消,169.0	,169.0	
趣白全自动洗面奶打泡机感应泡沫机绵密泡沫礼品新品懒人洗脸神器,260425-334097313332756,已发货，退款成功,1	,2026-04-25 11:39:57,	,退款成功,169.0	,169.0	
趣白全自动洗面奶打泡机感应泡沫机绵密泡沫礼品新品懒人洗脸神器,260425-631599306360004,已收货,1	,2026-04-25 11:30:45,	,无售后或售后取消,128.44	,169.0	
趣白全自动洗面奶打泡机感应泡沫机绵密泡沫礼品新品懒人洗脸神器,260425-481275451001384,未发货，退款成功,1	,2026-04-25 11:15:45,	,退款成功,143.65	,169.0	
趣白全自动洗面奶打泡机感应泡沫机绵密泡沫礼品新品懒人洗脸神器,260425-645398556252918,已取消,1	,	,	,无售后或售后取消,143.65	,169.0	
趣白全自动洗面奶打泡机感应泡沫机绵密泡沫礼品新品懒人洗脸神器,260425-533358242191477,已收货，退款成功,1	,2026-04-25 10:54:02,	,退款成功,136.89	,169.0	
趣白全自动洗面奶打泡机感应泡沫机绵密泡沫礼品新品懒人洗脸神器,260425-006008378963034,已收货,1	,2026-04-25 10:43:47,	,无售后或售后取消,143.65	,169.0	
趣白全自动洗面奶打泡机感应泡沫机绵密泡沫礼品新品懒人洗脸神器,260425-188638892362808,已收货,1	,2026-04-25 10:36:59,	,无售后或售后取消,169.0	,169.0	
趣白全自动洗面奶打泡机感应泡沫机绵密泡沫礼品新品懒人洗脸神器,260425-371174971013557,已收货,1	,2026-04-25 10:32:42,	,无售后或售后取消,169.0	,169.0	
趣白全自动洗面奶打泡机感应泡沫机绵密泡沫礼品新品懒人洗脸神器,260425-455878929992683,已收货,1	,2026-04-25 10:09:31,	,无售后或售后取消,126.75	,169.0	
趣白全自动洗面奶打泡机感应泡沫机绵密泡沫礼品新品懒人洗脸神器,260425-295446823203244,已收货,1	,2026-04-25 09:54:19,	,无售后或售后取消,160.55	,169.0	
趣白全自动洗面奶打泡机感应泡沫机绵密泡沫礼品新品懒人洗脸神器,260425-199921507882096,已收货,1	,2026-04-25 09:46:19,	,无售后或售后取消,152.1	,169.0	
趣白全自动洗面奶打泡机感应泡沫机绵密泡沫礼品新品懒人洗脸神器,260425-331664617090748,已发货，退款成功,1	,2026-04-25 09:43:32,	,退款成功,126.75	,169.0	
趣白全自动洗面奶打泡机感应泡沫机绵密泡沫礼品新品懒人洗脸神器,260425-373723052433375,已取消,1	,	,	,无售后或售后取消,169.0	,169.0	
趣白全自动洗面奶打泡机感应泡沫机绵密泡沫礼品新品懒人洗脸神器,260425-092002096660107,已发货，退款成功,1	,2026-04-25 09:00:32,	,退款成功,157.44	,169.0	
趣白全自动洗面奶打泡机感应泡沫机绵密泡沫礼品新品懒人洗脸神器,260425-193357442572701,已收货,1	,2026-04-25 08:58:49,	,无售后或售后取消,135.2	,169.0	
趣白全自动洗面奶打泡机感应泡沫机绵密泡沫礼品新品懒人洗脸神器,260425-563882247761076,已取消,1	,	,	,无售后或售后取消,138.58	,169.0	
趣白全自动洗面奶打泡机感应泡沫机绵密泡沫礼品新品懒人洗脸神器,260425-606202837432705,已收货,1	,2026-04-25 08:47:32,	,无售后或售后取消,152.1	,169.0	
趣白全自动洗面奶打泡机感应泡沫机绵密泡沫礼品新品懒人洗脸神器,260425-291189614881375,已收货,1	,2026-04-25 08:46:00,	,无售后或售后取消,143.65	,169.0	
趣白全自动洗面奶打泡机感应泡沫机绵密泡沫礼品新品懒人洗脸神器,260425-578436482643790,已收货,1	,2026-04-25 08:30:19,	,无售后或售后取消,143.65	,169.0	
趣白全自动洗面奶打泡机感应泡沫机绵密泡沫礼品新品懒人洗脸神器,260425-576832151191858,已收货,1	,2026-04-25 08:29:23,	,无售后或售后取消,143.65	,169.0	
趣白全自动洗面奶打泡机感应泡沫机绵密泡沫礼品新品懒人洗脸神器,260425-026214469920556,已收货，退款成功,1	,2026-04-25 08:09:13,	,退款成功,160.55	,169.0	
趣白全自动洗面奶打泡机感应泡沫机绵密泡沫礼品新品懒人洗脸神器,260425-677401117011687,已收货,1	,2026-04-25 07:51:42,	,无售后或售后取消,135.2	,169.0	
趣白全自动洗面奶打泡机感应泡沫机绵密泡沫礼品新品懒人洗脸神器,260425-290466107742817,已发货，退款成功,1	,2026-04-25 07:50:38,	,退款成功,143.65	,169.0	
趣白全自动洗面奶打泡机感应泡沫机绵密泡沫礼品新品懒人洗脸神器,260425-273804172913951,已取消,1	,	,	,无售后或售后取消,145.34	,169.0	
趣白全自动洗面奶打泡机感应泡沫机绵密泡沫礼品新品懒人洗脸神器,260425-036805025370867,已收货,1	,2026-04-25 07:01:57,	,无售后或售后取消,141.96	,169.0	
趣白全自动洗面奶打泡机感应泡沫机绵密泡沫礼品新品懒人洗脸神器,260425-371216935230980,已收货,1	,2026-04-25 05:43:08,	,无售后或售后取消,145.34	,169.0	
趣白全自动洗面奶打泡机感应泡沫机绵密泡沫礼品新品懒人洗脸神器,260425-680441955940977,已收货,1	,2026-04-25 05:36:43,	,无售后或售后取消,169.0	,169.0	
趣白全自动洗面奶打泡机感应泡沫机绵密泡沫礼品新品懒人洗脸神器,260425-169911262752696,已收货,1	,2026-04-25 04:24:46,	,无售后或售后取消,136.89	,169.0	
趣白全自动洗面奶打泡机感应泡沫机绵密泡沫礼品新品懒人洗脸神器,260425-671948542360963,已收货,1	,2026-04-25 04:07:47,	,无售后或售后取消,169.0	,169.0	
趣白全自动洗面奶打泡机感应泡沫机绵密泡沫礼品新品懒人洗脸神器,260425-601630993931658,已取消,1	,	,	,无售后或售后取消,119.0	,169.0	
趣白全自动洗面奶打泡机感应泡沫机绵密泡沫礼品新品懒人洗脸神器,260425-571473989962537,已收货，退款成功,1	,2026-04-25 01:34:17,	,退款成功,126.75	,169.0	
趣白全自动洗面奶打泡机感应泡沫机绵密泡沫礼品新品懒人洗脸神器,260425-320654548542543,已收货,1	,2026-04-25 01:24:14,	,无售后或售后取消,160.55	,169.0	
趣白全自动洗面奶打泡机感应泡沫机绵密泡沫礼品新品懒人洗脸神器,260425-536535375400415,已取消,1	,	,	,无售后或售后取消,154.0	,169.0	
趣白全自动洗面奶打泡机感应泡沫机绵密泡沫礼品新品懒人洗脸神器,260425-375306371512289,已发货，退款成功,1	,2026-04-25 00:57:51,	,退款成功,169.0	,169.0	
趣白全自动洗面奶打泡机感应泡沫机绵密泡沫礼品新品懒人洗脸神器,260425-572732249732198,已取消,1	,	,	,无售后或售后取消,145.34	,169.0	
趣白全自动洗面奶打泡机感应泡沫机绵密泡沫礼品新品懒人洗脸神器,260425-501554880091868,已收货,1	,2026-04-25 00:11:21,	,无售后或售后取消,135.2	,169.0	
趣白全自动洗面奶打泡机感应泡沫机绵密泡沫礼品新品懒人洗脸神器,260425-439500224953964,未发货，退款成功,1	,2026-04-25 00:10:38,	,退款成功,145.34	,169.0	
趣白全自动洗面奶打泡机感应泡沫机绵密泡沫礼品新品懒人洗脸神器,260424-331234711091178,已收货,1	,2026-04-24 23:37:25,	,无售后或售后取消,126.75	,169.0	
趣白全自动洗面奶打泡机感应泡沫机绵密泡沫礼品新品懒人洗脸神器,260424-015781097111822,已收货,1	,2026-04-24 23:22:21,	,无售后或售后取消,135.2	,169.0	
趣白全自动洗面奶打泡机感应泡沫机绵密泡沫礼品新品懒人洗脸神器,260424-440747988621254,已收货,1	,2026-04-24 23:20:48,	,无售后或售后取消,143.65	,169.0	
趣白全自动洗面奶打泡机感应泡沫机绵密泡沫礼品新品懒人洗脸神器,260424-317320118633762,已收货,1	,2026-04-24 22:58:39,	,无售后或售后取消,143.65	,169.0	
趣白全自动洗面奶打泡机感应泡沫机绵密泡沫礼品新品懒人洗脸神器,260424-260309072233762,已取消,1	,	,	,无售后或售后取消,143.65	,169.0	
趣白全自动洗面奶打泡机感应泡沫机绵密泡沫礼品新品懒人洗脸神器,260424-047437596242308,已收货,1	,2026-04-24 22:57:05,	,无售后或售后取消,160.55	,169.0	
趣白全自动洗面奶打泡机感应泡沫机绵密泡沫礼品新品懒人洗脸神器,260424-040370245990783,已发货，退款成功,1	,2026-04-24 22:54:48,	,退款成功,169.0	,169.0	
趣白全自动洗面奶打泡机感应泡沫机绵密泡沫礼品新品懒人洗脸神器,260424-637744003402752,已发货，退款成功,1	,2026-04-24 22:03:54,	,退款成功,169.0	,169.0	
趣白全自动洗面奶打泡机感应泡沫机绵密泡沫礼品新品懒人洗脸神器,260424-285348994603718,已收货,1	,2026-04-24 21:50:40,	,无售后或售后取消,160.55	,169.0	
趣白全自动洗面奶打泡机感应泡沫机绵密泡沫礼品新品懒人洗脸神器,260424-446829750623240,已收货,1	,2026-04-24 21:16:46,	,无售后或售后取消,152.1	,169.0	
趣白全自动洗面奶打泡机感应泡沫机绵密泡沫礼品新品懒人洗脸神器,260424-175154215231016,已发货，退款成功,1	,2026-04-24 20:28:37,	,退款成功,152.1	,169.0	
趣白全自动洗面奶打泡机感应泡沫机绵密泡沫礼品新品懒人洗脸神器,260424-380087836233730,已收货,1	,2026-04-24 20:17:03,	,无售后或售后取消,169.0	,169.0	
趣白全自动洗面奶打泡机感应泡沫机绵密泡沫礼品新品懒人洗脸神器,260424-222696609292483,已收货，退款成功,1	,2026-04-24 19:34:26,	,退款成功,129.0	,169.0	
趣白全自动洗面奶打泡机感应泡沫机绵密泡沫礼品新品懒人洗脸神器,260424-221427853652361,已收货，退款成功,1	,2026-04-24 19:22:46,	,退款成功,169.0	,169.0	
趣白全自动洗面奶打泡机感应泡沫机绵密泡沫礼品新品懒人洗脸神器,260424-351944066662483,已收货,1	,2026-04-24 19:06:56,	,无售后或售后取消,152.1	,169.0	
趣白全自动洗面奶打泡机感应泡沫机绵密泡沫礼品新品懒人洗脸神器,260424-166954298900169,已收货,1	,2026-04-24 19:07:07,	,无售后或售后取消,126.75	,169.0	
趣白全自动洗面奶打泡机感应泡沫机绵密泡沫礼品新品懒人洗脸神器,260424-546769477242198,未发货，退款成功,1	,2026-04-24 18:30:01,	,退款成功,160.55	,169.0	
趣白全自动洗面奶打泡机感应泡沫机绵密泡沫礼品新品懒人洗脸神器,260424-588167330170561,已收货，退款成功,1	,2026-04-24 18:17:05,	,退款成功,169.0	,169.0	
趣白全自动洗面奶打泡机感应泡沫机绵密泡沫礼品新品懒人洗脸神器,260424-044501635370537,已收货,1	,2026-04-24 17:59:20,	,无售后或售后取消,135.2	,169.0	
趣白全自动洗面奶打泡机感应泡沫机绵密泡沫礼品新品懒人洗脸神器,260424-635311255120888,已发货，退款成功,1	,2026-04-24 17:54:31,	,退款成功,169.0	,169.0	
趣白全自动洗面奶打泡机感应泡沫机绵密泡沫礼品新品懒人洗脸神器,260424-202647836243243,已发货，退款成功,1	,2026-04-24 17:43:46,	,退款成功,160.55	,169.0	
趣白全自动洗面奶打泡机感应泡沫机绵密泡沫礼品新品懒人洗脸神器,260424-603319253380665,已收货,1	,2026-04-24 17:37:19,	,无售后或售后取消,166.0	,169.0	
趣白全自动洗面奶打泡机感应泡沫机绵密泡沫礼品新品懒人洗脸神器,260424-624699697443903,已收货,1	,2026-04-24 17:35:03,	,无售后或售后取消,169.0	,169.0	
趣白全自动洗面奶打泡机感应泡沫机绵密泡沫礼品新品懒人洗脸神器,260424-566944099870404,已收货，退款成功,1	,2026-04-24 17:22:47,	,退款成功,135.2	,169.0	
趣白全自动洗面奶打泡机感应泡沫机绵密泡沫礼品新品懒人洗脸神器,260424-141306109452176,已发货，退款成功,1	,2026-04-24 17:06:43,	,退款成功,164.0	,169.0	
趣白全自动洗面奶打泡机感应泡沫机绵密泡沫礼品新品懒人洗脸神器,260424-607670802003701,已收货,1	,2026-04-24 16:56:22,	,无售后或售后取消,143.65	,169.0	
趣白全自动洗面奶打泡机感应泡沫机绵密泡沫礼品新品懒人洗脸神器,260424-480709209632382,已收货,1	,2026-04-24 16:20:37,	,无售后或售后取消,135.2	,169.0	
趣白全自动洗面奶打泡机感应泡沫机绵密泡沫礼品新品懒人洗脸神器,260424-438944407163390,已收货,1	,2026-04-24 16:15:14,	,无售后或售后取消,169.0	,169.0	
趣白全自动洗面奶打泡机感应泡沫机绵密泡沫礼品新品懒人洗脸神器,260424-296296190332734,已收货,1	,2026-04-24 16:11:08,	,无售后或售后取消,126.75	,169.0	
趣白全自动洗面奶打泡机感应泡沫机绵密泡沫礼品新品懒人洗脸神器,260424-616835387813560,已发货，退款成功,1	,2026-04-24 15:57:01,	,退款成功,169.0	,169.0	
趣白全自动洗面奶打泡机感应泡沫机绵密泡沫礼品新品懒人洗脸神器,260424-107667822092058,已收货,1	,2026-04-24 15:26:21,	,无售后或售后取消,169.0	,169.0	
趣白全自动洗面奶打泡机感应泡沫机绵密泡沫礼品新品懒人洗脸神器,260424-602721492623815,已收货,1	,2026-04-24 15:25:48,	,无售后或售后取消,169.0	,169.0	
趣白全自动洗面奶打泡机感应泡沫机绵密泡沫礼品新品懒人洗脸神器,260424-630036928111535,已收货,1	,2026-04-24 15:19:11,	,无售后或售后取消,160.55	,169.0	
趣白全自动洗面奶打泡机感应泡沫机绵密泡沫礼品新品懒人洗脸神器,260424-329168985663029,已收货，退款成功,1	,2026-04-24 15:08:50,	,退款成功,126.75	,169.0	
趣白全自动洗面奶打泡机感应泡沫机绵密泡沫礼品新品懒人洗脸神器,260424-385718709840455,已发货，退款成功,1	,2026-04-24 14:50:34,	,退款成功,128.44	,169.0	
趣白全自动洗面奶打泡机感应泡沫机绵密泡沫礼品新品懒人洗脸神器,260424-619079350630047,已收货,1	,2026-04-24 14:44:54,	,无售后或售后取消,160.55	,169.0	
趣白全自动洗面奶打泡机感应泡沫机绵密泡沫礼品新品懒人洗脸神器,260424-674244892190362,已收货,1	,2026-04-24 14:44:45,	,无售后或售后取消,145.34	,169.0	
趣白全自动洗面奶打泡机感应泡沫机绵密泡沫礼品新品懒人洗脸神器,260424-116664625492596,已收货,1	,2026-04-24 14:39:12,	,无售后或售后取消,169.0	,169.0	
趣白全自动洗面奶打泡机感应泡沫机绵密泡沫礼品新品懒人洗脸神器,260424-273489610372198,已取消,1	,	,	,无售后或售后取消,169.0	,169.0	
趣白全自动洗面奶打泡机感应泡沫机绵密泡沫礼品新品懒人洗脸神器,260424-074333560402132,已取消,1	,	,	,无售后或售后取消,169.0	,169.0	
趣白全自动洗面奶打泡机感应泡沫机绵密泡沫礼品新品懒人洗脸神器,260424-511013097850063,已收货,1	,2026-04-24 14:00:15,	,无售后或售后取消,136.89	,169.0	
趣白全自动洗面奶打泡机感应泡沫机绵密泡沫礼品新品懒人洗脸神器,260424-530055175831075,已取消,1	,	,	,无售后或售后取消,169.0	,169.0	
趣白全自动洗面奶打泡机感应泡沫机绵密泡沫礼品新品懒人洗脸神器,260424-649299269253214,已收货,1	,2026-04-24 13:46:25,	,无售后或售后取消,169.0	,169.0	
趣白全自动洗面奶打泡机感应泡沫机绵密泡沫礼品新品懒人洗脸神器,260424-373429420341555,已发货，退款成功,1	,2026-04-24 13:00:37,	,退款成功,135.2	,169.0	
趣白全自动洗面奶打泡机感应泡沫机绵密泡沫礼品新品懒人洗脸神器,260424-574074416683795,已收货,1	,2026-04-24 12:56:03,	,无售后或售后取消,169.0	,169.0	
趣白全自动洗面奶打泡机感应泡沫机绵密泡沫礼品新品懒人洗脸神器,260424-683860365661943,已收货，退款成功,1	,2026-04-25 07:13:07,(收)[QBPH004]*[1]#,退款成功,135.2	,169.0	
趣白全自动洗面奶打泡机感应泡沫机绵密泡沫礼品新品懒人洗脸神器,260424-063428442521143,已收货,1	,2026-04-24 12:29:53,	,无售后或售后取消,131.82	,169.0	
趣白全自动洗面奶打泡机感应泡沫机绵密泡沫礼品新品懒人洗脸神器,260424-333677872770309,已收货,1	,2026-04-24 12:24:09,	,无售后或售后取消,145.34	,169.0	
趣白全自动洗面奶打泡机感应泡沫机绵密泡沫礼品新品懒人洗脸神器,260424-579128542720872,已收货，退款成功,1	,2026-04-24 11:51:30,	,退款成功,126.75	,169.0	
趣白全自动洗面奶打泡机感应泡沫机绵密泡沫礼品新品懒人洗脸神器,260424-566535134820072,已发货，退款成功,1	,2026-04-24 11:33:30,	,退款成功,169.0	,169.0	
趣白全自动洗面奶打泡机感应泡沫机绵密泡沫礼品新品懒人洗脸神器,260424-123983654473468,已发货，退款成功,2	,2026-04-24 11:16:07,	,退款成功,334.62	,334.62	
趣白全自动洗面奶打泡机感应泡沫机绵密泡沫礼品新品懒人洗脸神器,260424-107405678172211,已收货,2	,2026-04-24 10:49:39,	,无售后或售后取消,334.62	,334.62	
趣白全自动洗面奶打泡机感应泡沫机绵密泡沫礼品新品懒人洗脸神器,260424-273112122993910,已收货，退款成功,1	,2026-04-24 10:15:28,	,退款成功,143.65	,169.0	
趣白全自动洗面奶打泡机感应泡沫机绵密泡沫礼品新品懒人洗脸神器,260424-017626570383975,已收货,1	,2026-04-24 10:02:44,	,无售后或售后取消,129.0	,169.0	
趣白全自动洗面奶打泡机感应泡沫机绵密泡沫礼品新品懒人洗脸神器,260424-128429616790327,未发货，退款成功,1	,2026-04-24 09:55:52,	,退款成功,143.65	,169.0	
趣白全自动洗面奶打泡机感应泡沫机绵密泡沫礼品新品懒人洗脸神器,260424-641434980730434,已收货,1	,2026-04-24 09:33:14,	,无售后或售后取消,128.44	,169.0	
趣白全自动洗面奶打泡机感应泡沫机绵密泡沫礼品新品懒人洗脸神器,260424-051862639011594,已发货，退款成功,1	,2026-04-24 09:33:10,	,退款成功,155.48	,169.0	
趣白全自动洗面奶打泡机感应泡沫机绵密泡沫礼品新品懒人洗脸神器,260424-370524875130693,已发货，退款成功,1	,2026-04-24 09:16:37,	,退款成功,169.0	,169.0	
趣白全自动洗面奶打泡机感应泡沫机绵密泡沫礼品新品懒人洗脸神器,260424-356190861642946,已收货,1	,2026-04-24 09:16:31,	,无售后或售后取消,126.75	,169.0	
趣白全自动洗面奶打泡机感应泡沫机绵密泡沫礼品新品懒人洗脸神器,260424-289490911653004,已发货，退款成功,1	,2026-04-24 09:04:43,	,退款成功,135.2	,169.0	
趣白全自动洗面奶打泡机感应泡沫机绵密泡沫礼品新品懒人洗脸神器,260424-658264583803136,已收货,1	,2026-04-24 08:54:12,	,无售后或售后取消,169.0	,169.0	
趣白全自动洗面奶打泡机感应泡沫机绵密泡沫礼品新品懒人洗脸神器,260424-564658225490127,已收货,1	,2026-04-24 08:34:05,	,无售后或售后取消,169.0	,169.0	
趣白全自动洗面奶打泡机感应泡沫机绵密泡沫礼品新品懒人洗脸神器,260424-386851213661949,已收货,1	,2026-04-24 08:30:06,	,无售后或售后取消,135.2	,169.0	
趣白全自动洗面奶打泡机感应泡沫机绵密泡沫礼品新品懒人洗脸神器,260424-427777124762654,已收货，退款成功,1	,2026-04-24 08:07:14,	,退款成功,131.82	,169.0	
趣白全自动洗面奶打泡机感应泡沫机绵密泡沫礼品新品懒人洗脸神器,260424-554172423710803,已发货，退款成功,1	,2026-04-24 07:59:00,	,退款成功,135.2	,169.0	
趣白全自动洗面奶打泡机感应泡沫机绵密泡沫礼品新品懒人洗脸神器,260424-351524636191943,已发货，退款成功,1	,2026-04-24 07:39:31,	,退款成功,169.0	,169.0	
趣白全自动洗面奶打泡机感应泡沫机绵密泡沫礼品新品懒人洗脸神器,260424-562519119403321,已收货,1	,2026-04-24 07:32:25,	,无售后或售后取消,169.0	,169.0	
趣白全自动洗面奶打泡机感应泡沫机绵密泡沫礼品新品懒人洗脸神器,260424-433837914511605,已收货,1	,2026-04-24 07:31:47,	,无售后或售后取消,143.65	,169.0	
趣白全自动洗面奶打泡机感应泡沫机绵密泡沫礼品新品懒人洗脸神器,260424-557066566053004,已取消,1	,	,	,无售后或售后取消,141.96	,169.0	
趣白全自动洗面奶打泡机感应泡沫机绵密泡沫礼品新品懒人洗脸神器,260424-492642025800700,已收货,1	,2026-04-24 06:33:15,	,无售后或售后取消,143.65	,169.0	
趣白全自动洗面奶打泡机感应泡沫机绵密泡沫礼品新品懒人洗脸神器,260424-358319440300028,已收货,1	,2026-04-24 01:59:54,	,无售后或售后取消,128.44	,169.0	
趣白全自动洗面奶打泡机感应泡沫机绵密泡沫礼品新品懒人洗脸神器,260424-032600297773071,已收货,1	,2026-04-24 01:26:42,	,无售后或售后取消,169.0	,169.0	
趣白全自动洗面奶打泡机感应泡沫机绵密泡沫礼品新品懒人洗脸神器,260424-630739453543670,已收货,1	,2026-04-24 00:42:17,	,无售后或售后取消,140.27	,169.0	
趣白全自动洗面奶打泡机感应泡沫机绵密泡沫礼品新品懒人洗脸神器,260424-169124851292463,已收货，退款成功,1	,2026-04-24 00:36:49,	,退款成功,143.65	,169.0	
趣白全自动洗面奶打泡机感应泡沫机绵密泡沫礼品新品懒人洗脸神器,260424-459370688133842,已发货，退款成功,1	,2026-04-24 00:19:16,	,退款成功,131.82	,169.0	
趣白全自动洗面奶打泡机感应泡沫机绵密泡沫礼品新品懒人洗脸神器,260423-582819582280080,已收货,1	,2026-04-23 23:49:59,	,无售后或售后取消,128.44	,169.0	
趣白全自动洗面奶打泡机感应泡沫机绵密泡沫礼品新品懒人洗脸神器,260423-552264015392100,已发货，退款成功,1	,2026-04-23 23:11:08,	,退款成功,126.75	,169.0	
趣白全自动洗面奶打泡机感应泡沫机绵密泡沫礼品新品懒人洗脸神器,260423-659858409092192,已收货,1	,2026-04-23 23:03:53,	,无售后或售后取消,169.0	,169.0	
趣白全自动洗面奶打泡机感应泡沫机绵密泡沫礼品新品懒人洗脸神器,260423-041985042822131,已收货,1	,2026-04-23 22:40:14,	,无售后或售后取消,118.3	,169.0	
趣白全自动洗面奶打泡机感应泡沫机绵密泡沫礼品新品懒人洗脸神器,260423-071858983313317,已发货，退款成功,2	,2026-04-23 22:38:04,	,退款成功,334.62	,334.62	
趣白全自动洗面奶打泡机感应泡沫机绵密泡沫礼品新品懒人洗脸神器,260423-561512486543475,已收货,1	,2026-04-23 22:24:34,	,无售后或售后取消,140.27	,169.0	
趣白全自动洗面奶打泡机感应泡沫机绵密泡沫礼品新品懒人洗脸神器,260423-497748559402729,已发货，退款成功,1	,2026-04-23 22:05:27,	,退款成功,126.75	,169.0	
趣白全自动洗面奶打泡机感应泡沫机绵密泡沫礼品新品懒人洗脸神器,260423-452670308663494,已发货，退款成功,1	,2026-04-23 21:20:29,	,退款成功,169.0	,169.0	
趣白全自动洗面奶打泡机感应泡沫机绵密泡沫礼品新品懒人洗脸神器,260423-665447308881219,已收货,1	,2026-04-23 20:53:00,	,无售后或售后取消,126.75	,169.0	
趣白全自动洗面奶打泡机感应泡沫机绵密泡沫礼品新品懒人洗脸神器,260423-677432594831234,已收货,1	,2026-04-23 20:38:14,	,无售后或售后取消,169.0	,169.0	
趣白全自动洗面奶打泡机感应泡沫机绵密泡沫礼品新品懒人洗脸神器,260423-633780375941784,已收货,1	,2026-04-23 19:31:26,	,无售后或售后取消,135.2	,169.0	
趣白全自动洗面奶打泡机感应泡沫机绵密泡沫礼品新品懒人洗脸神器,260423-110991819041572,已收货，退款成功,1	,2026-04-23 19:30:32,	,退款成功,135.2	,169.0	
趣白全自动洗面奶打泡机感应泡沫机绵密泡沫礼品新品懒人洗脸神器,260423-247799550273991,已收货,1	,2026-04-23 19:30:32,	,无售后或售后取消,135.2	,169.0	
趣白全自动洗面奶打泡机感应泡沫机绵密泡沫礼品新品懒人洗脸神器,260423-157412257363348,已取消,1	,	,	,无售后或售后取消,169.0	,169.0	
趣白全自动洗面奶打泡机感应泡沫机绵密泡沫礼品新品懒人洗脸神器,260423-228243555923348,已取消,1	,	,	,无售后或售后取消,143.65	,169.0	
趣白全自动洗面奶打泡机感应泡沫机绵密泡沫礼品新品懒人洗脸神器,260423-638006105752673,已收货,1	,2026-04-23 19:01:45,	,无售后或售后取消,133.51	,169.0	
趣白全自动洗面奶打泡机感应泡沫机绵密泡沫礼品新品懒人洗脸神器,260423-669777958490219,已发货，退款成功,1	,2026-04-24 16:10:27,	,退款成功,126.75	,169.0	
趣白全自动洗面奶打泡机感应泡沫机绵密泡沫礼品新品懒人洗脸神器,260423-146884606360790,未发货，退款成功,1	,2026-04-23 18:26:46,	,退款成功,133.51	,169.0	
趣白全自动洗面奶打泡机感应泡沫机绵密泡沫礼品新品懒人洗脸神器,260423-459569969443179,已收货,1	,2026-04-23 18:20:04,	,无售后或售后取消,123.37	,169.0	
趣白全自动洗面奶打泡机感应泡沫机绵密泡沫礼品新品懒人洗脸神器,260423-445204426262601,已取消,1	,	,	,无售后或售后取消,166.0	,169.0	
趣白全自动洗面奶打泡机感应泡沫机绵密泡沫礼品新品懒人洗脸神器,260423-448402593320415,已取消,1	,	,	,无售后或售后取消,169.0	,169.0	
趣白全自动洗面奶打泡机感应泡沫机绵密泡沫礼品新品懒人洗脸神器,260423-116444372560543,未发货，退款成功,1	,2026-04-23 17:15:12,	,退款成功,169.0	,169.0	
趣白全自动洗面奶打泡机感应泡沫机绵密泡沫礼品新品懒人洗脸神器,260423-520701908583724,已收货,1	,2026-04-23 17:01:16,	,无售后或售后取消,143.65	,169.0	
趣白全自动洗面奶打泡机感应泡沫机绵密泡沫礼品新品懒人洗脸神器,260423-125074215353217,已收货,1	,2026-04-23 16:51:53,	,无售后或售后取消,128.44	,169.0	
趣白全自动洗面奶打泡机感应泡沫机绵密泡沫礼品新品懒人洗脸神器,260423-219320205621952,已收货,1	,2026-04-23 16:50:49,	,无售后或售后取消,169.0	,169.0	
趣白全自动洗面奶打泡机感应泡沫机绵密泡沫礼品新品懒人洗脸神器,260423-298005379442367,已收货,1	,2026-04-23 16:36:21,	,无售后或售后取消,145.34	,169.0	
趣白全自动洗面奶打泡机感应泡沫机绵密泡沫礼品新品懒人洗脸神器,260423-139942991420209,已收货,1	,2026-04-23 16:29:05,	,无售后或售后取消,123.37	,169.0	
趣白全自动洗面奶打泡机感应泡沫机绵密泡沫礼品新品懒人洗脸神器,260423-513351432570347,已发货，退款成功,1	,2026-04-23 16:21:28,	,退款成功,169.0	,169.0	
趣白全自动洗面奶打泡机感应泡沫机绵密泡沫礼品新品懒人洗脸神器,260423-373943243130347,已发货，退款成功,1	,2026-04-23 16:01:08,	,退款成功,149.0	,169.0	
趣白全自动洗面奶打泡机感应泡沫机绵密泡沫礼品新品懒人洗脸神器,260423-524434839072696,已取消,1	,	,	,无售后或售后取消,152.1	,169.0	
趣白全自动洗面奶打泡机感应泡沫机绵密泡沫礼品新品懒人洗脸神器,260423-266128648584046,已收货，退款成功,1	,2026-04-23 15:21:46,	,退款成功,169.0	,169.0	
趣白全自动洗面奶打泡机感应泡沫机绵密泡沫礼品新品懒人洗脸神器,260423-554487069022067,已收货,1	,2026-04-23 15:15:37,	,无售后或售后取消,133.51	,169.0	
趣白全自动洗面奶打泡机感应泡沫机绵密泡沫礼品新品懒人洗脸神器,260423-273930022510786,已发货，退款成功,1	,2026-04-23 15:03:49,	,退款成功,169.0	,169.0	
趣白全自动洗面奶打泡机感应泡沫机绵密泡沫礼品新品懒人洗脸神器,260423-578373578350378,已收货,1	,2026-04-23 14:53:57,	,无售后或售后取消,169.0	,169.0	
趣白全自动洗面奶打泡机感应泡沫机绵密泡沫礼品新品懒人洗脸神器,260423-420919395880813,已收货,1	,2026-04-23 14:46:18,	,无售后或售后取消,135.2	,169.0	
趣白全自动洗面奶打泡机感应泡沫机绵密泡沫礼品新品懒人洗脸神器,260423-319742329273713,已收货，退款成功,1	,2026-04-23 14:27:52,	,退款成功,152.1	,169.0	
趣白全自动洗面奶打泡机感应泡沫机绵密泡沫礼品新品懒人洗脸神器,260423-066238626232732,已收货,1	,2026-04-23 14:01:43,	,无售后或售后取消,169.0	,169.0	
趣白全自动洗面奶打泡机感应泡沫机绵密泡沫礼品新品懒人洗脸神器,260423-272357200253927,已收货,1	,2026-04-23 13:59:14,	,无售后或售后取消,118.3	,169.0	
趣白全自动洗面奶打泡机感应泡沫机绵密泡沫礼品新品懒人洗脸神器,260423-511422052692895,已发货，退款成功,1	,2026-04-23 13:28:24,	,退款成功,169.0	,169.0	
趣白全自动洗面奶打泡机感应泡沫机绵密泡沫礼品新品懒人洗脸神器,260423-345107340882810,已发货，退款成功,1	,2026-04-23 13:19:45,	,退款成功,143.65	,169.0	
趣白全自动洗面奶打泡机感应泡沫机绵密泡沫礼品新品懒人洗脸神器,260423-676667134273712,已发货，退款成功,1	,2026-04-23 13:02:36,	,退款成功,143.65	,169.0	
趣白全自动洗面奶打泡机感应泡沫机绵密泡沫礼品新品懒人洗脸神器,260423-043631275593040,已发货，退款成功,1	,2026-04-23 12:34:24,	,退款成功,130.13	,169.0	
趣白全自动洗面奶打泡机感应泡沫机绵密泡沫礼品新品懒人洗脸神器,260423-129394358622181,已取消,1	,	,	,无售后或售后取消,138.58	,169.0	
趣白全自动洗面奶打泡机感应泡沫机绵密泡沫礼品新品懒人洗脸神器,260423-121697800511964,已收货,1	,2026-04-23 12:17:26,	,无售后或售后取消,169.0	,169.0	
趣白全自动洗面奶打泡机感应泡沫机绵密泡沫礼品新品懒人洗脸神器,260423-581141850533004,已取消,1	,	,	,无售后或售后取消,143.65	,169.0	
趣白全自动洗面奶打泡机感应泡沫机绵密泡沫礼品新品懒人洗脸神器,260423-602805430642478,已发货，退款成功,1	,2026-04-23 11:58:40,	,退款成功,123.37	,169.0	
趣白全自动洗面奶打泡机感应泡沫机绵密泡沫礼品新品懒人洗脸神器,260423-386085743020034,已收货,1	,2026-04-23 11:54:50,	,无售后或售后取消,128.44	,169.0	
趣白全自动洗面奶打泡机感应泡沫机绵密泡沫礼品新品懒人洗脸神器,260423-132173022772354,已取消,1	,	,	,无售后或售后取消,135.2	,169.0	
趣白全自动洗面奶打泡机感应泡沫机绵密泡沫礼品新品懒人洗脸神器,260423-382950490452452,已发货，退款成功,1	,2026-04-23 11:31:01,	,退款成功,169.0	,169.0	
趣白全自动洗面奶打泡机感应泡沫机绵密泡沫礼品新品懒人洗脸神器,260423-281542725930232,已收货,1	,2026-04-23 10:48:46,	,无售后或售后取消,169.0	,169.0	
趣白全自动洗面奶打泡机感应泡沫机绵密泡沫礼品新品懒人洗脸神器,260423-426267195773755,已收货,1	,2026-04-23 10:44:13,	,无售后或售后取消,169.0	,169.0	
趣白全自动洗面奶打泡机感应泡沫机绵密泡沫礼品新品懒人洗脸神器,260423-307086027133755,已取消,1	,	,	,无售后或售后取消,169.0	,169.0	
趣白全自动洗面奶打泡机感应泡沫机绵密泡沫礼品新品懒人洗脸神器,260423-464613568142443,已收货,1	,2026-04-24 06:24:23,	,无售后或售后取消,131.82	,169.0	
趣白全自动洗面奶打泡机感应泡沫机绵密泡沫礼品新品懒人洗脸神器,260423-202438162763036,已收货,1	,2026-04-23 10:17:34,	,无售后或售后取消,135.2	,169.0	
趣白全自动洗面奶打泡机感应泡沫机绵密泡沫礼品新品懒人洗脸神器,260423-632647893430969,已收货，退款成功,1	,2026-04-23 10:09:47,用户备注：检查质量,退款成功,143.65	,169.0	
趣白全自动洗面奶打泡机感应泡沫机绵密泡沫礼品新品懒人洗脸神器,260423-571715110542074,已收货,1	,2026-04-23 09:59:49,	,无售后或售后取消,169.0	,169.0	
趣白全自动洗面奶打泡机感应泡沫机绵密泡沫礼品新品懒人洗脸神器,260423-371877486211898,已收货，退款成功,1	,2026-04-23 09:59:34,	,退款成功,145.34	,169.0	
趣白全自动洗面奶打泡机感应泡沫机绵密泡沫礼品新品懒人洗脸神器,260423-484253428142221,已收货,1	,2026-04-23 09:58:10,	,无售后或售后取消,169.0	,169.0	
趣白全自动洗面奶打泡机感应泡沫机绵密泡沫礼品新品懒人洗脸神器,260423-446882179420466,已收货,1	,2026-04-23 09:48:17,	,无售后或售后取消,169.0	,169.0	
趣白全自动洗面奶打泡机感应泡沫机绵密泡沫礼品新品懒人洗脸神器,260423-442971001232085,已收货,1	,2026-04-23 09:38:29,	,无售后或售后取消,145.34	,169.0	
趣白全自动洗面奶打泡机感应泡沫机绵密泡沫礼品新品懒人洗脸神器,260423-077898739252557,已收货,1	,2026-04-23 09:35:28,	,无售后或售后取消,131.82	,169.0	
趣白全自动洗面奶打泡机感应泡沫机绵密泡沫礼品新品懒人洗脸神器,260423-099279225122932,已收货，退款成功,1	,2026-04-23 10:53:37,	,退款成功,118.3	,169.0	
趣白全自动洗面奶打泡机感应泡沫机绵密泡沫礼品新品懒人洗脸神器,260423-013201589903541,已收货,1	,2026-04-23 08:42:47,	,无售后或售后取消,164.0	,169.0	
趣白全自动洗面奶打泡机感应泡沫机绵密泡沫礼品新品懒人洗脸神器,260423-414334359090338,已收货，退款成功,1	,2026-04-23 08:32:56,	,退款成功,126.75	,169.0	
趣白全自动洗面奶打泡机感应泡沫机绵密泡沫礼品新品懒人洗脸神器,260423-422303526510255,已收货,1	,2026-04-23 08:29:55,	,无售后或售后取消,135.2	,169.0	
趣白全自动洗面奶打泡机感应泡沫机绵密泡沫礼品新品懒人洗脸神器,260423-598705446452201,已收货,1	,2026-04-23 08:22:28,	,无售后或售后取消,166.0	,169.0	
趣白全自动洗面奶打泡机感应泡沫机绵密泡沫礼品新品懒人洗脸神器,260423-416504922433502,已发货，退款成功,1	,2026-04-23 07:22:45,	,退款成功,167.0	,169.0	
趣白全自动洗面奶打泡机感应泡沫机绵密泡沫礼品新品懒人洗脸神器,260423-139334828323212,已收货，退款成功,1	,2026-04-23 07:22:20,	,退款成功,140.27	,169.0	
趣白全自动洗面奶打泡机感应泡沫机绵密泡沫礼品新品懒人洗脸神器,260423-006480217733762,已收货,1	,2026-04-23 07:16:54,	,无售后或售后取消,136.89	,169.0	
趣白全自动洗面奶打泡机感应泡沫机绵密泡沫礼品新品懒人洗脸神器,260423-380811374113689,已发货，退款成功,2	,2026-04-23 06:19:20,2套洗面奶机,退款成功,334.62	,334.62	
趣白全自动洗面奶打泡机感应泡沫机绵密泡沫礼品新品懒人洗脸神器,260423-675178146142181,已取消,1	,	,	,无售后或售后取消,169.0	,169.0	
趣白全自动洗面奶打泡机感应泡沫机绵密泡沫礼品新品懒人洗脸神器,260423-628107517460280,已收货,1	,2026-04-23 05:19:19,	,无售后或售后取消,169.0	,169.0	
趣白全自动洗面奶打泡机感应泡沫机绵密泡沫礼品新品懒人洗脸神器,260423-539817418311747,已收货,1	,2026-04-23 04:36:11,	,无售后或售后取消,169.0	,169.0	
趣白全自动洗面奶打泡机感应泡沫机绵密泡沫礼品新品懒人洗脸神器,260423-314163893772769,已发货，退款成功,1	,2026-04-23 04:19:39,	,退款成功,169.0	,169.0	
趣白全自动洗面奶打泡机感应泡沫机绵密泡沫礼品新品懒人洗脸神器,260423-041880195464057,未发货，退款成功,1	,2026-04-23 01:18:53,	,退款成功,154.0	,169.0	
趣白全自动洗面奶打泡机感应泡沫机绵密泡沫礼品新品懒人洗脸神器,260423-161113710233932,已取消,1	,	,	,无售后或售后取消,133.51	,169.0	
趣白全自动洗面奶打泡机感应泡沫机绵密泡沫礼品新品懒人洗脸神器,260423-257026987632029,已收货，退款成功,1	,2026-04-23 00:40:16,	,退款成功,135.2	,169.0	
趣白全自动洗面奶打泡机感应泡沫机绵密泡沫礼品新品懒人洗脸神器,260423-293999788342795,已发货，退款成功,1	,2026-04-23 00:26:50,	,退款成功,169.0	,169.0	
趣白全自动洗面奶打泡机感应泡沫机绵密泡沫礼品新品懒人洗脸神器,260423-012394248592936,已发货，退款成功,1	,2026-04-23 00:22:42,	,退款成功,150.4	,169.0	
趣白全自动洗面奶打泡机感应泡沫机绵密泡沫礼品新品懒人洗脸神器,260423-058888035892354,已取消,1	,	,	,无售后或售后取消,131.82	,169.0	
趣白全自动洗面奶打泡机感应泡沫机绵密泡沫礼品新品懒人洗脸神器,260423-385875975732354,已收货,1	,2026-04-23 14:44:11,	,无售后或售后取消,130.13	,169.0	
趣白全自动洗面奶打泡机感应泡沫机绵密泡沫礼品新品懒人洗脸神器,260423-466542999900671,已取消,1	,	,	,无售后或售后取消,130.13	,169.0	
趣白全自动洗面奶打泡机感应泡沫机绵密泡沫礼品新品懒人洗脸神器,260422-665704230510401,已收货,2	,2026-04-22 23:59:01,2套洗面奶机,无售后或售后取消,334.62	,334.62	
趣白全自动洗面奶打泡机感应泡沫机绵密泡沫礼品新品懒人洗脸神器,260422-446698626613791,已收货,1	,2026-04-22 23:48:03,	,无售后或售后取消,138.58	,169.0	
趣白全自动洗面奶打泡机感应泡沫机绵密泡沫礼品新品懒人洗脸神器,260422-397022400802813,已收货,1	,2026-04-22 23:29:56,	,无售后或售后取消,169.0	,169.0	
趣白全自动洗面奶打泡机感应泡沫机绵密泡沫礼品新品懒人洗脸神器,260422-241958971701090,已发货，退款成功,1	,2026-04-22 22:47:55,	,退款成功,133.51	,169.0	
趣白全自动洗面奶打泡机感应泡沫机绵密泡沫礼品新品懒人洗脸神器,260422-396933261690915,已收货,1	,2026-04-22 22:34:20,	,无售后或售后取消,169.0	,169.0	
趣白全自动洗面奶打泡机感应泡沫机绵密泡沫礼品新品懒人洗脸神器,260422-452675540512121,未发货，退款成功,1	,2026-04-22 21:52:34,	,退款成功,135.2	,169.0	
趣白全自动洗面奶打泡机感应泡沫机绵密泡沫礼品新品懒人洗脸神器,260422-121472356671437,已收货,1	,2026-04-22 21:48:17,	,无售后或售后取消,145.34	,169.0	
趣白全自动洗面奶打泡机感应泡沫机绵密泡沫礼品新品懒人洗脸神器,260422-537321859410715,已收货，退款成功,1	,2026-04-22 21:33:42,	,退款成功,128.44	,169.0	
趣白全自动洗面奶打泡机感应泡沫机绵密泡沫礼品新品懒人洗脸神器,260422-483383099742067,已取消,1	,	,	,无售后或售后取消,135.2	,169.0	
趣白全自动洗面奶打泡机感应泡沫机绵密泡沫礼品新品懒人洗脸神器,260422-373487050382443,已取消,1	,	,	,无售后或售后取消,149.0	,169.0	
趣白全自动洗面奶打泡机感应泡沫机绵密泡沫礼品新品懒人洗脸神器,260422-265945137564048,已收货，退款成功,1	,2026-04-22 20:29:41,	,退款成功,143.65	,169.0	
趣白全自动洗面奶打泡机感应泡沫机绵密泡沫礼品新品懒人洗脸神器,260422-628249105961541,已收货,1	,2026-04-22 19:13:58,	,无售后或售后取消,119.0	,169.0	
趣白全自动洗面奶打泡机感应泡沫机绵密泡沫礼品新品懒人洗脸神器,260422-353417378083241,未发货，退款成功,1	,2026-04-22 19:01:24,	,退款成功,139.45	,169.0	
趣白全自动洗面奶打泡机感应泡沫机绵密泡沫礼品新品懒人洗脸神器,260422-593058927031609,已收货,1	,2026-04-22 18:58:14,	,无售后或售后取消,135.2	,169.0	
趣白全自动洗面奶打泡机感应泡沫机绵密泡沫礼品新品懒人洗脸神器,260422-194741552770686,已收货,1	,2026-04-22 17:12:16,	,无售后或售后取消,123.37	,169.0	
趣白全自动洗面奶打泡机感应泡沫机绵密泡沫礼品新品懒人洗脸神器,260422-165308076410272,未发货，退款成功,1	,2026-04-22 16:44:07,	,退款成功,136.89	,169.0	
趣白全自动洗面奶打泡机感应泡沫机绵密泡沫礼品新品懒人洗脸神器,260422-617758092930924,已收货,1	,2026-04-22 16:39:24,	,无售后或售后取消,169.0	,169.0	
趣白全自动洗面奶打泡机感应泡沫机绵密泡沫礼品新品懒人洗脸神器,260422-259417772341369,已取消,1	,	,	,无售后或售后取消,131.82	,169.0	
趣白全自动洗面奶打泡机感应泡沫机绵密泡沫礼品新品懒人洗脸神器,260422-374519959972066,已收货,1	,2026-04-22 16:00:12,	,无售后或售后取消,136.89	,169.0	
趣白全自动洗面奶打泡机感应泡沫机绵密泡沫礼品新品懒人洗脸神器,260422-526343247510924,已收货,1	,2026-04-22 15:58:57,	,无售后或售后取消,169.0	,169.0	
趣白全自动洗面奶打泡机感应泡沫机绵密泡沫礼品新品懒人洗脸神器,260422-463690852753914,已发货，退款成功,1	,2026-04-22 15:48:37,	,退款成功,143.65	,169.0	
趣白全自动洗面奶打泡机感应泡沫机绵密泡沫礼品新品懒人洗脸神器,260422-462810007071483,已收货,1	,2026-04-22 15:24:01,	,无售后或售后取消,128.44	,169.0	
趣白全自动洗面奶打泡机感应泡沫机绵密泡沫礼品新品懒人洗脸神器,260422-267145787781473,已收货,2	,2026-04-22 15:09:30,2套洗面奶机,无售后或售后取消,314.62	,334.62	
趣白全自动洗面奶打泡机感应泡沫机绵密泡沫礼品新品懒人洗脸神器,260422-415068373312694,已收货,1	,2026-04-22 16:17:49,	,无售后或售后取消,169.0	,169.0	
趣白全自动洗面奶打泡机感应泡沫机绵密泡沫礼品新品懒人洗脸神器,260422-665971627673342,已取消,1	,	,	,无售后或售后取消,159.0	,169.0	
趣白全自动洗面奶打泡机感应泡沫机绵密泡沫礼品新品懒人洗脸神器,260422-009038753413317,已收货,1	,2026-04-22 14:48:43,	,无售后或售后取消,123.37	,169.0	
趣白全自动洗面奶打泡机感应泡沫机绵密泡沫礼品新品懒人洗脸神器,260422-158628647231101,已收货，退款成功,1	,2026-04-22 14:27:22,	,退款成功,169.0	,169.0	
趣白全自动洗面奶打泡机感应泡沫机绵密泡沫礼品新品懒人洗脸神器,260422-624248830271938,已发货，退款成功,2	,2026-04-22 14:04:37,2套洗面奶机,退款成功,317.89	,334.62	
趣白全自动洗面奶打泡机感应泡沫机绵密泡沫礼品新品懒人洗脸神器,260422-392765130372536,已收货,1	,2026-04-22 13:42:16,	,无售后或售后取消,152.1	,169.0	
趣白全自动洗面奶打泡机感应泡沫机绵密泡沫礼品新品懒人洗脸神器,260422-099258263970275,已收货,1	,2026-04-22 13:24:52,	,无售后或售后取消,169.0	,169.0	
趣白全自动洗面奶打泡机感应泡沫机绵密泡沫礼品新品懒人洗脸神器,260422-073211656491401,已收货,1	,2026-04-22 13:22:49,	,无售后或售后取消,161.92	,169.0	
趣白全自动洗面奶打泡机感应泡沫机绵密泡沫礼品新品懒人洗脸神器,260422-137719989850219,已取消,1	,	,	,无售后或售后取消,135.2	,169.0	
趣白全自动洗面奶打泡机感应泡沫机绵密泡沫礼品新品懒人洗脸神器,260422-108852724132605,已取消,1	,	,	,无售后或售后取消,123.37	,169.0	
趣白全自动洗面奶打泡机感应泡沫机绵密泡沫礼品新品懒人洗脸神器,260422-022953398653139,已收货,1	,2026-04-22 13:00:21,	,无售后或售后取消,160.55	,169.0	
趣白全自动洗面奶打泡机感应泡沫机绵密泡沫礼品新品懒人洗脸神器,260422-051306893603288,已发货，退款成功,1	,2026-04-22 13:00:00,	,退款成功,145.34	,169.0	
趣白全自动洗面奶打泡机感应泡沫机绵密泡沫礼品新品懒人洗脸神器,260422-606349617591886,已收货,1	,2026-04-22 12:53:23,	,无售后或售后取消,131.82	,169.0	
趣白全自动洗面奶打泡机感应泡沫机绵密泡沫礼品新品懒人洗脸神器,260422-443170240860386,已收货,1	,2026-04-22 12:53:15,	,无售后或售后取消,143.65	,169.0	
趣白全自动洗面奶打泡机感应泡沫机绵密泡沫礼品新品懒人洗脸神器,260422-636045310333230,已收货，退款成功,1	,2026-04-22 12:14:48,	,退款成功,131.82	,169.0	
趣白全自动洗面奶打泡机感应泡沫机绵密泡沫礼品新品懒人洗脸神器,260422-489705991770219,已取消,1	,	,	,无售后或售后取消,135.2	,169.0	
趣白全自动洗面奶打泡机感应泡沫机绵密泡沫礼品新品懒人洗脸神器,260422-409626274140671,已取消,1	,	,	,无售后或售后取消,143.65	,169.0	
趣白全自动洗面奶打泡机感应泡沫机绵密泡沫礼品新品懒人洗脸神器,260422-430817953293630,已收货,1	,2026-04-22 11:02:06,	,无售后或售后取消,136.89	,169.0	
趣白全自动洗面奶打泡机感应泡沫机绵密泡沫礼品新品懒人洗脸神器,260422-517765927300000,已取消,1	,	,	,无售后或售后取消,169.0	,169.0	
趣白全自动洗面奶打泡机感应泡沫机绵密泡沫礼品新品懒人洗脸神器,260422-453341407592280,已收货,1	,2026-04-22 10:38:52,	,无售后或售后取消,143.65	,169.0	
趣白全自动洗面奶打泡机感应泡沫机绵密泡沫礼品新品懒人洗脸神器,260422-507374497292786,已收货,1	,2026-04-22 10:36:14,	,无售后或售后取消,169.0	,169.0	
趣白全自动洗面奶打泡机感应泡沫机绵密泡沫礼品新品懒人洗脸神器,260422-608268480030572,已收货,1	,2026-04-22 10:21:31,	,无售后或售后取消,163.0	,169.0	
趣白全自动洗面奶打泡机感应泡沫机绵密泡沫礼品新品懒人洗脸神器,260422-650253442561263,已收货,1	,2026-04-22 10:12:25,	,无售后或售后取消,147.03	,169.0	
趣白全自动洗面奶打泡机感应泡沫机绵密泡沫礼品新品懒人洗脸神器,260422-608698386033616,已收货,1	,2026-04-22 09:55:01,	,无售后或售后取消,129.0	,169.0	
趣白全自动洗面奶打泡机感应泡沫机绵密泡沫礼品新品懒人洗脸神器,260422-299158740520786,已收货，退款成功,1	,2026-04-22 09:57:43,	,退款成功,152.1	,169.0	
趣白全自动洗面奶打泡机感应泡沫机绵密泡沫礼品新品懒人洗脸神器,260422-579526991401845,已收货,1	,2026-04-22 09:32:23,	,无售后或售后取消,143.65	,169.0	
趣白全自动洗面奶打泡机感应泡沫机绵密泡沫礼品新品懒人洗脸神器,260422-580638492251079,已收货,1	,2026-04-22 09:26:54,	,无售后或售后取消,145.34	,169.0	
趣白全自动洗面奶打泡机感应泡沫机绵密泡沫礼品新品懒人洗脸神器,260422-132089198903868,已收货,1	,2026-04-22 09:18:01,	,无售后或售后取消,131.82	,169.0	
趣白全自动洗面奶打泡机感应泡沫机绵密泡沫礼品新品懒人洗脸神器,260422-241298358663936,已发货，退款成功,1	,2026-04-22 09:07:31,	,退款成功,169.0	,169.0	
趣白全自动洗面奶打泡机感应泡沫机绵密泡沫礼品新品懒人洗脸神器,260422-550512903800328,已收货,1	,2026-04-22 09:04:16,	,无售后或售后取消,145.34	,169.0	
趣白全自动洗面奶打泡机感应泡沫机绵密泡沫礼品新品懒人洗脸神器,260422-292384981333854,已收货,1	,2026-04-22 09:01:04,	,无售后或售后取消,169.0	,169.0	
趣白全自动洗面奶打泡机感应泡沫机绵密泡沫礼品新品懒人洗脸神器,260422-401961173330399,已收货,1	,2026-04-22 08:50:02,	,无售后或售后取消,149.0	,169.0	
趣白全自动洗面奶打泡机感应泡沫机绵密泡沫礼品新品懒人洗脸神器,260422-273720359210032,已取消,1	,	,	,无售后或售后取消,147.03	,169.0	
趣白全自动洗面奶打泡机感应泡沫机绵密泡沫礼品新品懒人洗脸神器,260422-504627228191842,已收货,1	,2026-04-22 08:36:53,	,无售后或售后取消,131.82	,169.0	
趣白全自动洗面奶打泡机感应泡沫机绵密泡沫礼品新品懒人洗脸神器,260422-042981158492155,已收货,1	,2026-04-22 08:24:12,	,无售后或售后取消,128.44	,169.0	
趣白全自动洗面奶打泡机感应泡沫机绵密泡沫礼品新品懒人洗脸神器,260422-326002286142831,已收货，退款成功,1	,2026-04-22 08:18:26,	,退款成功,131.82	,169.0	
趣白全自动洗面奶打泡机感应泡沫机绵密泡沫礼品新品懒人洗脸神器,260422-500642681133888,已收货,1	,2026-04-22 09:35:34,	,无售后或售后取消,140.27	,169.0	
趣白全自动洗面奶打泡机感应泡沫机绵密泡沫礼品新品懒人洗脸神器,260422-338616665670071,已收货,1	,2026-04-22 07:21:27,	,无售后或售后取消,160.55	,169.0	
趣白全自动洗面奶打泡机感应泡沫机绵密泡沫礼品新品懒人洗脸神器,260422-067706570322455,已收货,1	,2026-04-22 05:23:01,	,无售后或售后取消,169.0	,169.0	
趣白全自动洗面奶打泡机感应泡沫机绵密泡沫礼品新品懒人洗脸神器,260422-407822681731087,已收货,1	,2026-04-22 05:18:41,	,无售后或售后取消,169.0	,169.0	
趣白全自动洗面奶打泡机感应泡沫机绵密泡沫礼品新品懒人洗脸神器,260422-172910210680236,已收货,1	,2026-04-22 01:14:07,	,无售后或售后取消,124.0	,169.0	
趣白全自动洗面奶打泡机感应泡沫机绵密泡沫礼品新品懒人洗脸神器,260422-342527864463372,已收货,1	,2026-04-22 01:13:51,	,无售后或售后取消,138.58	,169.0	
趣白全自动洗面奶打泡机感应泡沫机绵密泡沫礼品新品懒人洗脸神器,260422-029444032062640,已收货，退款成功,1	,2026-04-22 00:33:04,	,退款成功,149.0	,169.0	
趣白全自动洗面奶打泡机感应泡沫机绵密泡沫礼品新品懒人洗脸神器,260422-682255992471822,已取消,1	,	,	,无售后或售后取消,131.82	,169.0	
趣白全自动洗面奶打泡机感应泡沫机绵密泡沫礼品新品懒人洗脸神器,260422-242189616791822,已取消,1	,	,	,无售后或售后取消,149.0	,169.0	
趣白全自动洗面奶打泡机感应泡沫机绵密泡沫礼品新品懒人洗脸神器,260422-092127957282191,已收货，退款成功,1	,2026-04-22 13:36:15,	,退款成功,131.82	,169.0	
趣白全自动洗面奶打泡机感应泡沫机绵密泡沫礼品新品懒人洗脸神器,260422-262699825562993,已取消,1	,	,	,无售后或售后取消,109.85	,169.0	
趣白全自动洗面奶打泡机感应泡沫机绵密泡沫礼品新品懒人洗脸神器,260422-461373489462723,已收货,1	,2026-04-22 00:06:18,	,无售后或售后取消,169.0	,169.0	
趣白全自动洗面奶打泡机感应泡沫机绵密泡沫礼品新品懒人洗脸神器,260422-493250199862723,已收货,1	,2026-04-22 00:03:37,	,无售后或售后取消,169.0	,169.0	
趣白全自动洗面奶打泡机感应泡沫机绵密泡沫礼品新品懒人洗脸神器,260422-379626535213362,已收货，退款成功,1	,2026-04-22 00:01:15,	,退款成功,131.82	,169.0	
趣白全自动洗面奶打泡机感应泡沫机绵密泡沫礼品新品懒人洗脸神器,260421-680053982833951,已取消,1	,	,	,无售后或售后取消,169.0	,169.0	
趣白全自动洗面奶打泡机感应泡沫机绵密泡沫礼品新品懒人洗脸神器,260421-636108162612763,未发货，退款成功,1	,2026-04-21 23:40:15,	,退款成功,169.0	,169.0	
趣白全自动洗面奶打泡机感应泡沫机绵密泡沫礼品新品懒人洗脸神器,260421-660781197753579,已收货，退款成功,1	,2026-04-21 23:31:29,	,退款成功,131.82	,169.0	
趣白全自动洗面奶打泡机感应泡沫机绵密泡沫礼品新品懒人洗脸神器,260421-104197025310661,已取消,1	,	,	,无售后或售后取消,135.2	,169.0	
趣白全自动洗面奶打泡机感应泡沫机绵密泡沫礼品新品懒人洗脸神器,260421-136409280030661,已取消,1	,	,	,无售后或售后取消,143.65	,169.0	
趣白全自动洗面奶打泡机感应泡沫机绵密泡沫礼品新品懒人洗脸神器,260421-466605841933031,已收货,1	,2026-04-21 22:29:17,	,无售后或售后取消,138.58	,169.0	
趣白全自动洗面奶打泡机感应泡沫机绵密泡沫礼品新品懒人洗脸神器,260421-177817598302217,已收货,1	,2026-04-21 22:02:09,	,无售后或售后取消,160.0	,169.0	
趣白全自动洗面奶打泡机感应泡沫机绵密泡沫礼品新品懒人洗脸神器,260421-611372296533321,已收货,1	,2026-04-21 22:00:08,	,无售后或售后取消,152.1	,169.0	
趣白全自动洗面奶打泡机感应泡沫机绵密泡沫礼品新品懒人洗脸神器,260421-311563394622034,已收货,1	,2026-04-21 21:13:45,	,无售后或售后取消,153.84	,169.0	
趣白全自动洗面奶打泡机感应泡沫机绵密泡沫礼品新品懒人洗脸神器,260421-112250068570219,已取消,1	,	,	,无售后或售后取消,135.2	,169.0	
趣白全自动洗面奶打泡机感应泡沫机绵密泡沫礼品新品懒人洗脸神器,260421-675702434121807,未发货，退款成功,1	,2026-04-21 20:39:13,	,退款成功,154.0	,169.0	
趣白全自动洗面奶打泡机感应泡沫机绵密泡沫礼品新品懒人洗脸神器,260421-014952711781625,已收货，退款成功,1	,2026-04-21 20:36:46,	,退款成功,131.82	,169.0	
趣白全自动洗面奶打泡机感应泡沫机绵密泡沫礼品新品懒人洗脸神器,260421-574892358062255,已收货,1	,2026-04-21 20:34:09,	,无售后或售后取消,131.82	,169.0	
趣白全自动洗面奶打泡机感应泡沫机绵密泡沫礼品新品懒人洗脸神器,260421-601526178083448,已收货,1	,2026-04-21 20:14:54,	,无售后或售后取消,139.0	,169.0	
趣白全自动洗面奶打泡机感应泡沫机绵密泡沫礼品新品懒人洗脸神器,260421-311406128690338,未发货，退款成功,1	,2026-04-21 19:11:18,	,退款成功,166.0	,169.0	
趣白全自动洗面奶打泡机感应泡沫机绵密泡沫礼品新品懒人洗脸神器,260421-288693952083090,已收货,1	,2026-04-21 18:49:08,	,无售后或售后取消,143.65	,169.0	
趣白全自动洗面奶打泡机感应泡沫机绵密泡沫礼品新品懒人洗脸神器,260421-451537815062177,已发货，退款成功,1	,2026-04-21 18:39:28,	,退款成功,152.1	,169.0	
趣白全自动洗面奶打泡机感应泡沫机绵密泡沫礼品新品懒人洗脸神器,260421-078653693463403,已收货,1	,2026-04-21 18:32:04,	,无售后或售后取消,138.58	,169.0	
趣白全自动洗面奶打泡机感应泡沫机绵密泡沫礼品新品懒人洗脸神器,260421-339119971963088,已取消,1	,	,	,无售后或售后取消,169.0	,169.0	
趣白全自动洗面奶打泡机感应泡沫机绵密泡沫礼品新品懒人洗脸神器,260421-111379771003088,已取消,1	,	,	,无售后或售后取消,169.0	,169.0	
趣白全自动洗面奶打泡机感应泡沫机绵密泡沫礼品新品懒人洗脸神器,260421-546769529170344,已收货，退款成功,1	,2026-04-21 18:20:01,	,退款成功,126.75	,169.0	
趣白全自动洗面奶打泡机感应泡沫机绵密泡沫礼品新品懒人洗脸神器,260421-606873874062864,已发货，退款成功,1	,2026-04-21 16:37:18,	,退款成功,118.3	,169.0	
趣白全自动洗面奶打泡机感应泡沫机绵密泡沫礼品新品懒人洗脸神器,260421-208771489282231,已取消,1	,	,	,无售后或售后取消,166.0	,169.0	
趣白全自动洗面奶打泡机感应泡沫机绵密泡沫礼品新品懒人洗脸神器,260421-572449165612716,已收货,1	,2026-04-21 16:27:12,	,无售后或售后取消,135.2	,169.0	
趣白全自动洗面奶打泡机感应泡沫机绵密泡沫礼品新品懒人洗脸神器,260421-166723664313486,已收货,1	,2026-04-21 16:11:55,	,无售后或售后取消,136.89	,169.0	
趣白全自动洗面奶打泡机感应泡沫机绵密泡沫礼品新品懒人洗脸神器,260421-273573538201534,已发货，退款成功,1	,2026-04-21 16:05:21,	,退款成功,139.0	,169.0	
趣白全自动洗面奶打泡机感应泡沫机绵密泡沫礼品新品懒人洗脸神器,260421-250871825960170,已收货,1	,2026-04-21 15:49:10,	,无售后或售后取消,126.75	,169.0	
趣白全自动洗面奶打泡机感应泡沫机绵密泡沫礼品新品懒人洗脸神器,260421-465022492261796,已收货,1	,2026-04-21 15:44:22,	,无售后或售后取消,124.0	,169.0	
趣白全自动洗面奶打泡机感应泡沫机绵密泡沫礼品新品懒人洗脸神器,260421-684132953652516,已收货,1	,2026-04-21 15:27:44,	,无售后或售后取消,138.58	,169.0	
趣白全自动洗面奶打泡机感应泡沫机绵密泡沫礼品新品懒人洗脸神器,260421-682035822930711,已收货,1	,2026-04-21 14:58:44,	,无售后或售后取消,169.0	,169.0	
趣白全自动洗面奶打泡机感应泡沫机绵密泡沫礼品新品懒人洗脸神器,260421-009164582551005,已收货,1	,2026-04-21 14:54:57,	,无售后或售后取消,169.0	,169.0	
趣白全自动洗面奶打泡机感应泡沫机绵密泡沫礼品新品懒人洗脸神器,260421-462474504563659,已收货,1	,2026-04-21 22:51:06,	,无售后或售后取消,138.58	,169.0	
趣白全自动洗面奶打泡机感应泡沫机绵密泡沫礼品新品懒人洗脸神器,260421-419860334170219,已取消,1	,	,	,无售后或售后取消,135.2	,169.0	
趣白全自动洗面奶打泡机感应泡沫机绵密泡沫礼品新品懒人洗脸神器,260421-028322118043226,已收货，退款成功,1	,2026-04-21 14:23:08,换机身,退款成功,169.0	,169.0	
趣白全自动洗面奶打泡机感应泡沫机绵密泡沫礼品新品懒人洗脸神器,260421-480530993532599,已发货，退款成功,1	,2026-04-21 14:21:30,	,退款成功,169.0	,169.0	
趣白全自动洗面奶打泡机感应泡沫机绵密泡沫礼品新品懒人洗脸神器,260421-060702103100692,已收货,1	,2026-04-21 14:18:58,	,无售后或售后取消,149.0	,169.0	
趣白全自动洗面奶打泡机感应泡沫机绵密泡沫礼品新品懒人洗脸神器,260421-186950674741023,已收货,1	,2026-04-21 14:16:48,	,无售后或售后取消,143.65	,169.0	
趣白全自动洗面奶打泡机感应泡沫机绵密泡沫礼品新品懒人洗脸神器,260421-150743314033742,未发货，退款成功,1	,2026-04-21 13:51:19,	,退款成功,131.82	,169.0	
趣白全自动洗面奶打泡机感应泡沫机绵密泡沫礼品新品懒人洗脸神器,260421-139104099912026,已收货，退款成功,1	,2026-04-21 13:44:49,	,退款成功,166.0	,169.0	
趣白全自动洗面奶打泡机感应泡沫机绵密泡沫礼品新品懒人洗脸神器,260421-480436590173408,已收货,1	,2026-04-21 13:32:57,	,无售后或售后取消,148.72	,169.0	
趣白全自动洗面奶打泡机感应泡沫机绵密泡沫礼品新品懒人洗脸神器,260421-006889172633932,已取消,1	,	,	,无售后或售后取消,133.51	,169.0	
趣白全自动洗面奶打泡机感应泡沫机绵密泡沫礼品新品懒人洗脸神器,260421-558807191873027,已收货,1	,2026-04-21 13:35:36,	,无售后或售后取消,169.0	,169.0	
趣白全自动洗面奶打泡机感应泡沫机绵密泡沫礼品新品懒人洗脸神器,260421-362639573373647,已发货，退款成功,1	,2026-04-21 13:19:17,	,退款成功,169.0	,169.0	
趣白全自动洗面奶打泡机感应泡沫机绵密泡沫礼品新品懒人洗脸神器,260421-602364997271855,已收货，退款成功,1	,2026-04-21 13:15:20,	,退款成功,169.0	,169.0	
趣白全自动洗面奶打泡机感应泡沫机绵密泡沫礼品新品懒人洗脸神器,260421-267187700012470,已收货,1	,2026-04-21 13:07:05,	,无售后或售后取消,152.1	,169.0	
趣白全自动洗面奶打泡机感应泡沫机绵密泡沫礼品新品懒人洗脸神器,260421-581330604362443,已收货,1	,2026-04-21 13:04:57,	,无售后或售后取消,169.0	,169.0	
趣白全自动洗面奶打泡机感应泡沫机绵密泡沫礼品新品懒人洗脸神器,260421-665740920442708,已发货，退款成功,1	,2026-04-21 12:40:25,	,退款成功,135.2	,169.0	
趣白全自动洗面奶打泡机感应泡沫机绵密泡沫礼品新品懒人洗脸神器,260421-443736409730458,已取消,1	,	,	,无售后或售后取消,131.82	,169.0	
趣白全自动洗面奶打泡机感应泡沫机绵密泡沫礼品新品懒人洗脸神器,260421-308795174412143,已发货，退款成功,1	,2026-04-21 12:21:30,	,退款成功,149.0	,169.0	
趣白全自动洗面奶打泡机感应泡沫机绵密泡沫礼品新品懒人洗脸神器,260421-518982285722448,已收货,1	,2026-04-21 12:19:16,	,无售后或售后取消,169.0	,169.0	
趣白全自动洗面奶打泡机感应泡沫机绵密泡沫礼品新品懒人洗脸神器,260421-408189693501453,未发货，退款成功,1	,2026-04-21 12:07:20,	,退款成功,169.0	,169.0	
趣白全自动洗面奶打泡机感应泡沫机绵密泡沫礼品新品懒人洗脸神器,260421-362943691133693,已收货,1	,2026-04-21 12:04:32,	,无售后或售后取消,135.2	,169.0	
趣白全自动洗面奶打泡机感应泡沫机绵密泡沫礼品新品懒人洗脸神器,260421-427944865360272,未发货，退款成功,1	,2026-04-21 12:03:31,	,退款成功,169.0	,169.0	
趣白全自动洗面奶打泡机感应泡沫机绵密泡沫礼品新品懒人洗脸神器,260421-595014489671595,已收货,1	,2026-04-21 12:01:48,	,无售后或售后取消,169.0	,169.0	
趣白全自动洗面奶打泡机感应泡沫机绵密泡沫礼品新品懒人洗脸神器,260421-572239460651244,已收货,1	,2026-04-21 12:00:34,	,无售后或售后取消,133.51	,169.0	
趣白全自动洗面奶打泡机感应泡沫机绵密泡沫礼品新品懒人洗脸神器,260421-330678935072854,已收货,1	,2026-04-21 11:38:41,	,无售后或售后取消,166.0	,169.0	
趣白全自动洗面奶打泡机感应泡沫机绵密泡沫礼品新品懒人洗脸神器,260421-450740897390612,已收货,1	,2026-04-21 11:13:32,	,无售后或售后取消,133.51	,169.0	
趣白全自动洗面奶打泡机感应泡沫机绵密泡沫礼品新品懒人洗脸神器,260421-502309896612135,已取消,1	,	,	,无售后或售后取消,138.58	,169.0	
趣白全自动洗面奶打泡机感应泡沫机绵密泡沫礼品新品懒人洗脸神器,260421-500726557032369,已收货，退款成功,1	,2026-04-21 10:41:43,	,退款成功,169.0	,169.0	
趣白全自动洗面奶打泡机感应泡沫机绵密泡沫礼品新品懒人洗脸神器,260421-377414029720570,已发货，退款成功,1	,2026-04-21 10:36:50,	,退款成功,147.03	,169.0	
趣白全自动洗面奶打泡机感应泡沫机绵密泡沫礼品新品懒人洗脸神器,260421-025847468420495,已发货，退款成功,1	,2026-04-21 10:33:14,	,退款成功,143.65	,169.0	
趣白全自动洗面奶打泡机感应泡沫机绵密泡沫礼品新品懒人洗脸神器,260421-513099712031657,已收货,1	,2026-04-21 10:16:55,	,无售后或售后取消,149.0	,169.0	
趣白全自动洗面奶打泡机感应泡沫机绵密泡沫礼品新品懒人洗脸神器,260421-602690035353185,已收货,1	,2026-04-21 10:05:32,	,无售后或售后取消,169.0	,169.0	
趣白全自动洗面奶打泡机感应泡沫机绵密泡沫礼品新品懒人洗脸神器,260421-663035614850983,已收货,1	,2026-04-21 09:47:27,	,无售后或售后取消,138.58	,169.0	
趣白全自动洗面奶打泡机感应泡沫机绵密泡沫礼品新品懒人洗脸神器,260421-654122729760608,已发货，退款成功,1	,2026-04-21 09:32:44,	,退款成功,149.0	,169.0	
趣白全自动洗面奶打泡机感应泡沫机绵密泡沫礼品新品懒人洗脸神器,260421-673731069553998,已收货,1	,2026-04-21 09:23:56,机器没有故障，顾客用的是氨基酸洗面奶,售后处理中,133.51	,169.0	
趣白全自动洗面奶打泡机感应泡沫机绵密泡沫礼品新品懒人洗脸神器,260421-059391424930333,已发货，退款成功,1	,2026-04-21 09:11:36,	,退款成功,152.1	,169.0	
趣白全自动洗面奶打泡机感应泡沫机绵密泡沫礼品新品懒人洗脸神器,260421-086266355243256,已收货,1	,2026-04-21 09:03:37,	,无售后或售后取消,149.0	,169.0	
趣白全自动洗面奶打泡机感应泡沫机绵密泡沫礼品新品懒人洗脸神器,260421-496825802380416,已收货,1	,2026-04-21 20:46:12,	,无售后或售后取消,133.51	,169.0	
趣白全自动洗面奶打泡机感应泡沫机绵密泡沫礼品新品懒人洗脸神器,260421-530013305153077,已收货，退款成功,1	,2026-04-21 08:46:56,	,退款成功,124.0	,169.0	
趣白全自动洗面奶打泡机感应泡沫机绵密泡沫礼品新品懒人洗脸神器,260421-327711527210032,已取消,1	,	,	,无售后或售后取消,145.34	,169.0	
趣白全自动洗面奶打泡机感应泡沫机绵密泡沫礼品新品懒人洗脸神器,260421-236527337901944,已收货,1	,2026-04-21 08:22:33,	,无售后或售后取消,131.82	,169.0	
趣白全自动洗面奶打泡机感应泡沫机绵密泡沫礼品新品懒人洗脸神器,260421-019482591521282,未发货，退款成功,1	,2026-04-21 08:18:42,	,退款成功,124.0	,169.0	
趣白全自动洗面奶打泡机感应泡沫机绵密泡沫礼品新品懒人洗脸神器,260421-396644851273228,已收货，退款成功,1	,2026-04-21 08:08:46,	,退款成功,139.0	,169.0	
趣白全自动洗面奶打泡机感应泡沫机绵密泡沫礼品新品懒人洗脸神器,260421-652728144160190,未发货，退款成功,1	,2026-04-21 08:02:00,	,退款成功,145.34	,169.0	
趣白全自动洗面奶打泡机感应泡沫机绵密泡沫礼品新品懒人洗脸神器,260421-167782653594089,未发货，退款成功,1	,2026-04-21 07:53:28,	,退款成功,169.0	,169.0	
趣白全自动洗面奶打泡机感应泡沫机绵密泡沫礼品新品懒人洗脸神器,260421-125304891761626,已发货，退款成功,1	,2026-04-21 06:24:32,	,退款成功,130.13	,169.0	
趣白全自动洗面奶打泡机感应泡沫机绵密泡沫礼品新品懒人洗脸神器,260421-510887248283443,已收货,1	,2026-04-21 06:16:29,	,无售后或售后取消,119.0	,169.0	
趣白全自动洗面奶打泡机感应泡沫机绵密泡沫礼品新品懒人洗脸神器,260421-267051353633389,已收货，退款成功,1	,2026-04-21 05:52:11,	,退款成功,160.55	,169.0	
趣白全自动洗面奶打泡机感应泡沫机绵密泡沫礼品新品懒人洗脸神器,260421-494865027452431,已取消,1	,	,	,无售后或售后取消,126.75	,169.0	
趣白全自动洗面奶打泡机感应泡沫机绵密泡沫礼品新品懒人洗脸神器,260421-635730727343831,已收货,1	,2026-04-21 07:12:41,	,无售后或售后取消,136.89	,169.0	
趣白全自动洗面奶打泡机感应泡沫机绵密泡沫礼品新品懒人洗脸神器,260421-569083236783838,已取消,1	,	,	,无售后或售后取消,135.2	,169.0	
趣白全自动洗面奶打泡机感应泡沫机绵密泡沫礼品新品懒人洗脸神器,260421-565769684622559,已收货,1	,2026-04-21 00:57:34,	,无售后或售后取消,135.2	,169.0	
趣白全自动洗面奶打泡机感应泡沫机绵密泡沫礼品新品懒人洗脸神器,260421-049178252903766,已收货,1	,2026-04-21 00:55:30,	,无售后或售后取消,129.0	,169.0	
趣白全自动洗面奶打泡机感应泡沫机绵密泡沫礼品新品懒人洗脸神器,260421-343314275911326,已发货，退款成功,1	,2026-04-21 00:20:15,	,退款成功,143.65	,169.0	
趣白全自动洗面奶打泡机感应泡沫机绵密泡沫礼品新品懒人洗脸神器,260421-369853744713308,已收货,1	,2026-04-21 00:18:29,	,无售后或售后取消,160.55	,169.0	
趣白全自动洗面奶打泡机感应泡沫机绵密泡沫礼品新品懒人洗脸神器,260420-534029289093236,已收货,1	,2026-04-20 22:58:57,	,无售后或售后取消,139.0	,169.0	
趣白全自动洗面奶打泡机感应泡沫机绵密泡沫礼品新品懒人洗脸神器,260420-598679262791804,未发货，退款成功,1	,2026-04-20 22:38:47,	,退款成功,155.7	,169.0	
趣白全自动洗面奶打泡机感应泡沫机绵密泡沫礼品新品懒人洗脸神器,260420-050384126310247,已收货,1	,2026-04-20 22:35:10,	,无售后或售后取消,128.44	,169.0	
趣白全自动洗面奶打泡机感应泡沫机绵密泡沫礼品新品懒人洗脸神器,260420-148342085133301,已收货,1	,2026-04-20 22:30:20,	,无售后或售后取消,130.13	,169.0	
趣白全自动洗面奶打泡机感应泡沫机绵密泡沫礼品新品懒人洗脸神器,260420-248229414544029,已取消,1	,	,	,无售后或售后取消,160.55	,169.0	
趣白全自动洗面奶打泡机感应泡沫机绵密泡沫礼品新品懒人洗脸神器,260420-432495664742558,已发货，退款成功,1	,2026-04-20 20:02:35,	,退款成功,169.0	,169.0	
趣白全自动洗面奶打泡机感应泡沫机绵密泡沫礼品新品懒人洗脸神器,260420-624217300571947,已收货,1	,2026-04-20 19:42:55,	,无售后或售后取消,118.3	,169.0	
趣白全自动洗面奶打泡机感应泡沫机绵密泡沫礼品新品懒人洗脸神器,260420-228568604221723,已收货，退款成功,1	,2026-04-20 19:39:20,	,退款成功,160.55	,169.0	
趣白全自动洗面奶打泡机感应泡沫机绵密泡沫礼品新品懒人洗脸神器,260420-556500293153151,已收货,1	,2026-04-20 19:38:49,	,无售后或售后取消,169.0	,169.0	
趣白全自动洗面奶打泡机感应泡沫机绵密泡沫礼品新品懒人洗脸神器,260420-278470388014024,已发货，退款成功,1	,2026-04-20 19:31:08,	,退款成功,119.0	,169.0	
趣白全自动洗面奶打泡机感应泡沫机绵密泡沫礼品新品懒人洗脸神器,260420-304265378234021,未发货，退款成功,1	,2026-04-20 19:13:37,	,退款成功,169.0	,169.0	
趣白全自动洗面奶打泡机感应泡沫机绵密泡沫礼品新品懒人洗脸神器,260420-658851817851983,已收货,1	,2026-04-20 18:11:05,	,无售后或售后取消,139.0	,169.0	
趣白全自动洗面奶打泡机感应泡沫机绵密泡沫礼品新品懒人洗脸神器,260420-320046405171058,未发货，退款成功,1	,2026-04-20 18:00:24,	,退款成功,141.96	,169.0	
趣白全自动洗面奶打泡机感应泡沫机绵密泡沫礼品新品懒人洗脸神器,260420-676562256273214,已收货,1	,2026-04-20 17:47:31,	,无售后或售后取消,123.37	,169.0	
趣白全自动洗面奶打泡机感应泡沫机绵密泡沫礼品新品懒人洗脸神器,260420-634598203020416,已取消,1	,	,	,无售后或售后取消,131.82	,169.0	
趣白全自动洗面奶打泡机感应泡沫机绵密泡沫礼品新品懒人洗脸神器,260420-206716311141792,已收货,1	,2026-04-20 17:16:00,	,无售后或售后取消,118.3	,169.0	
趣白全自动洗面奶打泡机感应泡沫机绵密泡沫礼品新品懒人洗脸神器,260420-025585303854024,已取消,1	,	,	,无售后或售后取消,119.0	,169.0	
趣白全自动洗面奶打泡机感应泡沫机绵密泡沫礼品新品懒人洗脸神器,260420-241151546991411,已收货,1	,2026-04-20 16:22:01,	,无售后或售后取消,160.55	,169.0	
趣白全自动洗面奶打泡机感应泡沫机绵密泡沫礼品新品懒人洗脸神器,260420-246667036232920,已发货，退款成功,1	,2026-04-20 15:27:10,	,退款成功,169.0	,169.0	
趣白全自动洗面奶打泡机感应泡沫机绵密泡沫礼品新品懒人洗脸神器,260420-229155858743217,已发货，退款成功,1	,2026-04-20 15:22:20,	,退款成功,149.0	,169.0	
趣白全自动洗面奶打泡机感应泡沫机绵密泡沫礼品新品懒人洗脸神器,260420-233664683610219,已取消,1	,	,	,无售后或售后取消,138.58	,169.0	
趣白全自动洗面奶打泡机感应泡沫机绵密泡沫礼品新品懒人洗脸神器,260420-591323502192438,已收货,1	,2026-04-20 15:05:37,	,无售后或售后取消,135.2	,169.0	
趣白全自动洗面奶打泡机感应泡沫机绵密泡沫礼品新品懒人洗脸神器,260420-382688335450219,已取消,1	,	,	,无售后或售后取消,135.2	,169.0	
趣白全自动洗面奶打泡机感应泡沫机绵密泡沫礼品新品懒人洗脸神器,260420-314048561463912,已收货,1	,2026-04-20 14:59:24,	,无售后或售后取消,145.34	,169.0	
趣白全自动洗面奶打泡机感应泡沫机绵密泡沫礼品新品懒人洗脸神器,260420-153857564250219,已取消,1	,	,	,无售后或售后取消,139.0	,169.0	
趣白全自动洗面奶打泡机感应泡沫机绵密泡沫礼品新品懒人洗脸神器,260420-656796619110872,已收货,1	,2026-04-20 14:51:02,	,无售后或售后取消,149.0	,169.0	
趣白全自动洗面奶打泡机感应泡沫机绵密泡沫礼品新品懒人洗脸神器,260420-004582347171200,已收货,1	,2026-04-20 14:44:30,	,无售后或售后取消,169.0	,169.0	
趣白全自动洗面奶打泡机感应泡沫机绵密泡沫礼品新品懒人洗脸神器,260420-539282686302214,已收货,1	,2026-04-20 14:43:42,	,无售后或售后取消,133.51	,169.0	
趣白全自动洗面奶打泡机感应泡沫机绵密泡沫礼品新品懒人洗脸神器,260420-643595047222969,已取消,1	,	,	,无售后或售后取消,169.0	,169.0	
趣白全自动洗面奶打泡机感应泡沫机绵密泡沫礼品新品懒人洗脸神器,260420-536126430842399,已收货,1	,2026-04-20 14:31:18,	,无售后或售后取消,158.47	,169.0	
趣白全自动洗面奶打泡机感应泡沫机绵密泡沫礼品新品懒人洗脸神器,260420-070978117210219,已取消,1	,	,	,无售后或售后取消,138.58	,169.0	
趣白全自动洗面奶打泡机感应泡沫机绵密泡沫礼品新品懒人洗脸神器,260420-576737841551901,已发货，退款成功,1	,2026-04-20 14:29:44,	,退款成功,135.2	,169.0	
趣白全自动洗面奶打泡机感应泡沫机绵密泡沫礼品新品懒人洗脸神器,260420-416976812320279,已收货,1	,2026-04-20 13:58:55,	,无售后或售后取消,128.44	,169.0	
趣白全自动洗面奶打泡机感应泡沫机绵密泡沫礼品新品懒人洗脸神器,260420-665845830053358,已发货，退款成功,1	,2026-04-20 13:58:56,	,退款成功,136.89	,169.0	
趣白全自动洗面奶打泡机感应泡沫机绵密泡沫礼品新品懒人洗脸神器,260420-484033216850344,未发货，退款成功,1	,2026-04-20 13:56:30,	,退款成功,149.0	,169.0	
趣白全自动洗面奶打泡机感应泡沫机绵密泡沫礼品新品懒人洗脸神器,260420-379395828091282,已收货,1	,2026-04-20 13:46:46,	,无售后或售后取消,169.0	,169.0	
趣白全自动洗面奶打泡机感应泡沫机绵密泡沫礼品新品懒人洗脸神器,260420-006931167651379,已收货,1	,2026-04-20 13:44:06,	,无售后或售后取消,169.0	,169.0	
趣白全自动洗面奶打泡机感应泡沫机绵密泡沫礼品新品懒人洗脸神器,260420-318651788930088,已收货,1	,2026-04-20 13:33:45,	,无售后或售后取消,133.51	,169.0	
趣白全自动洗面奶打泡机感应泡沫机绵密泡沫礼品新品懒人洗脸神器,260420-293192353283215,已收货,1	,2026-04-20 13:31:01,	,无售后或售后取消,147.03	,169.0	
趣白全自动洗面奶打泡机感应泡沫机绵密泡沫礼品新品懒人洗脸神器,260420-584874781064016,已发货，退款成功,1	,2026-04-20 13:24:04,	,退款成功,169.0	,169.0	
趣白全自动洗面奶打泡机感应泡沫机绵密泡沫礼品新品懒人洗脸神器,260420-295824341361738,已发货，退款成功,1	,2026-04-20 13:22:19,	,退款成功,139.0	,169.0	
趣白全自动洗面奶打泡机感应泡沫机绵密泡沫礼品新品懒人洗脸神器,260420-288998091083309,未发货，退款成功,1	,2026-04-20 13:11:54,	,退款成功,130.13	,169.0	
趣白全自动洗面奶打泡机感应泡沫机绵密泡沫礼品新品懒人洗脸神器,260420-583322867291077,已收货,1	,2026-04-20 13:04:22,	,无售后或售后取消,166.0	,169.0	
趣白全自动洗面奶打泡机感应泡沫机绵密泡沫礼品新品懒人洗脸神器,260420-320340006403488,已收货,1	,2026-04-20 12:26:32,	,无售后或售后取消,169.0	,169.0	
趣白全自动洗面奶打泡机感应泡沫机绵密泡沫礼品新品懒人洗脸神器,260420-106545845901515,已收货,1	,2026-04-20 11:55:48,	,无售后或售后取消,123.37	,169.0	
趣白全自动洗面奶打泡机感应泡沫机绵密泡沫礼品新品懒人洗脸神器,260420-063963206012114,已收货,1	,2026-04-20 11:31:17,	,无售后或售后取消,128.44	,169.0	
趣白全自动洗面奶打泡机感应泡沫机绵密泡沫礼品新品懒人洗脸神器,260420-040768663072708,已发货，退款成功,1	,2026-04-20 11:16:08,	,退款成功,169.0	,169.0	
趣白全自动洗面奶打泡机感应泡沫机绵密泡沫礼品新品懒人洗脸神器,260420-297921451550967,已收货,1	,2026-04-20 10:29:09,	,无售后或售后取消,169.0	,169.0	
趣白全自动洗面奶打泡机感应泡沫机绵密泡沫礼品新品懒人洗脸神器,260420-342821486903995,已收货,1	,2026-04-20 10:15:00,	,无售后或售后取消,141.96	,169.0	
趣白全自动洗面奶打泡机感应泡沫机绵密泡沫礼品新品懒人洗脸神器,260420-459412610620818,已收货,1	,2026-04-20 09:29:01,	,无售后或售后取消,169.0	,169.0	
趣白全自动洗面奶打泡机感应泡沫机绵密泡沫礼品新品懒人洗脸神器,260420-564993790330940,已收货，退款成功,1	,2026-04-20 09:13:38,	,退款成功,138.16	,169.0	
趣白全自动洗面奶打泡机感应泡沫机绵密泡沫礼品新品懒人洗脸神器,260420-058594455110351,已收货,1	,2026-04-20 09:12:59,	,无售后或售后取消,136.89	,169.0	
趣白全自动洗面奶打泡机感应泡沫机绵密泡沫礼品新品懒人洗脸神器,260420-156248390011792,已发货，退款成功,1	,2026-04-20 08:56:13,	,退款成功,133.51	,169.0	
趣白全自动洗面奶打泡机感应泡沫机绵密泡沫礼品新品懒人洗脸神器,260420-394390454591060,已发货，退款成功,1	,2026-04-20 08:58:55,	,退款成功,131.82	,169.0	
趣白全自动洗面奶打泡机感应泡沫机绵密泡沫礼品新品懒人洗脸神器,260420-467465736532896,已收货,1	,2026-04-20 08:08:11,	,无售后或售后取消,166.0	,169.0	
趣白全自动洗面奶打泡机感应泡沫机绵密泡沫礼品新品懒人洗脸神器,260420-408661563010046,已收货,1	,2026-04-20 08:04:18,	,无售后或售后取消,152.1	,169.0	
趣白全自动洗面奶打泡机感应泡沫机绵密泡沫礼品新品懒人洗脸神器,260420-515196926303429,已发货，退款成功,1	,2026-04-20 07:36:04,	,退款成功,147.03	,169.0	
趣白全自动洗面奶打泡机感应泡沫机绵密泡沫礼品新品懒人洗脸神器,260420-635028139592070,已收货,1	,2026-04-20 07:34:59,	,无售后或售后取消,128.44	,169.0	
趣白全自动洗面奶打泡机感应泡沫机绵密泡沫礼品新品懒人洗脸神器,260420-097140108881092,已收货,1	,2026-04-20 07:24:21,	,无售后或售后取消,128.44	,169.0	
趣白全自动洗面奶打泡机感应泡沫机绵密泡沫礼品新品懒人洗脸神器,260420-027955085723645,已收货，退款成功,1	,2026-04-20 07:10:21,	,退款成功,141.96	,169.0	
趣白全自动洗面奶打泡机感应泡沫机绵密泡沫礼品新品懒人洗脸神器,260420-402988766730016,已收货,1	,2026-04-20 07:05:43,	,无售后或售后取消,166.0	,169.0	
趣白全自动洗面奶打泡机感应泡沫机绵密泡沫礼品新品懒人洗脸神器,260420-193074379193734,已发货，退款成功,1	,2026-04-20 06:05:54,	,退款成功,169.0	,169.0	
趣白全自动洗面奶打泡机感应泡沫机绵密泡沫礼品新品懒人洗脸神器,260420-657541045782709,已收货,1	,2026-04-20 06:05:30,	,无售后或售后取消,145.34	,169.0	
趣白全自动洗面奶打泡机感应泡沫机绵密泡沫礼品新品懒人洗脸神器,260420-143130652264038,未发货，退款成功,1	,2026-04-20 05:58:42,	,退款成功,164.0	,169.0	
趣白全自动洗面奶打泡机感应泡沫机绵密泡沫礼品新品懒人洗脸神器,260420-021978181272301,已收货,1	,2026-04-20 05:53:50,	,无售后或售后取消,169.0	,169.0	
趣白全自动洗面奶打泡机感应泡沫机绵密泡沫礼品新品懒人洗脸神器,260420-127129361960106,已收货,1	,2026-04-20 05:52:34,	,无售后或售后取消,169.0	,169.0	
趣白全自动洗面奶打泡机感应泡沫机绵密泡沫礼品新品懒人洗脸神器,260420-397840258620053,已发货，退款成功,1	,2026-04-20 04:52:20,	,退款成功,169.0	,169.0	
趣白全自动洗面奶打泡机感应泡沫机绵密泡沫礼品新品懒人洗脸神器,260420-676845381963036,未发货，退款成功,1	,2026-04-20 04:19:09,	,退款成功,148.72	,169.0	
趣白全自动洗面奶打泡机感应泡沫机绵密泡沫礼品新品懒人洗脸神器,260420-236779026872029,已收货，退款成功,1	,2026-04-20 01:24:27,	,退款成功,169.0	,169.0	
趣白全自动洗面奶打泡机感应泡沫机绵密泡沫礼品新品懒人洗脸神器,260420-396005219900040,已收货,1	,2026-04-20 01:03:22,	,无售后或售后取消,131.82	,169.0	
趣白全自动洗面奶打泡机感应泡沫机绵密泡沫礼品新品懒人洗脸神器,260420-621700790611854,已收货,1	,2026-04-20 00:51:24,	,无售后或售后取消,143.65	,169.0	
趣白全自动洗面奶打泡机感应泡沫机绵密泡沫礼品新品懒人洗脸神器,260420-061100531201054,未发货，退款成功,1	,2026-04-20 00:49:09,	,退款成功,126.75	,169.0	
趣白全自动洗面奶打泡机感应泡沫机绵密泡沫礼品新品懒人洗脸神器,260420-346973806230037,已收货,1	,2026-04-20 00:31:35,	,无售后或售后取消,119.0	,169.0	
趣白全自动洗面奶打泡机感应泡沫机绵密泡沫礼品新品懒人洗脸神器,260419-595517837611755,已取消,1	,	,	,无售后或售后取消,169.0	,169.0	
趣白全自动洗面奶打泡机感应泡沫机绵密泡沫礼品新品懒人洗脸神器,260419-668121250103188,已发货，退款成功,1	,2026-04-19 23:38:48,	,退款成功,135.2	,169.0	
趣白全自动洗面奶打泡机感应泡沫机绵密泡沫礼品新品懒人洗脸神器,260419-108066270822359,已收货,1	,2026-04-19 22:59:03,	,无售后或售后取消,169.0	,169.0	
趣白全自动洗面奶打泡机感应泡沫机绵密泡沫礼品新品懒人洗脸神器,260419-318557458872127,已收货,1	,2026-04-19 21:51:03,	,无售后或售后取消,169.0	,169.0	
趣白全自动洗面奶打泡机感应泡沫机绵密泡沫礼品新品懒人洗脸神器,260419-356945805600868,已收货，退款成功,1	,2026-04-19 22:23:45,(收)[1877214163146]*[1]#,退款成功,139.0	,169.0	
趣白全自动洗面奶打泡机感应泡沫机绵密泡沫礼品新品懒人洗脸神器,260419-089810583991157,已收货,1	,2026-04-19 21:35:29,	,无售后或售后取消,149.0	,169.0	
趣白全自动洗面奶打泡机感应泡沫机绵密泡沫礼品新品懒人洗脸神器,260419-465777497733844,已收货,1	,2026-04-19 19:53:46,	,无售后或售后取消,160.55	,169.0	
趣白全自动洗面奶打泡机感应泡沫机绵密泡沫礼品新品懒人洗脸神器,260419-149149530513583,已收货，退款成功,1	,2026-04-19 18:41:00,	,退款成功,169.0	,169.0	
趣白全自动洗面奶打泡机感应泡沫机绵密泡沫礼品新品懒人洗脸神器,260419-233832528291157,未发货，退款成功,1	,2026-04-19 18:30:31,	,退款成功,155.81	,169.0	
趣白全自动洗面奶打泡机感应泡沫机绵密泡沫礼品新品懒人洗脸神器,260419-603654777162187,已收货,1	,2026-04-19 18:11:51,	,无售后或售后取消,135.2	,169.0	
趣白全自动洗面奶打泡机感应泡沫机绵密泡沫礼品新品懒人洗脸神器,260419-606852933981943,已取消,1	,	,	,无售后或售后取消,135.2	,169.0	
趣白全自动洗面奶打泡机感应泡沫机绵密泡沫礼品新品懒人洗脸神器,260419-389996879442842,未发货，退款成功,1	,2026-04-19 17:19:37,	,退款成功,143.65	,169.0	
趣白全自动洗面奶打泡机感应泡沫机绵密泡沫礼品新品懒人洗脸神器,260419-401782946181355,已发货，退款成功,1	,2026-04-19 16:30:03,	,退款成功,169.0	,169.0	
趣白全自动洗面奶打泡机感应泡沫机绵密泡沫礼品新品懒人洗脸神器,260419-101439280703326,已收货,1	,2026-04-19 16:17:52,	,无售后或售后取消,152.1	,169.0	
趣白全自动洗面奶打泡机感应泡沫机绵密泡沫礼品新品懒人洗脸神器,260419-601400338740072,已收货,1	,2026-04-19 16:16:19,	,无售后或售后取消,169.0	,169.0	
趣白全自动洗面奶打泡机感应泡沫机绵密泡沫礼品新品懒人洗脸神器,260419-667649360300591,已取消,1	,	,	,无售后或售后取消,134.0	,169.0	
趣白全自动洗面奶打泡机感应泡沫机绵密泡沫礼品新品懒人洗脸神器,260419-194657676881855,已收货,1	,2026-04-19 15:30:46,	,无售后或售后取消,133.51	,169.0	
趣白全自动洗面奶打泡机感应泡沫机绵密泡沫礼品新品懒人洗脸神器,260419-669389985343970,已发货，退款成功,1	,2026-04-19 15:14:55,	,退款成功,160.55	,169.0	
趣白全自动洗面奶打泡机感应泡沫机绵密泡沫礼品新品懒人洗脸神器,260419-644874258050706,已发货，退款成功,1	,2026-04-19 15:14:29,	,退款成功,169.0	,169.0	
趣白全自动洗面奶打泡机感应泡沫机绵密泡沫礼品新品懒人洗脸神器,260419-322395205180557,已收货,1	,2026-04-19 15:13:46,	,无售后或售后取消,143.65	,169.0	
趣白全自动洗面奶打泡机感应泡沫机绵密泡沫礼品新品懒人洗脸神器,260419-048087775522484,已收货,1	,2026-04-19 15:10:53,	,无售后或售后取消,169.0	,169.0	
趣白全自动洗面奶打泡机感应泡沫机绵密泡沫礼品新品懒人洗脸神器,260419-096930435491655,已收货，退款成功,1	,2026-04-19 15:06:20,	,退款成功,136.89	,169.0	
趣白全自动洗面奶打泡机感应泡沫机绵密泡沫礼品新品懒人洗脸神器,260419-433911262863514,已发货，退款成功,2	,2026-04-19 15:00:21,2套洗面奶机,退款成功,334.62	,334.62	
趣白全自动洗面奶打泡机感应泡沫机绵密泡沫礼品新品懒人洗脸神器,260419-425774313104013,已收货,1	,2026-04-19 14:18:52,	,无售后或售后取消,139.0	,169.0	
趣白全自动洗面奶打泡机感应泡沫机绵密泡沫礼品新品懒人洗脸神器,260419-517472273922167,已收货,1	,2026-04-19 14:17:14,	,无售后或售后取消,169.0	,169.0	
趣白全自动洗面奶打泡机感应泡沫机绵密泡沫礼品新品懒人洗脸神器,260419-234975424133603,已收货,1	,2026-04-19 14:16:42,	,无售后或售后取消,169.0	,169.0	
趣白全自动洗面奶打泡机感应泡沫机绵密泡沫礼品新品懒人洗脸神器,260419-409919854141859,已收货，退款成功,1	,2026-04-19 13:46:46,	,退款成功,152.1	,169.0	
趣白全自动洗面奶打泡机感应泡沫机绵密泡沫礼品新品懒人洗脸神器,260419-609033920000697,未发货，退款成功,1	,2026-04-19 11:57:42,	,退款成功,135.2	,169.0	
趣白全自动洗面奶打泡机感应泡沫机绵密泡沫礼品新品懒人洗脸神器,260419-419126351412739,已收货,1	,2026-04-19 11:51:30,	,无售后或售后取消,164.0	,169.0	
趣白全自动洗面奶打泡机感应泡沫机绵密泡沫礼品新品懒人洗脸神器,260419-445906982522905,已发货，退款成功,1	,2026-04-19 11:37:26,	,退款成功,169.0	,169.0	
趣白全自动洗面奶打泡机感应泡沫机绵密泡沫礼品新品懒人洗脸神器,260419-056843354423758,已收货,1	,2026-04-19 11:25:40,	,无售后或售后取消,136.89	,169.0	
趣白全自动洗面奶打泡机感应泡沫机绵密泡沫礼品新品懒人洗脸神器,260419-680085481883399,已发货，退款成功,1	,2026-04-19 11:15:25,	,退款成功,152.1	,169.0	
趣白全自动洗面奶打泡机感应泡沫机绵密泡沫礼品新品懒人洗脸神器,260419-588093909362094,已收货,1	,2026-04-19 11:10:49,	,无售后或售后取消,149.0	,169.0	
趣白全自动洗面奶打泡机感应泡沫机绵密泡沫礼品新品懒人洗脸神器,260419-444271235382016,已收货,1	,2026-04-19 10:50:57,	,无售后或售后取消,152.1	,169.0	
趣白全自动洗面奶打泡机感应泡沫机绵密泡沫礼品新品懒人洗脸神器,260419-173403041342898,已发货，退款成功,1	,2026-04-19 10:47:22,	,退款成功,125.06	,169.0	
趣白全自动洗面奶打泡机感应泡沫机绵密泡沫礼品新品懒人洗脸神器,260419-326327406922550,已收货,1	,2026-04-19 10:44:42,	,无售后或售后取消,129.0	,169.0	
趣白全自动洗面奶打泡机感应泡沫机绵密泡沫礼品新品懒人洗脸神器,260419-222853865041978,已收货,1	,2026-04-19 10:23:04,	,无售后或售后取消,160.55	,169.0	
趣白全自动洗面奶打泡机感应泡沫机绵密泡沫礼品新品懒人洗脸神器,260419-627677621760792,已收货,2	,2026-04-19 10:13:09,	,无售后或售后取消,267.7	,334.62	
趣白全自动洗面奶打泡机感应泡沫机绵密泡沫礼品新品懒人洗脸神器,260419-021558792590009,已收货,1	,2026-04-19 08:58:47,	,无售后或售后取消,143.65	,169.0	
趣白全自动洗面奶打泡机感应泡沫机绵密泡沫礼品新品懒人洗脸神器,260419-053603223073410,未发货，退款成功,1	,2026-04-19 08:53:52,	,退款成功,169.0	,169.0	
趣白全自动洗面奶打泡机感应泡沫机绵密泡沫礼品新品懒人洗脸神器,260419-035756469910554,已收货,1	,2026-04-19 08:37:55,	,无售后或售后取消,152.1	,169.0	
趣白全自动洗面奶打泡机感应泡沫机绵密泡沫礼品新品懒人洗脸神器,260419-188240391701346,已收货，退款成功,1	,2026-04-19 08:13:51,	,退款成功,126.75	,169.0	
趣白全自动洗面奶打泡机感应泡沫机绵密泡沫礼品新品懒人洗脸神器,260419-371552479663164,已收货,1	,2026-04-19 08:11:26,	,无售后或售后取消,169.0	,169.0	
趣白全自动洗面奶打泡机感应泡沫机绵密泡沫礼品新品懒人洗脸神器,260419-081306632560561,已收货,1	,2026-04-19 07:49:04,	,无售后或售后取消,124.0	,169.0	
趣白全自动洗面奶打泡机感应泡沫机绵密泡沫礼品新品懒人洗脸神器,260419-685642944922892,已收货,1	,2026-04-19 07:23:48,	,无售后或售后取消,161.0	,169.0	
趣白全自动洗面奶打泡机感应泡沫机绵密泡沫礼品新品懒人洗脸神器,260419-334212698493382,已取消,1	,	,	,无售后或售后取消,169.0	,169.0	
趣白全自动洗面奶打泡机感应泡沫机绵密泡沫礼品新品懒人洗脸神器,260419-509607974490288,已发货，退款成功,1	,2026-04-19 06:48:54,	,退款成功,130.13	,169.0	
趣白全自动洗面奶打泡机感应泡沫机绵密泡沫礼品新品懒人洗脸神器,260419-591669501571875,未发货，退款成功,1	,2026-04-19 06:40:12,	,退款成功,143.65	,169.0	
趣白全自动洗面奶打泡机感应泡沫机绵密泡沫礼品新品懒人洗脸神器,260419-382373731902370,已收货，退款成功,1	,2026-04-19 06:28:01,	,退款成功,128.44	,169.0	
趣白全自动洗面奶打泡机感应泡沫机绵密泡沫礼品新品懒人洗脸神器,260419-522757107231185,已收货，退款成功,2	,2026-04-19 06:20:29,2套洗面奶机,退款成功,334.62	,334.62	
趣白全自动洗面奶打泡机感应泡沫机绵密泡沫礼品新品懒人洗脸神器,260419-493805903432151,已收货,1	,2026-04-19 02:04:03,	,无售后或售后取消,136.89	,169.0	
趣白全自动洗面奶打泡机感应泡沫机绵密泡沫礼品新品懒人洗脸神器,260419-612032857682618,已收货,1	,2026-04-19 01:43:13,	,无售后或售后取消,131.82	,169.0	
趣白全自动洗面奶打泡机感应泡沫机绵密泡沫礼品新品懒人洗脸神器,260419-264262203731985,已收货,1	,2026-04-19 00:36:38,	,无售后或售后取消,126.75	,169.0	
趣白全自动洗面奶打泡机感应泡沫机绵密泡沫礼品新品懒人洗脸神器,260418-516801205902249,已发货，退款成功,1	,2026-04-18 23:39:15,	,退款成功,160.71	,169.0	
趣白全自动洗面奶打泡机感应泡沫机绵密泡沫礼品新品懒人洗脸神器,260418-036867950123907,已收货,1	,2026-04-18 22:30:35,	,无售后或售后取消,169.0	,169.0	
趣白全自动洗面奶打泡机感应泡沫机绵密泡沫礼品新品懒人洗脸神器,260418-056046415410864,已取消,1	,	,	,无售后或售后取消,118.3	,169.0	
趣白全自动洗面奶打泡机感应泡沫机绵密泡沫礼品新品懒人洗脸神器,260418-369476257383149,已收货,1	,2026-04-18 21:00:14,	,无售后或售后取消,169.0	,169.0	
趣白全自动洗面奶打泡机感应泡沫机绵密泡沫礼品新品懒人洗脸神器,260418-128146553160826,已收货，退款成功,1	,2026-04-18 20:20:35,	,退款成功,169.0	,169.0	
趣白全自动洗面奶打泡机感应泡沫机绵密泡沫礼品新品懒人洗脸神器,260418-188429187423005,已发货，退款成功,1	,2026-04-18 18:30:49,	,退款成功,169.0	,169.0	
趣白全自动洗面奶打泡机感应泡沫机绵密泡沫礼品新品懒人洗脸神器,260418-379815237130898,已收货，退款成功,1	,2026-04-18 17:43:02,	,退款成功,123.37	,169.0	
趣白全自动洗面奶打泡机感应泡沫机绵密泡沫礼品新品懒人洗脸神器,260418-478339407440746,已收货,1	,2026-04-18 17:38:16,	,无售后或售后取消,145.34	,169.0	
趣白全自动洗面奶打泡机感应泡沫机绵密泡沫礼品新品懒人洗脸神器,260418-644349969992255,已收货,1	,2026-04-18 17:15:10,	,无售后或售后取消,126.75	,169.0	
趣白全自动洗面奶打泡机感应泡沫机绵密泡沫礼品新品懒人洗脸神器,260418-200236122462518,已收货,1	,2026-04-18 17:10:59,	,无售后或售后取消,152.1	,169.0	
趣白全自动洗面奶打泡机感应泡沫机绵密泡沫礼品新品懒人洗脸神器,260418-197467902353081,已收货,1	,2026-04-18 16:35:41,	,无售后或售后取消,126.75	,169.0	
趣白全自动洗面奶打泡机感应泡沫机绵密泡沫礼品新品懒人洗脸神器,260418-660204459561515,已收货,1	,2026-04-18 16:03:54,	,无售后或售后取消,138.58	,169.0	
趣白全自动洗面奶打泡机感应泡沫机绵密泡沫礼品新品懒人洗脸神器,260418-361045696111641,已收货，退款成功,1	,2026-04-18 14:43:57,	,退款成功,161.0	,169.0	
趣白全自动洗面奶打泡机感应泡沫机绵密泡沫礼品新品懒人洗脸神器,260418-218586222962014,已收货,1	,2026-04-18 14:30:32,	,无售后或售后取消,160.55	,169.0	
趣白全自动洗面奶打泡机感应泡沫机绵密泡沫礼品新品懒人洗脸神器,260418-564091952760583,已收货,1	,2026-04-18 12:56:02,	,无售后或售后取消,118.3	,169.0	
趣白全自动洗面奶打泡机感应泡沫机绵密泡沫礼品新品懒人洗脸神器,260418-121100112283703,已发货，退款成功,1	,2026-04-18 12:38:00,	,退款成功,145.0	,169.0	
趣白全自动洗面奶打泡机感应泡沫机绵密泡沫礼品新品懒人洗脸神器,260418-667838114150946,已收货,1	,2026-04-18 12:09:08,	,无售后或售后取消,131.82	,169.0	
趣白全自动洗面奶打泡机感应泡沫机绵密泡沫礼品新品懒人洗脸神器,260418-675597586733450,已发货，退款成功,1	,2026-04-18 10:43:03,	,退款成功,169.0	,169.0	
趣白全自动洗面奶打泡机感应泡沫机绵密泡沫礼品新品懒人洗脸神器,260418-046745577853647,已收货,1	,2026-04-18 10:13:53,	,无售后或售后取消,126.75	,169.0	
趣白全自动洗面奶打泡机感应泡沫机绵密泡沫礼品新品懒人洗脸神器,260418-544378723862600,已收货,1	,2026-04-18 09:31:17,	,无售后或售后取消,152.1	,169.0	
趣白全自动洗面奶打泡机感应泡沫机绵密泡沫礼品新品懒人洗脸神器,260418-628306788690977,已收货，退款成功,1	,2026-04-18 09:28:35,	,退款成功,131.82	,169.0	
趣白全自动洗面奶打泡机感应泡沫机绵密泡沫礼品新品懒人洗脸神器,260418-526353744300220,已发货，退款成功,1	,2026-04-18 02:09:04,	,退款成功,135.2	,169.0	
趣白全自动洗面奶打泡机感应泡沫机绵密泡沫礼品新品懒人洗脸神器,260418-620882828920809,已收货,1	,2026-04-18 01:45:46,	,无售后或售后取消,169.0	,169.0	
趣白全自动洗面奶打泡机感应泡沫机绵密泡沫礼品新品懒人洗脸神器,260418-062086244693553,已收货，退款成功,1	,2026-04-18 01:06:08,	,退款成功,143.65	,169.0	
趣白全自动洗面奶打泡机感应泡沫机绵密泡沫礼品新品懒人洗脸神器,260418-171798761890225,已发货，退款成功,1	,2026-04-18 00:02:02,	,退款成功,169.0	,169.0	
趣白全自动洗面奶打泡机感应泡沫机绵密泡沫礼品新品懒人洗脸神器,260417-109502871991444,已收货,1	,2026-04-17 23:42:42,	,无售后或售后取消,136.89	,169.0	
趣白全自动洗面奶打泡机感应泡沫机绵密泡沫礼品新品懒人洗脸神器,260417-667953447213004,未发货，退款成功,1	,2026-04-17 23:34:43,	,退款成功,169.0	,169.0	
趣白全自动洗面奶打泡机感应泡沫机绵密泡沫礼品新品懒人洗脸神器,260417-392146522481514,已取消,1	,	,	,无售后或售后取消,118.3	,169.0	
趣白全自动洗面奶打泡机感应泡沫机绵密泡沫礼品新品懒人洗脸神器,260417-461436362333960,已收货,1	,2026-04-17 22:32:32,	,无售后或售后取消,152.1	,169.0	
趣白全自动洗面奶打泡机感应泡沫机绵密泡沫礼品新品懒人洗脸神器,260417-539660173622390,已收货,1	,2026-04-17 20:53:48,	,无售后或售后取消,169.0	,169.0	
趣白全自动洗面奶打泡机感应泡沫机绵密泡沫礼品新品懒人洗脸神器,260417-310074426882265,已取消,1	,	,	,无售后或售后取消,135.2	,169.0	
趣白全自动洗面奶打泡机感应泡沫机绵密泡沫礼品新品懒人洗脸神器,260417-095105850971242,已收货,1	,2026-04-17 19:30:31,	,无售后或售后取消,169.0	,169.0	
趣白全自动洗面奶打泡机感应泡沫机绵密泡沫礼品新品懒人洗脸神器,260417-649886461462858,已收货,1	,2026-04-17 17:59:48,	,无售后或售后取消,139.0	,169.0	
趣白全自动洗面奶打泡机感应泡沫机绵密泡沫礼品新品懒人洗脸神器,260417-021244209491985,未发货，退款成功,1	,2026-04-17 15:54:06,	,退款成功,151.82	,169.0	
趣白全自动洗面奶打泡机感应泡沫机绵密泡沫礼品新品懒人洗脸神器,260417-025312694691594,已收货，退款成功,1	,2026-04-17 15:33:19,	,退款成功,169.0	,169.0	
趣白全自动洗面奶打泡机感应泡沫机绵密泡沫礼品新品懒人洗脸神器,260417-636129196473930,已收货,1	,2026-04-17 15:12:55,	,无售后或售后取消,139.0	,169.0	
趣白全自动洗面奶打泡机感应泡沫机绵密泡沫礼品新品懒人洗脸神器,260417-448496965182071,已收货,1	,2026-04-17 15:08:47,	,无售后或售后取消,135.2	,169.0	
趣白全自动洗面奶打泡机感应泡沫机绵密泡沫礼品新品懒人洗脸神器,260417-499415857520907,已收货,1	,2026-04-17 14:29:05,	,无售后或售后取消,136.89	,169.0	
趣白全自动洗面奶打泡机感应泡沫机绵密泡沫礼品新品懒人洗脸神器,260417-604923502230557,已取消,1	,	,	,无售后或售后取消,135.2	,169.0	
趣白全自动洗面奶打泡机感应泡沫机绵密泡沫礼品新品懒人洗脸神器,260417-576989499800806,已收货，退款成功,1	,2026-04-17 13:39:12,	,退款成功,160.1	,169.0	
趣白全自动洗面奶打泡机感应泡沫机绵密泡沫礼品新品懒人洗脸神器,260417-625223953962810,已收货,1	,2026-04-17 12:08:10,	,无售后或售后取消,169.0	,169.0	
趣白全自动洗面奶打泡机感应泡沫机绵密泡沫礼品新品懒人洗脸神器,260417-221889216910042,已收货,1	,2026-04-17 11:51:49,	,无售后或售后取消,152.1	,169.0	
趣白全自动洗面奶打泡机感应泡沫机绵密泡沫礼品新品懒人洗脸神器,260417-532089455023659,已收货，退款成功,1	,2026-04-17 11:31:10,	,退款成功,152.1	,169.0	
趣白全自动洗面奶打泡机感应泡沫机绵密泡沫礼品新品懒人洗脸神器,260417-307673177660526,已收货,1	,2026-04-17 11:30:35,	,无售后或售后取消,147.03	,169.0	
趣白全自动洗面奶打泡机感应泡沫机绵密泡沫礼品新品懒人洗脸神器,260417-115647517103659,已取消,1	,	,	,无售后或售后取消,152.1	,169.0	
趣白全自动洗面奶打泡机感应泡沫机绵密泡沫礼品新品懒人洗脸神器,260417-127108400732386,已收货,1	,2026-04-17 11:14:26,	,无售后或售后取消,169.0	,169.0	
趣白全自动洗面奶打泡机感应泡沫机绵密泡沫礼品新品懒人洗脸神器,260417-316292514180759,已发货，退款成功,2	,2026-04-17 10:12:59,2套洗面奶机,退款成功,314.62	,334.62	
趣白全自动洗面奶打泡机感应泡沫机绵密泡沫礼品新品懒人洗脸神器,260417-221186649721769,已发货，退款成功,1	,2026-04-17 09:01:21,	,退款成功,152.1	,169.0	
趣白全自动洗面奶打泡机感应泡沫机绵密泡沫礼品新品懒人洗脸神器,260417-011471501701460,已收货,1	,2026-04-17 08:13:49,	,无售后或售后取消,169.0	,169.0	
趣白全自动洗面奶打泡机感应泡沫机绵密泡沫礼品新品懒人洗脸神器,260417-625842603540780,未发货，退款成功,1	,2026-04-17 06:48:18,	,退款成功,169.0	,169.0	
趣白全自动洗面奶打泡机感应泡沫机绵密泡沫礼品新品懒人洗脸神器,260416-505969437101075,已发货，退款成功,1	,2026-04-16 21:40:34,	,退款成功,118.3	,169.0	
趣白全自动洗面奶打泡机感应泡沫机绵密泡沫礼品新品懒人洗脸神器,260416-274286538262572,已收货，退款成功,1	,2026-04-16 21:06:46,	,退款成功,130.13	,169.0	
趣白全自动洗面奶打泡机感应泡沫机绵密泡沫礼品新品懒人洗脸神器,260416-586196007353600,未发货，退款成功,1	,2026-04-16 20:14:52,	,退款成功,126.75	,169.0	
趣白全自动洗面奶打泡机感应泡沫机绵密泡沫礼品新品懒人洗脸神器,260416-378955404850885,已收货,1	,2026-04-16 18:23:59,	,无售后或售后取消,160.55	,169.0	
趣白全自动洗面奶打泡机感应泡沫机绵密泡沫礼品新品懒人洗脸神器,260416-641497905593862,已收货,1	,2026-04-16 16:15:06,	,无售后或售后取消,148.72	,169.0	
趣白全自动洗面奶打泡机感应泡沫机绵密泡沫礼品新品懒人洗脸神器,260416-269200924291811,已收货,1	,2026-04-16 15:57:02,	,无售后或售后取消,156.41	,169.0	
趣白全自动洗面奶打泡机感应泡沫机绵密泡沫礼品新品懒人洗脸神器,260416-656691730060978,已收货,1	,2026-04-16 15:28:50,	,无售后或售后取消,126.75	,169.0	
趣白全自动洗面奶打泡机感应泡沫机绵密泡沫礼品新品懒人洗脸神器,260416-620452922922592,已收货,1	,2026-04-16 15:18:24,	,无售后或售后取消,118.3	,169.0	
趣白全自动洗面奶打泡机感应泡沫机绵密泡沫礼品新品懒人洗脸神器,260416-622287993150487,已发货，退款成功,1	,2026-04-16 15:03:16,	,退款成功,169.0	,169.0	
趣白全自动洗面奶打泡机感应泡沫机绵密泡沫礼品新品懒人洗脸神器,260416-542617188713743,已收货,1	,2026-04-16 13:21:23,	,无售后或售后取消,126.75	,169.0	
趣白全自动洗面奶打泡机感应泡沫机绵密泡沫礼品新品懒人洗脸神器,260416-281888766312494,已发货，退款成功,1	,2026-04-16 12:51:33,	,退款成功,130.13	,169.0	
趣白全自动洗面奶打泡机感应泡沫机绵密泡沫礼品新品懒人洗脸神器,260416-404047818260348,已发货，退款成功,1	,2026-04-16 12:46:59,	,退款成功,152.1	,169.0	
趣白全自动洗面奶打泡机感应泡沫机绵密泡沫礼品新品懒人洗脸神器,260416-288746380820348,已取消,1	,	,	,无售后或售后取消,152.1	,169.0	
趣白全自动洗面奶打泡机感应泡沫机绵密泡沫礼品新品懒人洗脸神器,260416-122651973120338,已发货，退款成功,1	,2026-04-16 11:57:17,	,退款成功,135.2	,169.0	
趣白全自动洗面奶打泡机感应泡沫机绵密泡沫礼品新品懒人洗脸神器,260416-464561139253060,已收货,1	,2026-04-16 10:47:18,	,无售后或售后取消,169.0	,169.0	
趣白全自动洗面奶打泡机感应泡沫机绵密泡沫礼品新品懒人洗脸神器,260416-105717502303914,已收货,1	,2026-04-16 09:48:12,	,无售后或售后取消,118.3	,169.0	
趣白全自动洗面奶打泡机感应泡沫机绵密泡沫礼品新品懒人洗脸神器,260416-266778755360263,已发货，退款成功,1	,2026-04-16 08:49:29,	,退款成功,126.75	,169.0	
趣白全自动洗面奶打泡机感应泡沫机绵密泡沫礼品新品懒人洗脸神器,260416-449587453592830,已收货,1	,2026-04-16 08:23:39,	,无售后或售后取消,143.65	,169.0	
趣白全自动洗面奶打泡机感应泡沫机绵密泡沫礼品新品懒人洗脸神器,260416-630697520751663,已发货，退款成功,1	,2026-04-16 08:23:04,	,退款成功,160.55	,169.0	
趣白全自动洗面奶打泡机感应泡沫机绵密泡沫礼品新品懒人洗脸神器,260416-429580643863308,已收货,1	,2026-04-16 07:41:26,	,无售后或售后取消,126.75	,169.0	
趣白全自动洗面奶打泡机感应泡沫机绵密泡沫礼品新品懒人洗脸神器,260416-026895992322757,已收货,1	,2026-04-16 02:06:56,	,无售后或售后取消,126.75	,169.0	
趣白全自动洗面奶打泡机感应泡沫机绵密泡沫礼品新品懒人洗脸神器,260415-290623394223287,已收货,1	,2026-04-15 23:05:28,	,无售后或售后取消,126.75	,169.0	
趣白全自动洗面奶打泡机感应泡沫机绵密泡沫礼品新品懒人洗脸神器,260415-209568407152781,已发货，退款成功,1	,2026-04-15 18:05:08,	,退款成功,129.0	,169.0	
趣白全自动洗面奶打泡机感应泡沫机绵密泡沫礼品新品懒人洗脸神器,260415-512271337092845,已收货,1	,2026-04-15 17:33:03,	,无售后或售后取消,169.0	,169.0	
趣白全自动洗面奶打泡机感应泡沫机绵密泡沫礼品新品懒人洗脸神器,260415-445791660422480,已收货,1	,2026-04-15 17:17:55,	,无售后或售后取消,160.55	,169.0	
趣白全自动洗面奶打泡机感应泡沫机绵密泡沫礼品新品懒人洗脸神器,260415-285558761803954,已发货，退款成功,1	,2026-04-15 15:12:01,	,退款成功,135.2	,169.0	
趣白全自动洗面奶起泡器感应起泡器泡沫绵密礼品懒人洗脸神器洗护,260415-297418124811816,已收货,2	,2026-04-15 10:08:40,	,无售后或售后取消,311.28	,331.28	
趣白全自动洗面奶起泡器感应起泡器泡沫绵密礼品懒人洗脸神器洗护,260415-609946222933252,已收货,1	,2026-04-15 09:18:30,	,无售后或售后取消,167.31	,167.31	
趣白全自动洗面奶打泡机感应泡沫机绵密泡沫礼品新品懒人洗脸神器,260415-120250775961351,未发货，退款成功,1	,2026-04-15 08:19:02,	,退款成功,169.0	,169.0	
趣白全自动洗面奶起泡器感应起泡器泡沫绵密礼品懒人洗脸神器洗护,260415-671864635703320,已发货，退款成功,1	,2026-04-15 07:18:05,	,退款成功,150.58	,167.31	
趣白全自动洗面奶打泡机感应泡沫机绵密泡沫礼品新品懒人洗脸神器,260414-578142933330715,已发货，退款成功,1	,2026-04-14 22:14:50,	,退款成功,169.0	,169.0	
趣白全自动洗面奶打泡机感应泡沫机绵密泡沫礼品新品懒人洗脸神器,260414-356442509701175,已收货,1	,2026-04-14 20:42:45,	,无售后或售后取消,169.0	,169.0	
趣白全自动洗面奶起泡器感应起泡器泡沫绵密礼品懒人洗脸神器洗护,260414-448266309983533,已发货，退款成功,1	,2026-04-14 19:01:03,	,退款成功,125.49	,167.31	
趣白全自动洗面奶打泡机感应泡沫机绵密泡沫礼品新品懒人洗脸神器,260414-111243445801949,已收货,1	,2026-04-14 17:38:08,	,无售后或售后取消,148.72	,169.0	
趣白全自动洗面奶起泡器感应起泡器泡沫绵密礼品懒人洗脸神器洗护,260414-323968069201558,已取消,1	,	,	,无售后或售后取消,167.31	,167.31	
趣白全自动洗面奶打泡机感应泡沫机绵密泡沫礼品新品懒人洗脸神器,260414-015791604152681,已收货,1	,2026-04-14 14:08:29,	,无售后或售后取消,169.0	,169.0	
趣白全自动洗面奶打泡机感应泡沫机绵密泡沫礼品新品懒人洗脸神器,260414-147671038283467,已收货,1	,2026-04-14 11:40:37,	,无售后或售后取消,166.0	,169.0	
趣白全自动洗面奶起泡器感应起泡器泡沫绵密礼品懒人洗脸神器洗护,260414-226073045311594,已收货,1	,2026-04-14 10:30:01,	,无售后或售后取消,142.22	,167.31	
趣白全自动洗面奶起泡器感应起泡器泡沫绵密礼品懒人洗脸神器洗护,260414-033114110342297,未发货，退款成功,1	,2026-04-14 10:27:30,	,退款成功,133.85	,167.31	
趣白全自动洗面奶打泡机感应泡沫机绵密泡沫礼品新品懒人洗脸神器,260414-676960693793043,已取消,1	,	,	,无售后或售后取消,152.1	,169.0	
趣白全自动洗面奶打泡机感应泡沫机绵密泡沫礼品新品懒人洗脸神器,260414-235447304603329,已收货,2	,2026-04-14 09:01:41,2套洗面奶机,无售后或售后取消,334.62	,334.62	
趣白全自动洗面奶打泡机感应泡沫机绵密泡沫礼品新品懒人洗脸神器,260414-326631493962086,已收货,1	,2026-04-14 08:28:01,	,无售后或售后取消,169.0	,169.0	
趣白全自动洗面奶打泡机感应泡沫机绵密泡沫礼品新品懒人洗脸神器,260414-067968724491234,已收货,1	,2026-04-14 07:00:18,	,无售后或售后取消,141.96	,169.0	
趣白全自动洗面奶打泡机感应泡沫机绵密泡沫礼品新品懒人洗脸神器,260414-590054694483348,已取消,1	,	,	,无售后或售后取消,148.72	,169.0	
趣白全自动洗面奶打泡机感应泡沫机绵密泡沫礼品新品懒人洗脸神器,260414-117776074392394,已收货,1	,2026-04-14 00:08:23,	,无售后或售后取消,121.68	,169.0	
趣白全自动洗面奶打泡机感应泡沫机绵密泡沫礼品新品懒人洗脸神器,260413-461394481561636,未发货，退款成功,1	,2026-04-13 13:29:15,	,退款成功,160.59	,169.0	
趣白全自动洗面奶起泡器感应起泡器泡沫绵密礼品懒人洗脸神器洗护,260413-660267395451842,已收货,1	,2026-04-13 06:46:37,	,无售后或售后取消,117.31	,167.31	
趣白全自动洗面奶打泡机感应泡沫机绵密泡沫礼品新品懒人洗脸神器,260413-510625093224039,已发货，退款成功,1	,2026-04-13 05:45:27,	,退款成功,159.0	,169.0	
趣白全自动洗面奶起泡器感应起泡器泡沫绵密礼品懒人洗脸神器洗护,260413-657929091381343,已取消,1	,	,	,无售后或售后取消,127.31	,147.31	
趣白全自动洗面奶起泡器感应起泡器泡沫绵密礼品懒人洗脸神器洗护,260413-009017781892579,已发货，退款成功,1	,2026-04-13 01:36:15,	,退款成功,167.31	,167.31	
趣白全自动洗面奶起泡器感应起泡器泡沫绵密礼品懒人洗脸神器洗护,260413-283157522852605,已收货，退款成功,1	,2026-04-13 01:04:16,换单,退款成功,127.31	,147.31	
趣白全自动洗面奶起泡器感应起泡器泡沫绵密礼品懒人洗脸神器洗护,260413-603518482830884,已发货，退款成功,1	,2026-04-13 00:27:38,	,退款成功,138.87	,167.31	
趣白全自动洗面奶起泡器感应起泡器泡沫绵密礼品懒人洗脸神器洗护,260412-134364578212156,已发货，退款成功,1	,2026-04-12 22:16:33,	,退款成功,158.95	,167.31	
趣白全自动洗面奶打泡机感应泡沫机绵密泡沫礼品新品懒人洗脸神器,260412-083403773443143,未发货，退款成功,1	,2026-04-12 21:31:22,	,退款成功,126.75	,169.0	
趣白全自动洗面奶打泡机感应泡沫机绵密泡沫礼品新品懒人洗脸神器,260412-680242778443863,未发货，退款成功,1	,2026-04-12 18:35:18,	,退款成功,169.0	,169.0	
趣白全自动洗面奶打泡机感应泡沫机绵密泡沫礼品新品懒人洗脸神器,260412-160274891131189,已收货,1	,2026-04-12 17:36:35,	,无售后或售后取消,145.34	,169.0	
趣白全自动洗面奶打泡机感应泡沫机绵密泡沫礼品新品懒人洗脸神器,260412-190882855310884,未发货，退款成功,1	,2026-04-12 17:27:47,	,退款成功,143.65	,169.0	
趣白全自动洗面奶打泡机感应泡沫机绵密泡沫礼品新品懒人洗脸神器,260412-436459282004045,已收货,1	,2026-04-12 16:40:49,	,无售后或售后取消,169.0	,169.0	
趣白全自动洗面奶起泡器感应起泡器泡沫绵密礼品懒人洗脸神器洗护,260412-230707730032781,已发货，退款成功,1	,2026-04-12 14:43:45,	,退款成功,167.31	,167.31	
趣白全自动洗面奶起泡器感应起泡器泡沫绵密礼品懒人洗脸神器洗护,260412-676918761043445,未发货，退款成功,1	,2026-04-12 14:27:16,	,退款成功,167.31	,167.31	
趣白全自动洗面奶起泡器感应起泡器泡沫绵密礼品懒人洗脸神器洗护,260412-018266263941180,已发货，退款成功,1	,2026-04-12 14:16:02,	,退款成功,167.31	,167.31	
趣白全自动洗面奶打泡机感应泡沫机绵密泡沫礼品新品懒人洗脸神器,260412-260885747242420,已收货,1	,2026-04-12 10:36:24,	,无售后或售后取消,126.75	,169.0	
趣白全自动洗面奶打泡机感应泡沫机绵密泡沫礼品新品懒人洗脸神器,260412-635982343730060,未发货，退款成功,1	,2026-04-12 09:37:49,	,退款成功,155.48	,169.0	
趣白全自动洗面奶起泡器感应起泡器泡沫绵密礼品懒人洗脸神器洗护,260412-051097147021041,已发货，退款成功,1	,2026-04-12 06:38:18,	,退款成功,137.31	,167.31	
趣白全自动洗面奶起泡器感应起泡器泡沫绵密礼品懒人洗脸神器洗护,260412-426560766333136,已发货，退款成功,1	,2026-04-12 00:10:58,	,退款成功,127.31	,147.31	
趣白全自动洗面奶起泡器感应起泡器泡沫绵密礼品懒人洗脸神器洗护,260411-539702147483047,已取消,1	,	,	,无售后或售后取消,167.31	,167.31	
趣白全自动洗面奶打泡机感应泡沫机绵密泡沫礼品新品懒人洗脸神器,260411-454138304092198,已收货,1	,2026-04-11 23:24:58,	,无售后或售后取消,143.65	,169.0	
趣白全自动洗面奶打泡机感应泡沫机绵密泡沫礼品新品懒人洗脸神器,260411-473369157212217,已收货,1	,2026-04-11 22:43:21,	,无售后或售后取消,169.0	,169.0	
趣白全自动洗面奶打泡机感应泡沫机绵密泡沫礼品新品懒人洗脸神器,260411-183794481460254,已发货，退款成功,1	,2026-04-11 20:35:15,	,退款成功,118.3	,169.0	
趣白全自动洗面奶起泡器感应起泡器泡沫绵密礼品懒人洗脸神器洗护,260411-136713388342974,已收货,1	,2026-04-11 18:38:25,	,无售后或售后取消,167.31	,167.31	
趣白全自动洗面奶起泡器感应起泡器泡沫绵密礼品懒人洗脸神器洗护,260411-160222441022370,已发货，退款成功,1	,2026-04-11 17:39:22,	,退款成功,147.24	,167.31	
趣白全自动洗面奶打泡机感应泡沫机绵密泡沫礼品新品懒人洗脸神器,260411-210396844381666,未发货，退款成功,1	,2026-04-11 15:37:29,	,退款成功,159.0	,169.0	
趣白全自动洗面奶起泡器感应起泡器泡沫绵密礼品懒人洗脸神器洗护,260411-471817285241029,已收货,1	,2026-04-11 11:09:51,	,无售后或售后取消,127.31	,147.31	
趣白全自动洗面奶起泡器感应起泡器泡沫绵密礼品懒人洗脸神器洗护,260411-502362345912370,已收货,1	,2026-04-11 10:32:36,	,无售后或售后取消,158.95	,167.31	
趣白全自动洗面奶打泡机感应泡沫机绵密泡沫礼品新品懒人洗脸神器,260411-089527499162756,已发货，退款成功,1	,2026-04-11 09:59:11,	,退款成功,166.0	,169.0	
趣白全自动洗面奶打泡机感应泡沫机绵密泡沫礼品新品懒人洗脸神器,260411-291189573144080,已收货,1	,2026-04-11 08:53:01,	,无售后或售后取消,153.79	,169.0	
趣白全自动洗面奶起泡器感应起泡器泡沫绵密礼品懒人洗脸神器洗护,260411-027011377500192,已发货，退款成功,1	,2026-04-11 08:49:57,	,退款成功,117.31	,167.31	
趣白全自动洗面奶打泡机感应泡沫机绵密泡沫礼品新品懒人洗脸神器,260411-362482265652190,已取消,1	,	,	,无售后或售后取消,169.0	,169.0	
趣白全自动洗面奶打泡机感应泡沫机绵密泡沫礼品新品懒人洗脸神器,260411-198558379542148,已收货,1	,2026-04-11 06:46:05,	,无售后或售后取消,169.0	,169.0	
趣白全自动洗面奶起泡器感应起泡器泡沫绵密礼品懒人洗脸神器洗护,260411-448979289701822,已收货，退款成功,1	,2026-04-11 06:23:13,	,退款成功,127.31	,147.31	
趣白全自动洗面奶打泡机感应泡沫机绵密泡沫礼品新品懒人洗脸神器,260411-574504354123863,已收货,1	,2026-04-11 04:30:02,	,无售后或售后取消,169.0	,169.0	
趣白全自动洗面奶打泡机感应泡沫机绵密泡沫礼品新品懒人洗脸神器,260411-500149808731051,已收货，退款成功,1	,2026-04-11 01:07:59,	,退款成功,135.2	,169.0	
趣白全自动洗面奶打泡机感应泡沫机绵密泡沫礼品新品懒人洗脸神器,260410-114609395204034,未发货，退款成功,1	,2026-04-10 23:03:57,	,退款成功,160.0	,169.0	
趣白全自动洗面奶打泡机感应泡沫机绵密泡沫礼品新品懒人洗脸神器,260410-524833339802756,未发货，退款成功,1	,2026-04-10 20:08:30,	,退款成功,152.1	,169.0	
趣白全自动洗面奶起泡器感应起泡器泡沫绵密礼品懒人洗脸神器洗护,260410-063176753553424,已取消,1	,	,	,无售后或售后取消,127.31	,147.31	
趣白全自动洗面奶起泡器感应起泡器泡沫绵密礼品懒人洗脸神器洗护,260410-258159471023864,已收货，退款成功,1	,2026-04-10 13:44:27,	,退款成功,127.31	,147.31	
趣白全自动洗面奶起泡器感应起泡器泡沫绵密礼品懒人洗脸神器洗护,260410-515102523743461,已发货，退款成功,1	,2026-04-10 11:18:34,	,退款成功,158.95	,167.31	
趣白全自动洗面奶起泡器感应起泡器泡沫绵密礼品懒人洗脸神器洗护,260410-591837325633502,已发货，退款成功,1	,2026-04-10 08:32:46,	,退款成功,164.31	,167.31	
趣白全自动洗面奶打泡机感应泡沫机绵密泡沫礼品新品懒人洗脸神器,260410-435421202062129,已取消,1	,	,	,无售后或售后取消,169.2	,188.0	
趣白全自动洗面奶打泡机感应泡沫机绵密泡沫礼品新品懒人洗脸神器,260410-495913541120902,未发货，退款成功,1	,2026-04-10 01:56:12,	,退款成功,180.76	,188.0	
趣白全自动洗面奶打泡机感应泡沫机绵密泡沫礼品新品懒人洗脸神器,260409-543655226963445,已取消,1	,	,	,无售后或售后取消,188.0	,188.0	
趣白全自动洗面奶起泡器感应起泡器泡沫绵密礼品懒人洗脸神器洗护,260409-157569553970864,已取消,1	,	,	,无售后或售后取消,140.55	,167.31	
趣白全自动洗面奶打泡机感应泡沫机绵密泡沫礼品新品懒人洗脸神器,260409-165119301172363,未发货，退款成功,1	,2026-04-09 19:03:34,	,退款成功,178.65	,188.0	
趣白全自动洗面奶打泡机感应泡沫机绵密泡沫礼品新品懒人洗脸神器,260409-575825548880573,已收货,1	,2026-04-09 17:14:15,	,无售后或售后取消,188.0	,188.0	
趣白全自动洗面奶打泡机感应泡沫机绵密泡沫礼品新品懒人洗脸神器,260409-445885980242018,已收货,1	,2026-04-09 15:28:01,	,无售后或售后取消,188.0	,188.0	
趣白全自动洗面奶起泡器感应起泡器泡沫绵密礼品懒人洗脸神器洗护,260409-207334982030790,已发货，退款成功,1	,2026-04-09 13:30:22,	,退款成功,138.87	,167.31	
趣白全自动洗面奶起泡器感应起泡器泡沫绵密礼品懒人洗脸神器洗护,260409-088353073562026,已发货，退款成功,1	,2026-04-09 11:52:13,	,退款成功,145.56	,167.31	
趣白全自动洗面奶打泡机感应泡沫机绵密泡沫礼品新品懒人洗脸神器,260409-556856820012063,未发货，退款成功,1	,2026-04-09 11:05:34,	,退款成功,159.8	,188.0	
趣白全自动洗面奶起泡器感应起泡器泡沫绵密礼品懒人洗脸神器洗护,260409-649865511262790,已收货,1	,2026-04-09 11:02:21,	,无售后或售后取消,167.31	,167.31	
趣白全自动洗面奶起泡器感应起泡器泡沫绵密礼品懒人洗脸神器洗护,260409-056056932710328,已发货，退款成功,1	,2026-04-09 10:19:24,	,退款成功,125.49	,167.31	
趣白全自动洗面奶打泡机感应泡沫机绵密泡沫礼品新品懒人洗脸神器,260409-244056102511485,已收货,1	,2026-04-09 09:50:23,	,无售后或售后取消,169.2	,188.0	
趣白全自动洗面奶起泡器感应起泡器泡沫绵密礼品懒人洗脸神器洗护,260409-189949612350020,已收货,1	,2026-04-09 09:46:58,	,无售后或售后取消,158.95	,167.31	
趣白全自动洗面奶起泡器感应起泡器泡沫绵密礼品懒人洗脸神器洗护,260409-261577828712217,已发货，退款成功,1	,2026-04-09 08:11:32,	,退款成功,127.31	,147.31	
趣白全自动洗面奶起泡器感应起泡器泡沫绵密礼品懒人洗脸神器洗护,260409-082921470262252,已收货,1	,2026-04-09 08:03:36,	,无售后或售后取消,142.22	,167.31	
趣白全自动洗面奶起泡器感应起泡器泡沫绵密礼品懒人洗脸神器洗护,260409-256628518543366,已发货，退款成功,1	,2026-04-09 01:30:15,	,退款成功,140.27	,169.0	
趣白全自动洗面奶起泡器感应起泡器泡沫绵密礼品懒人洗脸神器洗护,260409-265447022083143,未发货，退款成功,1	,2026-04-09 00:31:30,	,退款成功,140.27	,169.0	
趣白全自动洗面奶打泡机感应泡沫机绵密泡沫礼品新品懒人洗脸神器,260408-158230198671102,已收货,1	,2026-04-08 13:07:41,	,无售后或售后取消,169.0	,169.0	
趣白全自动洗面奶打泡机感应泡沫机绵密泡沫礼品新品懒人洗脸神器,260408-330563633572605,已取消,1	,	,	,无售后或售后取消,143.65	,169.0	
趣白全自动洗面奶打泡机感应泡沫机绵密泡沫礼品新品懒人洗脸神器,260408-472991742292455,已收货,1	,2026-04-08 11:00:01,	,无售后或售后取消,123.37	,169.0	
趣白全自动洗面奶打泡机感应泡沫机绵密泡沫礼品新品懒人洗脸神器,260408-612620091703961,已收货,1	,2026-04-08 10:41:40,	,无售后或售后取消,169.0	,169.0	
趣白全自动洗面奶打泡机感应泡沫机绵密泡沫礼品新品懒人洗脸神器,260408-138894457181943,已取消,1	,	,	,无售后或售后取消,135.2	,169.0	
趣白全自动洗面奶打泡机感应泡沫机绵密泡沫礼品新品懒人洗脸神器,260408-267900762532605,已发货，退款成功,1	,2026-04-08 11:22:54,	,退款成功,135.2	,169.0	
趣白全自动洗面奶打泡机感应泡沫机绵密泡沫礼品新品懒人洗脸神器,260408-564312184453401,已收货,1	,2026-04-08 00:14:36,	,无售后或售后取消,155.48	,169.0	
趣白全自动洗面奶起泡器感应起泡器泡沫绵密礼品懒人洗脸神器洗护,260407-166021108052811,已收货,1	,2026-04-07 23:43:17,	,无售后或售后取消,152.1	,169.0	
趣白全自动洗面奶起泡器感应起泡器泡沫绵密礼品懒人洗脸神器洗护,260407-259312862753001,已发货，退款成功,1	,2026-04-07 23:11:25,	,退款成功,152.1	,169.0	
趣白全自动洗面奶打泡机感应泡沫机绵密泡沫礼品新品懒人洗脸神器,260407-074836907553001,已取消,1	,	,	,无售后或售后取消,160.55	,169.0	
趣白全自动洗面奶打泡机感应泡沫机绵密泡沫礼品新品懒人洗脸神器,260407-391643216201714,已发货，退款成功,1	,2026-04-07 17:18:20,	,退款成功,169.0	,169.0	
趣白全自动皂液器感应皂液器凝胶机洗洁精沐浴露卫生间厨房,260407-091205200292605,已发货，退款成功,1	,2026-04-07 16:02:33,皂液器,退款成功,71.34	,82.0	
趣白全自动洗面奶打泡机感应泡沫机绵密泡沫礼品新品懒人洗脸神器,260407-442079680103277,已收货,1	,2026-04-07 14:34:25,	,无售后或售后取消,135.2	,169.0	
趣白全自动洗面奶打泡机感应泡沫机绵密泡沫礼品新品懒人洗脸神器,260407-320507810231250,未发货，退款成功,1	,2026-04-07 14:21:05,	,退款成功,126.75	,169.0	
趣白全自动洗面奶打泡机感应泡沫机绵密泡沫礼品新品懒人洗脸神器,260407-291231547801401,已收货,1	,2026-04-07 13:34:02,	,无售后或售后取消,135.2	,169.0	
趣白全自动洗面奶起泡器感应起泡器泡沫绵密礼品懒人洗脸神器洗护,260407-679781384582518,已发货，退款成功,1	,2026-04-07 12:11:56,	,退款成功,139.0	,169.0	
趣白全自动洗面奶打泡机感应泡沫机绵密泡沫礼品新品懒人洗脸神器,260407-097874112053605,已收货,1	,2026-04-07 11:17:38,	,无售后或售后取消,126.75	,169.0	
趣白全自动洗面奶打泡机感应泡沫机绵密泡沫礼品新品懒人洗脸神器,260407-240186846813129,已收货,1	,2026-04-07 10:50:19,	,无售后或售后取消,135.2	,169.0	
趣白全自动洗面奶打泡机感应泡沫机绵密泡沫礼品新品懒人洗脸神器,260407-161197658461943,已取消,1	,	,	,无售后或售后取消,169.0	,169.0	
趣白全自动洗面奶起泡器感应起泡器泡沫绵密礼品懒人洗脸神器洗护,260407-575804577282265,已收货，退款成功,1	,2026-04-07 08:13:21,	,退款成功,145.34	,169.0	
趣白全自动洗面奶打泡机感应泡沫机绵密泡沫礼品新品懒人洗脸神器,260407-526049667380107,已取消,1	,	,	,无售后或售后取消,143.65	,169.0	
趣白全自动洗面奶打泡机感应泡沫机绵密泡沫礼品新品懒人洗脸神器,260407-576496658852795,已收货,1	,2026-04-07 07:48:31,	,无售后或售后取消,163.0	,169.0	
趣白全自动洗面奶打泡机感应泡沫机绵密泡沫礼品新品懒人洗脸神器,260407-647789351231857,已取消,1	,	,	,无售后或售后取消,169.0	,169.0	
趣白全自动洗面奶打泡机感应泡沫机绵密泡沫礼品新品懒人洗脸神器,260407-278837399852047,已发货，退款成功,1	,2026-04-07 00:55:22,	,退款成功,131.82	,169.0	
趣白全自动洗面奶打泡机感应泡沫机绵密泡沫礼品新品懒人洗脸神器,260406-503610130852605,已取消,1	,	,	,无售后或售后取消,143.65	,169.0	
趣白全自动洗面奶打泡机感应泡沫机绵密泡沫礼品新品懒人洗脸神器,260406-564930823773677,已发货，退款成功,1	,2026-04-06 21:42:59,	,退款成功,152.1	,169.0	
趣白全自动洗面奶打泡机感应泡沫机绵密泡沫礼品新品懒人洗脸神器,260406-367263803712577,未发货，退款成功,1	,2026-04-06 19:58:25,	,退款成功,169.0	,169.0	
趣白全自动洗面奶打泡机感应泡沫机绵密泡沫礼品新品懒人洗脸神器,260406-310472885773879,已收货,1	,2026-04-06 14:41:40,	,无售后或售后取消,169.0	,169.0	
趣白全自动洗面奶打泡机感应泡沫机绵密泡沫礼品新品懒人洗脸神器,260406-395669675573685,已发货，退款成功,1	,2026-04-06 14:09:17,	,退款成功,152.1	,169.0	
趣白全自动洗面奶打泡机感应泡沫机绵密泡沫礼品新品懒人洗脸神器,260406-429790400810412,已取消,1	,	,	,无售后或售后取消,150.41	,169.0	
趣白全自动洗面奶打泡机感应泡沫机绵密泡沫礼品新品懒人洗脸神器,260406-408147781930412,已取消,1	,	,	,无售后或售后取消,169.0	,169.0	
趣白全自动洗面奶起泡器感应起泡器泡沫绵密礼品懒人洗脸神器洗护,260406-232091850373401,已发货，退款成功,1	,2026-04-06 12:43:22,	,退款成功,160.55	,169.0	
趣白全自动洗面奶起泡器感应起泡器泡沫绵密礼品懒人洗脸神器洗护,260406-593378752943391,未发货，退款成功,1	,2026-04-06 12:00:10,	,退款成功,143.65	,169.0	
趣白全自动洗面奶起泡器感应起泡器泡沫绵密礼品懒人洗脸神器洗护,260406-610208366941174,已发货，退款成功,1	,2026-04-06 09:29:33,	,退款成功,148.72	,169.0	
趣白全自动洗面奶起泡器感应起泡器泡沫绵密礼品懒人洗脸神器洗护,260406-613312140802265,已取消,1	,	,	,无售后或售后取消,145.34	,169.0	
趣白全自动洗面奶打泡机感应泡沫机绵密泡沫礼品新品懒人洗脸神器,260406-418979540503379,已收货，退款成功,1	,2026-04-06 06:39:40,	,退款成功,169.0	,169.0	
趣白全自动洗面奶打泡机感应泡沫机绵密泡沫礼品新品懒人洗脸神器,260406-136042257990604,已发货，退款成功,1	,2026-04-06 01:05:02,	,退款成功,135.2	,169.0	
趣白全自动洗面奶打泡机感应泡沫机绵密泡沫礼品新品懒人洗脸神器,260405-006543142402265,已取消,1	,	,	,无售后或售后取消,143.65	,169.0	
趣白全自动洗面奶打泡机感应泡沫机绵密泡沫礼品新品懒人洗脸神器,260405-131722155670557,已取消,1	,	,	,无售后或售后取消,169.0	,169.0	
趣白全自动洗面奶打泡机感应泡沫机绵密泡沫礼品新品懒人洗脸神器,260405-675209623950344,已收货,1	,2026-04-05 15:35:16,	,无售后或售后取消,167.54	,169.0	
趣白全自动洗面奶打泡机感应泡沫机绵密泡沫礼品新品懒人洗脸神器,260405-258379650651690,已取消,1	,	,	,无售后或售后取消,169.0	,169.0	
趣白全自动洗面奶打泡机感应泡沫机绵密泡沫礼品新品懒人洗脸神器,260405-486979704320410,已收货，退款成功,1	,2026-04-05 11:13:05,	,退款成功,169.0	,169.0	
趣白全自动洗面奶打泡机感应泡沫机绵密泡沫礼品新品懒人洗脸神器,260405-634944274772811,已发货，退款成功,1	,2026-04-05 11:12:15,	,退款成功,169.0	,169.0	
趣白全自动洗面奶起泡器感应起泡器泡沫绵密礼品懒人洗脸神器洗护,260405-668362402220979,未发货，退款成功,1	,2026-04-05 10:10:15,	,退款成功,149.4	,166.0	
趣白全自动洗面奶打泡机感应泡沫机绵密泡沫礼品新品懒人洗脸神器,260405-019650363812605,已取消,1	,	,	,无售后或售后取消,152.1	,169.0	
趣白全自动洗面奶打泡机感应泡沫机绵密泡沫礼品新品懒人洗脸神器,260405-466217910560693,已取消,1	,	,	,无售后或售后取消,169.0	,169.0	
趣白全自动洗面奶打泡机感应泡沫机绵密泡沫礼品新品懒人洗脸神器,260405-333027765793434,已取消,1	,	,	,无售后或售后取消,135.2	,169.0	
趣白全自动洗面奶打泡机感应泡沫机绵密泡沫礼品新品懒人洗脸神器,260404-256450240011869,已收货,1	,2026-04-04 16:25:24,	,无售后或售后取消,169.0	,169.0	
趣白全自动洗面奶打泡机感应泡沫机绵密泡沫礼品新品懒人洗脸神器,260404-664975470133285,已收货,1	,2026-04-04 15:41:56,	,无售后或售后取消,169.0	,169.0	
趣白全自动洗面奶打泡机感应泡沫机绵密泡沫礼品新品懒人洗脸神器,260404-305701917100979,已发货，退款成功,1	,2026-04-04 15:16:27,	,退款成功,152.1	,169.0	
趣白全自动洗面奶打泡机感应泡沫机绵密泡沫礼品新品懒人洗脸神器,260404-257991698721248,已发货，退款成功,1	,2026-04-04 14:26:27,	,退款成功,155.48	,169.0	
趣白全自动洗面奶打泡机感应泡沫机绵密泡沫礼品新品懒人洗脸神器,260404-662123374983358,已收货,1	,2026-04-04 12:17:01,	,无售后或售后取消,169.0	,169.0	
趣白全自动洗面奶打泡机感应泡沫机绵密泡沫礼品新品懒人洗脸神器,260404-448339700012255,已发货，退款成功,1	,2026-04-04 10:28:41,	,退款成功,169.0	,169.0	
趣白全自动洗面奶打泡机感应泡沫机绵密泡沫礼品新品懒人洗脸神器,260404-000587272492255,已收货，退款成功,1	,2026-04-04 12:12:19,	,退款成功,169.0	,169.0	
趣白全自动洗面奶打泡机感应泡沫机绵密泡沫礼品新品懒人洗脸神器,260403-243437463980519,已收货,1	,2026-04-03 15:08:23,	,无售后或售后取消,160.55	,169.0	
趣白全自动洗面奶打泡机感应泡沫机绵密泡沫礼品新品懒人洗脸神器,260402-657226525063029,未发货，退款成功,1	,2026-04-02 16:38:51,	,退款成功,132.8	,166.0	
趣白全自动洗面奶打泡机感应泡沫机绵密泡沫礼品新品懒人洗脸神器,260402-055501145601756,已收货,4	,2026-04-02 13:51:50,	,无售后或售后取消,661.0	,676.0	
趣白全自动皂液器感应皂液器凝胶机洗洁精沐浴露卫生间厨房,260402-560243699260085,已收货,4	,2026-04-02 13:45:14,	,无售后或售后取消,340.0	,340.0	
趣白全自动皂液器感应皂液器凝胶机洗洁精沐浴露卫生间厨房,260402-652602273292358,已收货,6	,2026-04-02 13:36:51,	,无售后或售后取消,510.0	,510.0	
趣白全自动皂液器感应皂液器凝胶机洗洁精沐浴露卫生间厨房,260402-207282563362332,已收货,5	,2026-04-02 13:26:02,	,无售后或售后取消,425.0	,425.0	
趣白全自动皂液器感应皂液器凝胶机洗洁精沐浴露卫生间厨房,260402-287530042951667,已收货,5	,2026-04-02 13:22:34,	,无售后或售后取消,425.0	,425.0	
趣白全自动洗面奶打泡机感应泡沫机绵密泡沫礼品新品懒人洗脸神器,260402-218019939872054,已收货,6	,2026-04-02 13:07:37,	,无售后或售后取消,1014.0	,1014.0	
趣白全自动洗面奶打泡机感应泡沫机绵密泡沫礼品新品懒人洗脸神器,260402-420321728032054,已取消,6	,	,	,无售后或售后取消,1014.0	,1014.0	
趣白全自动洗面奶打泡机感应泡沫机绵密泡沫礼品新品懒人洗脸神器,260402-127685127800513,已收货,5	,2026-04-02 12:43:48,	,无售后或售后取消,842.0	,842.0	
趣白全自动洗面奶打泡机感应泡沫机绵密泡沫礼品新品懒人洗脸神器,260402-037832702312761,已收货,5	,2026-04-02 11:56:37,	,无售后或售后取消,845.0	,845.0	
趣白全自动洗面奶打泡机感应泡沫机绵密泡沫礼品新品懒人洗脸神器,260402-187527339672260,已收货,1	,2026-04-02 11:54:21,	,无售后或售后取消,166.0	,166.0	
趣白全自动洗面奶打泡机感应泡沫机绵密泡沫礼品新品懒人洗脸神器,260402-094004887900391,已取消,30	,	,	,无售后或售后取消,5370.0	,5370.0	
趣白全自动洗面奶打泡机感应泡沫机绵密泡沫礼品新品懒人洗脸神器,260401-099090460253936,已收货,1	,2026-04-01 14:20:06,	,无售后或售后取消,169.0	,169.0	
趣白全自动洗面奶打泡机感应泡沫机绵密泡沫礼品新品懒人洗脸神器,260401-264387970653936,已取消,1	,	,	,无售后或售后取消,169.0	,169.0	
趣白全自动洗面奶打泡机感应泡沫机绵密泡沫礼品新品懒人洗脸神器,260401-207282531841756,已收货,1	,2026-04-01 13:50:58,	,无售后或售后取消,164.0	,169.0	
趣白全自动洗面奶打泡机感应泡沫机绵密泡沫礼品新品懒人洗脸神器,260401-289081955880460,已收货,1	,2026-04-01 13:35:22,	,无售后或售后取消,169.0	,169.0	
趣白全自动洗面奶打泡机感应泡沫机绵密泡沫礼品新品懒人洗脸神器,260401-256534126133911,已收货,1	,2026-04-01 13:31:41,	,无售后或售后取消,169.0	,169.0	
趣白全自动洗面奶打泡机感应泡沫机绵密泡沫礼品新品懒人洗脸神器,260401-440779456873969,已收货,1	,2026-04-01 13:31:13,	,无售后或售后取消,169.0	,169.0	
趣白全自动洗面奶打泡机感应泡沫机绵密泡沫礼品新品懒人洗脸神器,260401-240511957312526,已收货,1	,2026-04-01 13:26:13,	,无售后或售后取消,169.0	,169.0	
趣白全自动洗面奶打泡机感应泡沫机绵密泡沫礼品新品懒人洗脸神器,260401-185860113992535,已收货,1	,2026-04-01 13:20:52,	,无售后或售后取消,169.0	,169.0	
趣白全自动洗面奶打泡机感应泡沫机绵密泡沫礼品新品懒人洗脸神器,260401-196209621331722,已收货,1	,2026-04-01 13:04:54,	,无售后或售后取消,169.0	,169.0	
趣白全自动洗面奶打泡机感应泡沫机绵密泡沫礼品新品懒人洗脸神器,260401-455260249671667,已收货,1	,2026-04-01 12:59:54,	,无售后或售后取消,169.0	,169.0	
趣白全自动洗面奶打泡机感应泡沫机绵密泡沫礼品新品懒人洗脸神器,260401-256125243711481,已收货,1	,2026-04-01 12:57:18,发现货,无售后或售后取消,169.0	,169.0	
趣白全自动洗面奶打泡机感应泡沫机绵密泡沫礼品新品懒人洗脸神器,260401-035368496641538,已收货,1	,2026-04-01 12:55:57,	,无售后或售后取消,169.0	,169.0	